ref_sample,ref_time,dp_group,top1_group,top1_clip,top1_source_time,top1_score,top2_group,top2_clip,top2_source_time,top2_score,top3_group,top3_clip,top3_source_time,top3_score,top4_group,top4_clip,top4_source_time,top4_score,top5_group,top5_clip,top5_source_time,top5_score,score_YOSHINO,score_SAKURI,score_TSUKUYOMI,score_MOMIJI,score_SETSUKA,score_MAGIC
0,0.0,PRE,MOMIJI,E _ one continuous four-second closing take from the exact s.mp4,2.0,0.2418222874403,MOMIJI,E _ one continuous four-second closing take from the exact s.mp4,1.5,0.22347736358642578,MOMIJI,Repair only the causal arm-to-sleeve pose at this anchor fra.mp4,3.25,0.17078252136707306,MOMIJI,Repair only the sleeve-sweep physics in this exact shot. At_.mp4,3.25,0.15929897129535675,SAKURI,Create one continuous cinematic transition shot connecting t.mp4,1.75,0.14887699484825134,0.08822451531887054,0.14887699484825134,0.10458250343799591,0.2418222874403,0.14272481203079224,0.1195574477314949
1,0.25004544854164124,PRE,MOMIJI,C1 _ one continuous four-second intimate portrait take from.mp4,1.5,0.37280136346817017,MAGIC,Create one continuous five-second repair shot for the look-b.mp4,1.5,0.36359238624572754,TSUKUYOMI,Create one continuous 4-second cinematic transition using th.mp4,2.0,0.36214354634284973,MAGIC,Create one continuous five-second repair shot for the look-b.mp4,1.25,0.3607212007045746,MOMIJI,C1 _ one continuous four-second intimate portrait take from.mp4,1.25,0.35924631357192993,0.2718953788280487,0.21210265159606934,0.36214354634284973,0.37280136346817017,0.28502511978149414,0.36359238624572754
2,0.5000908970832825,PRE,MOMIJI,C1 _ one continuous four-second intimate portrait take from.mp4,1.5,0.3988518714904785,MOMIJI,C1 _ one continuous four-second intimate portrait take from.mp4,1.75,0.3844257891178131,MAGIC,Create one continuous five-second repair shot for the look-b.mp4,1.25,0.38410982489585876,MAGIC,Create one continuous five-second repair shot for the look-b.mp4,0.75,0.38199424743652344,MAGIC,Create one continuous five-second repair shot for the look-b.mp4,1.5,0.381854772567749,0.28297898173332214,0.22362031042575836,0.362553209066391,0.3988518714904785,0.27993714809417725,0.38410982489585876
3,0.7501363754272461,PRE,MOMIJI,C1 _ one continuous four-second intimate portrait take from.mp4,1.75,0.38858023285865784,MOMIJI,C1 _ one continuous four-second intimate portrait take from.mp4,1.5,0.3860641121864319,MAGIC,Create one continuous five-second repair shot for the look-b.mp4,1.25,0.3690539598464966,MAGIC,Create one continuous 4-second cinematic ending transition s.mp4,2.0,0.3686104118824005,MAGIC,Create one continuous five-second repair shot for the look-b.mp4,1.5,0.3674624264240265,0.27683398127555847,0.23892828822135925,0.3185803294181824,0.38858023285865784,0.30313849449157715,0.3690539598464966
4,1.000181794166565,PRE,MOMIJI,"Repair only the smoking gesture. At the anchor frame, move t.mp4",3.5,0.38068127632141113,MAGIC,Create one continuous 4-second cinematic ending transition s.mp4,2.0,0.37861549854278564,MOMIJI,C2 _ one continuous four-second intimate take from the exact.mp4,1.75,0.357571005821228,MOMIJI,Merge the two separate smoke bursts into one single continuo.mp4,1.0,0.35612037777900696,MAGIC,Create one continuous five-second repair shot for the look-b.mp4,0.75,0.35355067253112793,0.2793189585208893,0.28292903304100037,0.29812997579574585,0.38068127632141113,0.29737764596939087,0.37861549854278564
5,1.2502273321151733,PRE,MOMIJI,"Repair only the smoking gesture. At the anchor frame, move t.mp4",3.5,0.42409658432006836,MOMIJI,Merge the two separate smoke bursts into one single continuo.mp4,1.0,0.39687734842300415,MOMIJI,"Repair only the smoking gesture. At the anchor frame, move t.mp4",1.0,0.3873331546783447,MOMIJI,Merge the two separate smoke bursts into one single continuo.mp4,3.5,0.3872162997722626,MOMIJI,C2 _ one continuous four-second intimate take from the exact.mp4,1.75,0.38720521330833435,0.274899959564209,0.33058977127075195,0.29160991311073303,0.42409658432006836,0.3291661739349365,0.37933284044265747
6,1.5002727508544922,PRE,MOMIJI,"Repair only the smoking gesture. At the anchor frame, move t.mp4",3.5,0.44917425513267517,MOMIJI,Merge the two separate smoke bursts into one single continuo.mp4,3.5,0.41474395990371704,MOMIJI,Merge the two separate smoke bursts into one single continuo.mp4,1.0,0.412699818611145,MOMIJI,"Repair only the smoking gesture. At the anchor frame, move t.mp4",1.0,0.4035576283931732,MOMIJI,C2 _ one continuous four-second intimate take from the exact.mp4,1.75,0.39643752574920654,0.29205238819122314,0.33935055136680603,0.32559385895729065,0.44917425513267517,0.3443266451358795,0.37544119358062744
7,1.7503182888031006,PRE,MOMIJI,"Repair only the smoking gesture. At the anchor frame, move t.mp4",3.5,0.44705697894096375,MOMIJI,Merge the two separate smoke bursts into one single continuo.mp4,1.0,0.4331594407558441,MOMIJI,"Repair only the smoking gesture. At the anchor frame, move t.mp4",1.0,0.42357882857322693,MOMIJI,Merge the two separate smoke bursts into one single continuo.mp4,3.5,0.4120790362358093,MOMIJI,C2 _ one continuous four-second intimate take from the exact.mp4,1.75,0.40560799837112427,0.32431015372276306,0.3324783444404602,0.33344587683677673,0.44705697894096375,0.35441070795059204,0.4030008614063263
8,2.00036358833313,PRE,MOMIJI,"Repair only the smoking gesture. At the anchor frame, move t.mp4",3.5,0.4693449139595032,MOMIJI,Merge the two separate smoke bursts into one single continuo.mp4,3.5,0.4371195435523987,MAGIC,One continuous five-second portrait shot from the supplied m.mp4,4.0,0.4144755005836487,MAGIC,Create one continuous 4-second cinematic ending transition s.mp4,1.75,0.41284477710723877,MOMIJI,C2 _ one continuous four-second intimate take from the exact.mp4,2.25,0.41260045766830444,0.3239339292049408,0.32413193583488464,0.3905661404132843,0.4693449139595032,0.3658864200115204,0.4144755005836487
9,2.2504091262817383,PRE,MOMIJI,"Repair only the smoking gesture. At the anchor frame, move t.mp4",3.5,0.42870572209358215,MAGIC,One continuous five-second portrait shot from the supplied m.mp4,4.0,0.4270414710044861,MAGIC,One continuous five-second portrait shot from the supplied m.mp4,4.25,0.40323516726493835,MOMIJI,Merge the two separate smoke bursts into one single continuo.mp4,3.5,0.40286266803741455,MOMIJI,"Repair only the smoking gesture. At the anchor frame, move t.mp4",4.25,0.400561660528183,0.32757052779197693,0.3530043363571167,0.38971567153930664,0.42870572209358215,0.39257651567459106,0.4270414710044861
10,2.5004546642303467,PRE,MAGIC,One continuous five-second portrait shot from the supplied m.mp4,4.0,0.43268370628356934,MAGIC,One continuous five-second portrait shot from the supplied m.mp4,4.25,0.41207006573677063,MOMIJI,"Repair only the smoking gesture. At the anchor frame, move t.mp4",3.5,0.40528157353401184,MOMIJI,"Repair only the smoking gesture. At the anchor frame, move t.mp4",1.75,0.3987215459346771,MOMIJI,Merge the two separate smoke bursts into one single continuo.mp4,1.75,0.3967665433883667,0.3354049026966095,0.37078070640563965,0.38531494140625,0.40528157353401184,0.39328449964523315,0.43268370628356934
11,2.750500202178955,PRE,MAGIC,One continuous five-second portrait shot from the supplied m.mp4,4.0,0.45587676763534546,MAGIC,One continuous five-second portrait shot from the supplied m.mp4,4.25,0.43764352798461914,TSUKUYOMI,Create one continuous 4-second cinematic transition using th (1).mp4,1.5,0.40732336044311523,MAGIC,One continuous five-second portrait shot from the supplied m.mp4,4.5,0.404451459646225,MAGIC,One continuous five-second portrait shot from the supplied m.mp4,3.75,0.4037264585494995,0.3434985876083374,0.37225574254989624,0.40732336044311523,0.4010784924030304,0.3853169083595276,0.45587676763534546
12,3.0005455017089844,PRE,TSUKUYOMI,Create one continuous 4-second cinematic transition using th.mp4,2.25,0.42043665051460266,MAGIC,One continuous five-second portrait shot from the supplied m.mp4,4.75,0.4201505184173584,MAGIC,One continuous five-second portrait shot from the supplied m.mp4,4.5,0.41201692819595337,MAGIC,One continuous five-second portrait shot from the supplied m.mp4,5.0,0.4094700515270233,MAGIC,One continuous five-second portrait shot from the supplied m.mp4,4.25,0.4072047472000122,0.3135625422000885,0.25237658619880676,0.42043665051460266,0.3058794438838959,0.20408475399017334,0.4201505184173584
13,3.2505910396575928,PRE,MAGIC,One continuous five-second portrait shot from the supplied m.mp4,4.25,0.3291313946247101,SAKURI,Single continuous 4-second closing take_ Begin exactly at th.mp4,1.5,0.3055139183998108,MAGIC,One continuous five-second portrait shot from the supplied m.mp4,4.0,0.30335861444473267,SAKURI,SAKURI_NO_NAMEPLATE_SAFE_MASTER_1080P48.mp4,25.25,0.30106282234191895,MAGIC,One continuous five-second portrait shot from the supplied m.mp4,5.0,0.2957718074321747,0.22714665532112122,0.3055139183998108,0.2886488735675812,0.23160207271575928,0.24329254031181335,0.3291313946247101
14,3.500636577606201,PRE,MAGIC,Create one continuous 4-second cinematic ending transition s.mp4,2.0,0.3346778452396393,SETSUKA,Use the supplied source clip as the exact motion base and pr.mp4,1.5,0.30716392397880554,SETSUKA,Single continuous five-second opening shot using the supplie.mp4,1.5,0.30254966020584106,SETSUKA,Use the supplied source clip as the exact motion base and pr.mp4,1.25,0.2966468334197998,TSUKUYOMI,Create one continuous 4-second cinematic transition between.mp4,3.25,0.29514026641845703,0.2804885804653168,0.24318648874759674,0.29514026641845703,0.23212991654872894,0.30716392397880554,0.3346778452396393
15,3.7506818771362305,PRE,SETSUKA,Use the supplied source clip as the exact motion base and pr.mp4,1.5,0.34463179111480713,SETSUKA,Single continuous five-second opening shot using the supplie.mp4,1.5,0.3381388485431671,SETSUKA,Use the supplied source clip as the exact motion base and pr.mp4,1.25,0.32265380024909973,SETSUKA,Create one continuous cinematic 4-second transition using th.mp4,3.25,0.3191959261894226,TSUKUYOMI,Create one continuous 4-second cinematic transition between.mp4,3.25,0.3188880681991577,0.28244727849960327,0.22913146018981934,0.3188880681991577,0.25233662128448486,0.34463179111480713,0.26301994919776917
16,4.00072717666626,PRE,SETSUKA,Use the supplied source clip as the exact motion base and pr.mp4,0.75,0.44149577617645264,SETSUKA,Single continuous five-second opening shot using the supplie.mp4,0.75,0.43712693452835083,SETSUKA,Use the supplied source clip as the exact motion base and pr.mp4,1.0,0.43508613109588623,SETSUKA,Create a seamless transition from the supplied snowy forest.mp4,3.25,0.4317021369934082,SETSUKA,Single continuous five-second opening shot using the supplie.mp4,1.0,0.426717072725296,0.12866918742656708,0.20762859284877777,0.3598096966743469,0.3782704174518585,0.44149577617645264,0.24163897335529327
17,4.250772953033447,PRE,SETSUKA,Create one continuous cinematic 4-second transition using th.mp4,3.0,0.442536860704422,SETSUKA,Use the supplied source clip as the exact motion base and pr.mp4,0.75,0.4343605637550354,SETSUKA,Single continuous five-second opening shot using the supplie.mp4,0.75,0.42949438095092773,SETSUKA,Create a seamless transition from the supplied snowy forest.mp4,3.25,0.4277261197566986,SETSUKA,Use the supplied source clip as the exact motion base and pr.mp4,1.0,0.42597848176956177,0.13788378238677979,0.18504813313484192,0.32991063594818115,0.36552441120147705,0.442536860704422,0.24639499187469482
18,4.500818252563477,PRE,SETSUKA,Use the supplied source clip as the exact motion base and pr.mp4,0.75,0.42833980917930603,SETSUKA,Create one continuous cinematic 4-second transition using th.mp4,3.0,0.4226231575012207,SETSUKA,Single continuous five-second opening shot using the supplie.mp4,0.75,0.42188704013824463,SETSUKA,Use the supplied source clip as the exact motion base and pr.mp4,1.0,0.41658473014831543,SETSUKA,Single continuous five-second opening shot using the supplie.mp4,1.0,0.40852487087249756,0.16730016469955444,0.16369827091693878,0.3235679864883423,0.31899258494377136,0.42833980917930603,0.22775664925575256
19,4.750864028930664,PRE,SETSUKA,Use the supplied source clip as the exact motion base and pr.mp4,0.75,0.4116925895214081,SETSUKA,Single continuous five-second opening shot using the supplie.mp4,0.75,0.40337181091308594,SETSUKA,Use the supplied source clip as the exact motion base and pr.mp4,1.0,0.39741250872612,SETSUKA,Single continuous five-second opening shot using the supplie.mp4,1.0,0.39026886224746704,SETSUKA,Create one continuous cinematic 4-second transition using th.mp4,3.0,0.388716459274292,0.17674139142036438,0.2065940797328949,0.30039915442466736,0.277180016040802,0.4116925895214081,0.2129540741443634
20,5.000909328460693,PRE,SETSUKA,Create one continuous cinematic 4-second transition using th.mp4,3.0,0.35993027687072754,SETSUKA,Use the supplied source clip as the exact motion base and pr.mp4,0.75,0.34651148319244385,SETSUKA,Single continuous five-second opening shot using the supplie.mp4,0.75,0.3382973074913025,SETSUKA,Use the supplied source clip as the exact motion base and pr.mp4,1.0,0.3230087161064148,SETSUKA,Single continuous five-second opening shot using the supplie.mp4,1.0,0.31647786498069763,0.23752279579639435,0.24138620495796204,0.314678430557251,0.2713211178779602,0.35993027687072754,0.2094929814338684
21,5.250954627990723,PRE,SETSUKA,Create one continuous cinematic 4-second transition using th.mp4,3.25,0.3424052894115448,TSUKUYOMI,Create one continuous 4-second cinematic transition between.mp4,3.0,0.3303326666355133,SETSUKA,Use the supplied source clip as the exact motion base and pr.mp4,0.75,0.32937073707580566,SETSUKA,Single continuous five-second opening shot using the supplie.mp4,0.75,0.32179659605026245,SETSUKA,Use the supplied source clip as the exact motion base and pr.mp4,1.0,0.3096092939376831,0.24176520109176636,0.2918476462364197,0.3303326666355133,0.27295011281967163,0.3424052894115448,0.20327985286712646
22,5.50100040435791,PRE,TSUKUYOMI,Create one continuous 4-second cinematic transition between.mp4,4.0,0.13012270629405975,TSUKUYOMI,Create one continuous 4-second cinematic transition between.mp4,3.75,0.12482885271310806,TSUKUYOMI,Create one continuous 4-second cinematic transition between.mp4,3.5,0.12185569852590561,TSUKUYOMI,Single continuous cinematic shot from the supplied start fra (1).mp4,2.0,0.12051402777433395,TSUKUYOMI,Create one continuous 4-second cinematic transition between.mp4,3.25,0.12005538493394852,0.03862248733639717,0.04586459696292877,0.13012270629405975,0.07449829578399658,0.05789748951792717,0.06443247199058533
23,5.7510457038879395,PRE,MOMIJI,TURN D2 _ one continuous five-second full-body continuation.mp4,2.0,0.30056244134902954,MOMIJI,Edit this exact 9_5-second rotation shot while preserving th.mp4,6.25,0.3000956177711487,YOSHINO,ONE continuous seamless cinematic shot_ never montage_ cross.mp4,2.25,0.29300230741500854,MOMIJI,Edit this exact 9_5-second rotation shot while preserving th.mp4,6.5,0.2896465063095093,YOSHINO,agent_generate_video_edit - Camera pushes forward while arcing toward the front-right of….mp4,2.25,0.28853973746299744,0.29300230741500854,0.270825058221817,0.25422075390815735,0.30056244134902954,0.1675553023815155,0.19080176949501038
24,6.001091003417969,PRE,MOMIJI,C1 _ one continuous four-second intimate portrait take from.mp4,3.5,0.3372710347175598,YOSHINO,ONE continuous seamless cinematic shot_ never montage_ cross.mp4,2.25,0.33174780011177063,MOMIJI,"Repair only the smoking gesture. At the anchor frame, move t.mp4",0.0,0.32628387212753296,MOMIJI,C2 _ one continuous four-second intimate take from the exact.mp4,0.75,0.3245924115180969,MOMIJI,Merge the two separate smoke bursts into one single continuo.mp4,0.0,0.32413583993911743,0.33174780011177063,0.2763637900352478,0.29294562339782715,0.3372710347175598,0.1852521002292633,0.2250363826751709
25,6.251136779785156,PRE,MOMIJI,C1 _ one continuous four-second intimate portrait take from.mp4,3.5,0.3432431221008301,MOMIJI,"Repair only the smoking gesture. At the anchor frame, move t.mp4",0.0,0.34138089418411255,MOMIJI,Merge the two separate smoke bursts into one single continuo.mp4,0.0,0.3401371240615845,MOMIJI,C2 _ one continuous four-second intimate take from the exact.mp4,0.75,0.33857959508895874,YOSHINO,ONE continuous seamless cinematic shot_ never montage_ cross.mp4,2.25,0.3348046541213989,0.3348046541213989,0.26740679144859314,0.2949084937572479,0.3432431221008301,0.1985315978527069,0.23224221169948578
26,6.5011820793151855,PRE,MOMIJI,C1 _ one continuous four-second intimate portrait take from.mp4,3.5,0.3522174656391144,MOMIJI,"Repair only the smoking gesture. At the anchor frame, move t.mp4",0.0,0.3515029549598694,MOMIJI,Merge the two separate smoke bursts into one single continuo.mp4,0.0,0.3501310348510742,MOMIJI,C2 _ one continuous four-second intimate take from the exact.mp4,0.75,0.34937289357185364,MOMIJI,C1 _ one continuous four-second intimate portrait take from.mp4,3.75,0.3478093147277832,0.3358740210533142,0.26169130206108093,0.29835787415504456,0.3522174656391144,0.20856979489326477,0.23042236268520355
27,6.751227378845215,PRE,MOMIJI,"Repair only the smoking gesture. At the anchor frame, move t.mp4",0.0,0.35509833693504333,MOMIJI,Merge the two separate smoke bursts into one single continuo.mp4,0.0,0.3540702164173126,MOMIJI,C2 _ one continuous four-second intimate take from the exact.mp4,0.75,0.35223788022994995,MOMIJI,C1 _ one continuous four-second intimate portrait take from.mp4,3.75,0.3502255082130432,MOMIJI,C1 _ one continuous four-second intimate portrait take from.mp4,3.5,0.35005438327789307,0.3363249897956848,0.24343982338905334,0.2964203953742981,0.35509833693504333,0.2350464165210724,0.2322821170091629
28,7.001273155212402,PRE,MOMIJI,"Repair only the smoking gesture. At the anchor frame, move t.mp4",0.0,0.3531859517097473,MOMIJI,Merge the two separate smoke bursts into one single continuo.mp4,0.0,0.352522611618042,MOMIJI,C2 _ one continuous four-second intimate take from the exact.mp4,1.0,0.3493882417678833,MOMIJI,"Repair only the smoking gesture. At the anchor frame, move t.mp4",0.5,0.3444065749645233,MOMIJI,Merge the two separate smoke bursts into one single continuo.mp4,0.5,0.3437816798686981,0.32414430379867554,0.239073246717453,0.28453493118286133,0.3531859517097473,0.25589311122894287,0.23923727869987488
29,7.251318454742432,PRE,MOMIJI,C2 _ one continuous four-second intimate take from the exact.mp4,1.0,0.36458835005760193,MOMIJI,"Repair only the smoking gesture. At the anchor frame, move t.mp4",0.25,0.34877049922943115,MOMIJI,"Repair only the smoking gesture. At the anchor frame, move t.mp4",0.5,0.3486224412918091,MOMIJI,Merge the two separate smoke bursts into one single continuo.mp4,0.5,0.34836891293525696,MOMIJI,Merge the two separate smoke bursts into one single continuo.mp4,0.25,0.3480782210826874,0.3171822428703308,0.2409587949514389,0.274982750415802,0.36458835005760193,0.2808670401573181,0.23629364371299744
30,7.501363754272461,PRE,MOMIJI,C2 _ one continuous four-second intimate take from the exact.mp4,1.0,0.3731011152267456,MOMIJI,"Repair only the smoking gesture. At the anchor frame, move t.mp4",0.5,0.3584930896759033,MOMIJI,Merge the two separate smoke bursts into one single continuo.mp4,0.5,0.35689789056777954,MOMIJI,"Repair only the smoking gesture. At the anchor frame, move t.mp4",0.0,0.3540593683719635,MOMIJI,"Repair only the smoking gesture. At the anchor frame, move t.mp4",0.25,0.35271334648132324,0.30719083547592163,0.24574445188045502,0.27413177490234375,0.3731011152267456,0.292898029088974,0.24285700917243958
31,7.751409530639648,PRE,MOMIJI,"Repair only the smoking gesture. At the anchor frame, move t.mp4",0.5,0.36385035514831543,MOMIJI,C2 _ one continuous four-second intimate take from the exact.mp4,1.0,0.3630251884460449,MOMIJI,C2 _ one continuous four-second intimate take from the exact.mp4,1.25,0.3625575006008148,MOMIJI,Merge the two separate smoke bursts into one single continuo.mp4,0.5,0.36168810725212097,MOMIJI,"Repair only the smoking gesture. At the anchor frame, move t.mp4",0.0,0.3613584637641907,0.3108503222465515,0.26243236660957336,0.2810280919075012,0.36385035514831543,0.30212849378585815,0.2586098611354828
32,8.00145435333252,PRE,MOMIJI,C1 _ one continuous four-second intimate portrait take from.mp4,3.0,0.3406035602092743,MOMIJI,"Repair only the smoking gesture. At the anchor frame, move t.mp4",0.5,0.3386966288089752,MOMIJI,Merge the two separate smoke bursts into one single continuo.mp4,0.75,0.3385167121887207,MOMIJI,C1 _ one continuous four-second intimate portrait take from.mp4,2.75,0.3379771113395691,MOMIJI,Merge the two separate smoke bursts into one single continuo.mp4,0.5,0.33754023909568787,0.3005787134170532,0.2327665388584137,0.27843594551086426,0.3406035602092743,0.2906884551048279,0.2918144762516022
33,8.251500129699707,PRE,MOMIJI,E _ one continuous four-second closing take from the exact s.mp4,2.0,0.2418222874403,MOMIJI,E _ one continuous four-second closing take from the exact s.mp4,1.5,0.22347736358642578,MOMIJI,Repair only the causal arm-to-sleeve pose at this anchor fra.mp4,3.25,0.17078252136707306,MOMIJI,Repair only the sleeve-sweep physics in this exact shot. At_.mp4,3.25,0.15929897129535675,SAKURI,Create one continuous cinematic transition shot connecting t.mp4,1.75,0.14887699484825134,0.08822451531887054,0.14887699484825134,0.10458250343799591,0.2418222874403,0.14272481203079224,0.1195574477314949
34,8.501545906066895,PRE,TSUKUYOMI,Create one continuous 4-second cinematic transition using th (1).mp4,1.75,0.4245489239692688,MAGIC,Create one continuous 4-second cinematic ending transition s.mp4,1.5,0.4088529348373413,MAGIC,Create one continuous 4-second cinematic ending transition s.mp4,1.75,0.39556097984313965,MAGIC,Create one continuous 4-second cinematic ending transition s.mp4,1.25,0.3857472538948059,TSUKUYOMI,Create one continuous 4-second cinematic transition using th (1).mp4,2.25,0.37860581278800964,0.37147969007492065,0.23955516517162323,0.4245489239692688,0.3290332853794098,0.30570244789123535,0.4088529348373413
35,8.751590728759766,PRE,MOMIJI,"Repair only the smoking gesture. At the anchor frame, move t.mp4",1.25,0.3821149468421936,MAGIC,Create one continuous 4-second cinematic ending transition s.mp4,1.75,0.3819880187511444,TSUKUYOMI,Create one continuous 4-second cinematic transition using th (1).mp4,1.75,0.3798626959323883,MAGIC,Create one continuous 4-second cinematic ending transition s.mp4,1.5,0.3770519495010376,MOMIJI,Merge the two separate smoke bursts into one single continuo.mp4,1.25,0.3763091564178467,0.3016951382160187,0.28303250670433044,0.3798626959323883,0.3821149468421936,0.273495078086853,0.3819880187511444
36,9.001636505126953,PRE,MOMIJI,"Repair only the smoking gesture. At the anchor frame, move t.mp4",1.25,0.41198042035102844,MOMIJI,Merge the two separate smoke bursts into one single continuo.mp4,1.25,0.40691861510276794,MOMIJI,C2 _ one continuous four-second intimate take from the exact.mp4,2.0,0.3879527151584625,MAGIC,Create one continuous 4-second cinematic ending transition s.mp4,1.5,0.38213008642196655,MAGIC,Create one continuous 4-second cinematic ending transition s.mp4,1.75,0.3735443949699402,0.317415326833725,0.32269757986068726,0.3474233150482178,0.41198042035102844,0.28467243909835815,0.38213008642196655
37,9.25168228149414,PRE,MOMIJI,"Repair only the smoking gesture. At the anchor frame, move t.mp4",1.25,0.44365766644477844,MOMIJI,Merge the two separate smoke bursts into one single continuo.mp4,1.25,0.4404640197753906,MAGIC,Create one continuous 4-second cinematic ending transition s.mp4,2.0,0.43198707699775696,MOMIJI,C2 _ one continuous four-second intimate take from the exact.mp4,2.0,0.4261407256126404,MAGIC,Create one continuous 4-second cinematic ending transition s.mp4,1.5,0.41502565145492554,0.3345355987548828,0.35024040937423706,0.3796273469924927,0.44365766644477844,0.2878296375274658,0.43198707699775696
38,9.501728057861328,PRE,MOMIJI,"Repair only the smoking gesture. At the anchor frame, move t.mp4",1.25,0.4386259913444519,MOMIJI,Merge the two separate smoke bursts into one single continuo.mp4,1.25,0.43655529618263245,MOMIJI,C2 _ one continuous four-second intimate take from the exact.mp4,2.0,0.41791895031929016,MAGIC,Create one continuous 4-second cinematic ending transition s.mp4,2.0,0.4106654226779938,MAGIC,Create one continuous 4-second cinematic ending transition s.mp4,1.5,0.38571298122406006,0.30725622177124023,0.36477917432785034,0.38417667150497437,0.4386259913444519,0.3172524571418762,0.4106654226779938
39,9.7517728805542,PRE,MOMIJI,"Repair only the smoking gesture. At the anchor frame, move t.mp4",1.25,0.4408109784126282,MOMIJI,Merge the two separate smoke bursts into one single continuo.mp4,1.25,0.4386977553367615,MOMIJI,C2 _ one continuous four-second intimate take from the exact.mp4,2.0,0.4227924346923828,MAGIC,Create one continuous 4-second cinematic ending transition s.mp4,2.0,0.39378541707992554,MAGIC,Create one continuous 4-second cinematic ending transition s.mp4,1.75,0.38184142112731934,0.292793869972229,0.35469532012939453,0.35887622833251953,0.4408109784126282,0.32066109776496887,0.39378541707992554
40,10.001818656921387,PRE,MOMIJI,"Repair only the smoking gesture. At the anchor frame, move t.mp4",1.25,0.43404126167297363,MOMIJI,Merge the two separate smoke bursts into one single continuo.mp4,1.25,0.4323723316192627,MOMIJI,C2 _ one continuous four-second intimate take from the exact.mp4,2.0,0.4051031768321991,MAGIC,Create one continuous 4-second cinematic ending transition s.mp4,1.75,0.3936944901943207,MOMIJI,C2 _ one continuous four-second intimate take from the exact.mp4,1.75,0.3794656991958618,0.28751254081726074,0.3505946695804596,0.3564121723175049,0.43404126167297363,0.3242334723472595,0.3936944901943207
41,10.251864433288574,PRE,MOMIJI,"Repair only the smoking gesture. At the anchor frame, move t.mp4",1.25,0.4002789855003357,MOMIJI,Merge the two separate smoke bursts into one single continuo.mp4,1.25,0.3987278342247009,MAGIC,Create one continuous 4-second cinematic ending transition s.mp4,1.75,0.39219725131988525,MAGIC,Create one continuous 4-second cinematic ending transition s.mp4,1.5,0.3773242235183716,SAKURI,Bridge 2B_ One continuous four-second transition between the.mp4,2.25,0.3728331923484802,0.2759508788585663,0.3728331923484802,0.34736111760139465,0.4002789855003357,0.3356388211250305,0.39219725131988525
42,10.501909255981445,PRE,MAGIC,Create one continuous 4-second cinematic ending transition s.mp4,1.5,0.3856963813304901,MAGIC,Create one continuous 4-second cinematic ending transition s.mp4,1.25,0.38125675916671753,SAKURI,Bridge 2B_ One continuous four-second transition between the.mp4,2.25,0.3806811571121216,MOMIJI,"Repair only the smoking gesture. At the anchor frame, move t.mp4",1.25,0.37567710876464844,MOMIJI,Merge the two separate smoke bursts into one single continuo.mp4,1.25,0.37472110986709595,0.28692376613616943,0.3806811571121216,0.3415791988372803,0.37567710876464844,0.3470734655857086,0.3856963813304901
43,10.751955032348633,PRE,MOMIJI,"Repair only the smoking gesture. At the anchor frame, move t.mp4",1.25,0.4178604185581207,MOMIJI,Merge the two separate smoke bursts into one single continuo.mp4,1.25,0.41777217388153076,MAGIC,Create one continuous 4-second cinematic ending transition s.mp4,1.5,0.4076908230781555,MAGIC,Create one continuous 4-second cinematic ending transition s.mp4,1.25,0.4046657383441925,SAKURI,Bridge 2B_ One continuous four-second transition between the.mp4,2.25,0.40081214904785156,0.29802873730659485,0.40081214904785156,0.3879605531692505,0.4178604185581207,0.3374722898006439,0.4076908230781555
44,11.00200080871582,PRE,TSUKUYOMI,Create one continuous 4-second cinematic transition using th (1).mp4,2.25,0.40242141485214233,TSUKUYOMI,Create one continuous 4-second cinematic transition using th (1).mp4,1.75,0.3945642113685608,MAGIC,Create one continuous 4-second cinematic ending transition s.mp4,1.5,0.3935440182685852,MOMIJI,Merge the two separate smoke bursts into one single continuo.mp4,1.25,0.3870554566383362,MAGIC,Create one continuous 4-second cinematic ending transition s.mp4,1.25,0.38609248399734497,0.276865154504776,0.37255075573921204,0.40242141485214233,0.3870554566383362,0.3218979835510254,0.3935440182685852
45,11.252045631408691,PRE,TSUKUYOMI,Create one continuous 4-second cinematic transition using th (1).mp4,1.75,0.3786000609397888,MAGIC,Create one continuous 4-second cinematic ending transition s.mp4,1.5,0.3718455135822296,TSUKUYOMI,Create one continuous 4-second cinematic transition using th (1).mp4,2.25,0.37004512548446655,MOMIJI,Merge the two separate smoke bursts into one single continuo.mp4,1.25,0.35802894830703735,MAGIC,Create one continuous 4-second cinematic ending transition s.mp4,1.25,0.35779869556427,0.2789609134197235,0.31209978461265564,0.3786000609397888,0.35802894830703735,0.2853052616119385,0.3718455135822296
46,11.502091407775879,PRE,TSUKUYOMI,Create one continuous 4-second cinematic transition using th (1).mp4,2.25,0.392816424369812,MOMIJI,Merge the two separate smoke bursts into one single continuo.mp4,1.25,0.36744019389152527,TSUKUYOMI,Create one continuous 4-second cinematic transition using th (1).mp4,1.75,0.3664688766002655,MOMIJI,"Repair only the smoking gesture. At the anchor frame, move t.mp4",1.25,0.36215415596961975,MOMIJI,C2 _ one continuous four-second intimate take from the exact.mp4,2.0,0.34361791610717773,0.26526427268981934,0.27638036012649536,0.392816424369812,0.36744019389152527,0.262087881565094,0.33730989694595337
47,11.752137184143066,PRE,YOSHINO,Direct continuation from the supplied last frame_ Same Yoshi.mp4,2.75,0.019394777715206146,YOSHINO,Direct continuation from the supplied last frame_ Same Yoshi.mp4,3.0,0.016137434169650078,YOSHINO,Direct continuation from the supplied last frame_ Same Yoshi.mp4,2.5,0.01613743044435978,SAKURI,SAKURI_NO_NAMEPLATE_SAFE_MASTER_1080P48.mp4,2.0,0.01317615807056427,YOSHINO,Direct continuation from the supplied last frame_ Same Yoshi.mp4,2.25,0.01317615807056427,0.019394777715206146,0.01317615807056427,0.0,0.0,0.007607258856296539,0.0053791445679962635
48,12.002182006835938,PRE,SETSUKA,Create a seamless transition from the supplied snowy palace.mp4,3.0,0.44007474184036255,SETSUKA,Create a seamless transition from the supplied snowy palace.mp4,3.25,0.4216715395450592,MAGIC,Create one continuous 4-second cinematic ending transition s.mp4,1.25,0.4186478853225708,MAGIC,Create one continuous 4-second cinematic ending transition s.mp4,1.5,0.4169008433818817,SETSUKA,Create a seamless transition from the supplied snowy palace.mp4,3.5,0.4110007882118225,0.30496928095817566,0.30009758472442627,0.381439745426178,0.36238181591033936,0.44007474184036255,0.4186478853225708
49,12.252227783203125,PRE,MAGIC,Create one continuous 4-second cinematic ending transition s.mp4,1.5,0.4527709484100342,MAGIC,Create one continuous 4-second cinematic ending transition s.mp4,1.25,0.4484313130378723,SETSUKA,Create a seamless transition from the supplied snowy palace.mp4,3.0,0.4317880868911743,SETSUKA,Create a seamless transition from the supplied snowy palace.mp4,2.75,0.41491544246673584,MAGIC,Create one continuous 4-second cinematic ending transition s.mp4,1.0,0.4102860689163208,0.3074740767478943,0.3040953278541565,0.3659549653530121,0.38505247235298157,0.4317880868911743,0.4527709484100342
50,12.502273559570312,PRE,MAGIC,Create one continuous 4-second cinematic ending transition s.mp4,1.5,0.4800216853618622,MAGIC,Create one continuous 4-second cinematic ending transition s.mp4,1.25,0.45937517285346985,MAGIC,Create one continuous 4-second cinematic ending transition s.mp4,1.75,0.4271225035190582,MAGIC,Create one continuous 4-second cinematic ending transition s.mp4,1.0,0.4227820038795471,MAGIC,Create one continuous 4-second cinematic ending transition s.mp4,2.0,0.4153206944465637,0.3104477524757385,0.3446110486984253,0.3530656695365906,0.37008607387542725,0.3880236744880676,0.4800216853618622
51,12.752318382263184,PRE,MAGIC,Create one continuous 4-second cinematic ending transition s.mp4,1.5,0.45013636350631714,MAGIC,Create one continuous 4-second cinematic ending transition s.mp4,1.25,0.4258393943309784,MAGIC,Create one continuous 4-second cinematic ending transition s.mp4,1.75,0.40172889828681946,SETSUKA,Create a seamless transition from the supplied snowy palace.mp4,3.0,0.3926277458667755,SETSUKA,Create a seamless transition from the supplied snowy palace.mp4,2.75,0.3908500671386719,0.2701933681964874,0.3406294584274292,0.339176207780838,0.36864641308784485,0.3926277458667755,0.45013636350631714
52,13.002364158630371,PRE,MAGIC,Create one continuous 4-second cinematic ending transition s.mp4,1.5,0.4529944658279419,MAGIC,Create one continuous 4-second cinematic ending transition s.mp4,1.25,0.4273794889450073,MAGIC,Create one continuous 4-second cinematic ending transition s.mp4,1.0,0.3854430913925171,MAGIC,Create one continuous 4-second cinematic ending transition s.mp4,2.0,0.3835928440093994,MAGIC,Create one continuous 4-second cinematic ending transition s.mp4,1.75,0.377091646194458,0.29901179671287537,0.3374025225639343,0.32060834765434265,0.3510916829109192,0.3630203902721405,0.4529944658279419
53,13.252409934997559,PRE,MAGIC,Create one continuous 4-second cinematic ending transition s.mp4,1.75,0.5360519886016846,MAGIC,Create one continuous 4-second cinematic ending transition s.mp4,1.5,0.5203399658203125,MAGIC,Create one continuous 4-second cinematic ending transition s.mp4,1.25,0.46346256136894226,MAGIC,Create one continuous 4-second cinematic ending transition s.mp4,2.0,0.42195844650268555,MAGIC,Create one continuous 4-second cinematic ending transition s.mp4,1.0,0.42149993777275085,0.2501322627067566,0.36315304040908813,0.3481701612472534,0.27272480726242065,0.3610111176967621,0.5360519886016846
54,13.50245475769043,PRE,MAGIC,Create one continuous 4-second cinematic ending transition s.mp4,1.5,0.48920321464538574,MAGIC,Create one continuous 4-second cinematic ending transition s.mp4,1.75,0.4734603464603424,MAGIC,Create one continuous 4-second cinematic ending transition s.mp4,1.25,0.4294675588607788,MAGIC,Create one continuous 4-second cinematic ending transition s.mp4,2.0,0.411020427942276,MAGIC,Create one continuous 4-second cinematic ending transition s.mp4,1.0,0.3801601529121399,0.2889629900455475,0.3399086594581604,0.3508588671684265,0.3015514612197876,0.36443740129470825,0.48920321464538574
55,13.752500534057617,PRE,MAGIC,Create one continuous 4-second cinematic ending transition s.mp4,1.5,0.47450506687164307,MAGIC,Create one continuous 4-second cinematic ending transition s.mp4,1.75,0.43958431482315063,MAGIC,Create one continuous 4-second cinematic ending transition s.mp4,2.0,0.4243752658367157,MAGIC,Create one continuous 4-second cinematic ending transition s.mp4,1.25,0.41145744919776917,MAGIC,Create one continuous 4-second cinematic ending transition s.mp4,1.0,0.36038219928741455,0.29759296774864197,0.3488238751888275,0.309201180934906,0.30010318756103516,0.3339785933494568,0.47450506687164307
56,14.002546310424805,PRE,MAGIC,Create one continuous 4-second cinematic ending transition s.mp4,1.5,0.4427204430103302,MAGIC,Create one continuous 4-second cinematic ending transition s.mp4,1.75,0.43619605898857117,MAGIC,Create one continuous 4-second cinematic ending transition s.mp4,1.25,0.4003562033176422,TSUKUYOMI,Create one continuous 4-second cinematic transition using th (1).mp4,2.5,0.3846629858016968,SETSUKA,Create one continuous cinematic 4-second transition using th.mp4,1.0,0.3821639120578766,0.31902047991752625,0.33726951479911804,0.3846629858016968,0.29458144307136536,0.3821639120578766,0.4427204430103302
57,14.252591133117676,PRE,MAGIC,Create one continuous 4-second cinematic ending transition s.mp4,1.5,0.44048357009887695,MAGIC,Create one continuous 4-second cinematic ending transition s.mp4,1.25,0.40346023440361023,MAGIC,Create one continuous 4-second cinematic ending transition s.mp4,1.0,0.36985909938812256,SETSUKA,Create one continuous cinematic 4-second transition using th.mp4,1.0,0.3642098307609558,MAGIC,Create one continuous 4-second cinematic ending transition s.mp4,1.75,0.36307334899902344,0.30115246772766113,0.313249409198761,0.34703367948532104,0.3083285391330719,0.3642098307609558,0.44048357009887695
58,14.502636909484863,PRE,MAGIC,Create one continuous 4-second cinematic ending transition s.mp4,1.5,0.47316774725914,MAGIC,Create one continuous 4-second cinematic ending transition s.mp4,1.25,0.43498533964157104,MAGIC,Create one continuous five-second repair shot for the look-b.mp4,1.25,0.4018942415714264,MAGIC,Create one continuous five-second repair shot for the look-b.mp4,1.0,0.39573410153388977,MAGIC,One continuous five-second portrait shot from the supplied m.mp4,3.75,0.3925701677799225,0.2787476181983948,0.2563057839870453,0.3111632466316223,0.36487823724746704,0.35672181844711304,0.47316774725914
59,14.75268268585205,PRE,TSUKUYOMI,Single continuous cinematic shot of the exact same adult wom.mp4,1.5,0.4404608905315399,TSUKUYOMI,Single continuous cinematic shot of the exact same adult wom.mp4,1.75,0.4184490144252777,MAGIC,One continuous five-second portrait shot from the supplied m.mp4,4.25,0.41643184423446655,MAGIC,One continuous five-second portrait shot from the supplied m.mp4,4.0,0.40566369891166687,MOMIJI,Merge the two separate smoke bursts into one single continuo.mp4,1.0,0.3960556089878082,0.3018554151058197,0.2371930480003357,0.4404608905315399,0.3960556089878082,0.36105626821517944,0.41643184423446655
60,15.002727508544922,PRE,SETSUKA,Create a seamless transition from the supplied snowy forest.mp4,3.25,0.4176771640777588,MOMIJI,C2 _ one continuous four-second intimate take from the exact.mp4,1.5,0.3765338957309723,SETSUKA,Use the supplied source clip as the exact motion base and pr.mp4,1.5,0.37319597601890564,SETSUKA,Single continuous five-second opening shot using the supplie.mp4,1.5,0.37033456563949585,MOMIJI,Merge the two separate smoke bursts into one single continuo.mp4,0.75,0.3644270896911621,0.23113690316677094,0.27909839153289795,0.3567499816417694,0.3765338957309723,0.4176771640777588,0.325213223695755
61,15.25277328491211,PRE,SETSUKA,Create a seamless transition from the supplied snowy forest.mp4,3.25,0.48158740997314453,SETSUKA,Use the supplied source clip as the exact motion base and pr.mp4,1.5,0.4549896717071533,SETSUKA,Single continuous five-second opening shot using the supplie.mp4,1.5,0.4518110454082489,SETSUKA,Use the supplied source clip as the exact motion base and pr.mp4,1.75,0.44542163610458374,SETSUKA,Single continuous five-second opening shot using the supplie.mp4,1.75,0.442912757396698,0.24163325130939484,0.2633763551712036,0.3649323582649231,0.3435153067111969,0.48158740997314453,0.33333760499954224
62,15.502819061279297,PRE,SETSUKA,Create a seamless transition from the supplied snowy forest.mp4,3.25,0.4250409007072449,SETSUKA,Create one continuous five-second palace-approach motion bet.mp4,1.0,0.41990232467651367,SETSUKA,Create one continuous five-second palace-approach motion bet.mp4,0.75,0.4192154109477997,SETSUKA,Create a seamless transition from the supplied snowy forest.mp4,3.75,0.4186892509460449,SETSUKA,Create a seamless transition from the supplied snowy forest.mp4,4.0,0.41784289479255676,0.1985100656747818,0.2209654152393341,0.34077760577201843,0.3132365643978119,0.4250409007072449,0.3651806712150574
63,15.752863883972168,PRE,SETSUKA,Use the supplied source clip as the exact motion base and pr.mp4,1.0,0.4080434739589691,SETSUKA,Single continuous five-second opening shot using the supplie.mp4,1.0,0.39917969703674316,SETSUKA,Single continuous five-second opening shot using the supplie.mp4,1.75,0.3933328092098236,SETSUKA,Use the supplied source clip as the exact motion base and pr.mp4,1.5,0.3930816948413849,SETSUKA,Use the supplied source clip as the exact motion base and pr.mp4,1.75,0.39210450649261475,0.1761675477027893,0.24577999114990234,0.30784472823143005,0.31173941493034363,0.4080434739589691,0.28694260120391846
64,16.00290870666504,PRE,SETSUKA,Create a seamless transition from the supplied snowy palace.mp4,0.5,0.37778449058532715,SETSUKA,Create a seamless transition from the supplied snowy palace.mp4,0.25,0.35972872376441956,SETSUKA,Create a seamless transition from the supplied snowy palace.mp4,0.75,0.34126245975494385,SETSUKA,Create a seamless transition from the supplied snowy palace.mp4,0.0,0.33238476514816284,TSUKUYOMI,Single continuous cinematic shot of the exact same adult wom.mp4,1.5,0.3301984965801239,0.18928155303001404,0.2231616973876953,0.3301984965801239,0.3072437345981598,0.37778449058532715,0.3183622360229492
65,16.252954483032227,PRE,TSUKUYOMI,Single continuous cinematic shot of the exact same adult wom.mp4,1.75,0.35114869475364685,TSUKUYOMI,Single continuous cinematic shot of the exact same adult wom.mp4,1.5,0.3409632444381714,MAGIC,One continuous five-second portrait shot from the supplied m.mp4,4.5,0.3387068510055542,SETSUKA,Create a seamless transition from the supplied snowy palace.mp4,2.75,0.33344992995262146,MAGIC,One continuous five-second portrait shot from the supplied m.mp4,4.25,0.33285045623779297,0.18094028532505035,0.21657276153564453,0.35114869475364685,0.2675633728504181,0.33344992995262146,0.3387068510055542
66,16.503000259399414,PRE,MAGIC,One continuous five-second portrait shot from the supplied m.mp4,4.25,0.43616798520088196,MAGIC,One continuous five-second portrait shot from the supplied m.mp4,4.5,0.43162229657173157,MAGIC,One continuous five-second portrait shot from the supplied m.mp4,4.75,0.41922545433044434,MAGIC,One continuous five-second portrait shot from the supplied m.mp4,4.0,0.39823490381240845,TSUKUYOMI,Single continuous cinematic shot of the exact same adult wom.mp4,1.5,0.391146719455719,0.26593995094299316,0.232092022895813,0.391146719455719,0.3287927508354187,0.38961294293403625,0.43616798520088196
67,16.7530460357666,PRE,MAGIC,One continuous five-second portrait shot from the supplied m.mp4,4.5,0.4120851755142212,MAGIC,One continuous five-second portrait shot from the supplied m.mp4,4.25,0.3985263407230377,MAGIC,One continuous five-second portrait shot from the supplied m.mp4,4.75,0.37569063901901245,MAGIC,One continuous five-second portrait shot from the supplied m.mp4,4.0,0.3608773946762085,SETSUKA,Create a seamless transition from the supplied snowy palace.mp4,3.0,0.34496521949768066,0.22104689478874207,0.21742500364780426,0.3137566149234772,0.3296974301338196,0.34496521949768066,0.4120851755142212
68,17.00309181213379,PRE,MAGIC,One continuous five-second portrait shot from the supplied m.mp4,4.25,0.36989933252334595,MAGIC,One continuous five-second portrait shot from the supplied m.mp4,4.5,0.35447773337364197,SETSUKA,Create a seamless transition from the supplied snowy palace.mp4,3.0,0.34339597821235657,MAGIC,Single continuous five-second final architectural ending sho.mp4,0.5,0.3417642116546631,MAGIC,Single continuous five-second final architectural ending sho.mp4,0.25,0.3406287729740143,0.18511706590652466,0.17742210626602173,0.3069766163825989,0.30984383821487427,0.34339597821235657,0.36989933252334595
69,17.253137588500977,PRE,MAGIC,One continuous five-second opening shot_ The camera is compl.mp4,1.0,0.3906205892562866,MAGIC,One continuous five-second opening shot_ The camera is compl.mp4,0.75,0.3890793025493622,SETSUKA,Create a seamless transition from the supplied snowy palace.mp4,3.25,0.3870576024055481,SETSUKA,Create a seamless transition from the supplied snowy palace.mp4,3.5,0.3868982195854187,MAGIC,Single continuous five-second final architectural ending sho.mp4,0.0,0.3865983188152313,0.2529737651348114,0.2327127605676651,0.29731351137161255,0.33932164311408997,0.3870576024055481,0.3906205892562866
70,17.50318145751953,PRE,SAKURI,One continuous four-second repair shot between two adjacent.mp4,1.75,0.38359689712524414,SAKURI,One continuous four-second repair shot between two adjacent.mp4,2.0,0.3706664741039276,SETSUKA,Create one continuous cinematic 4-second transition using th.mp4,3.0,0.35634371638298035,SAKURI,Bridge 2B_ One continuous four-second transition between the.mp4,3.0,0.3493960201740265,TSUKUYOMI,Create one continuous 4-second cinematic transition between.mp4,3.0,0.34139764308929443,0.1427970826625824,0.38359689712524414,0.34139764308929443,0.2385077178478241,0.35634371638298035,0.23262083530426025
71,17.75322723388672,PRE,SAKURI,Bridge 2A_ Create one continuous four-second practical in-ca.mp4,3.25,0.344754695892334,SAKURI,One continuous four-second macro fabric repair shot connecti.mp4,0.25,0.29516416788101196,SAKURI,One continuous four-second macro fabric repair shot connecti.mp4,1.5,0.27486276626586914,SAKURI,One continuous four-second macro fabric repair shot connecti.mp4,1.0,0.25512683391571045,SAKURI,One continuous four-second macro fabric repair shot connecti.mp4,2.25,0.25191667675971985,0.1824578046798706,0.344754695892334,0.23165911436080933,0.23791168630123138,0.22166280448436737,0.18252867460250854
72,18.003273010253906,PRE,SAKURI,SAKURI_NO_NAMEPLATE_SAFE_MASTER_1080P48.mp4,25.25,0.43354493379592896,SAKURI,SAKURI_NO_NAMEPLATE_SAFE_MASTER_1080P48.mp4,25.75,0.4284815192222595,SAKURI,SAKURI_NO_NAMEPLATE_SAFE_MASTER_1080P48.mp4,25.0,0.4279957711696625,MAGIC,Create one continuous 4-second cinematic ending transition s.mp4,2.25,0.4245160222053528,SAKURI,SAKURI_NO_NAMEPLATE_SAFE_MASTER_1080P48.mp4,25.5,0.4041404128074646,0.19246987998485565,0.43354493379592896,0.34510964155197144,0.35071152448654175,0.3261043429374695,0.4245160222053528
73,18.253318786621094,PRE,SETSUKA,Create a seamless transition from the supplied snowy forest.mp4,3.25,0.4094521105289459,SETSUKA,Use the supplied source clip as the exact motion base and pr.mp4,1.25,0.4065317213535309,SETSUKA,Single continuous five-second opening shot using the supplie.mp4,1.25,0.4000508785247803,SAKURI,Bridge 2B_ One continuous four-second transition between the.mp4,3.0,0.38487422466278076,SETSUKA,Create one continuous five-second continuity bridge_ Treat t.mp4,1.75,0.3837110102176666,0.3180783987045288,0.38487422466278076,0.37879157066345215,0.34293222427368164,0.4094521105289459,0.3536689281463623
74,18.50336456298828,PRE,SETSUKA,Create one continuous five-second palace-approach motion bet.mp4,0.75,0.4592345952987671,SETSUKA,Create a seamless transition from the supplied snowy forest.mp4,3.75,0.4521811008453369,SETSUKA,Create a seamless transition from the supplied snowy forest.mp4,4.0,0.45095330476760864,MAGIC,One continuous five-second opening shot_ The camera is compl.mp4,2.75,0.44785499572753906,SETSUKA,Create one continuous five-second palace-approach motion bet.mp4,0.5,0.44758132100105286,0.21688443422317505,0.36321765184402466,0.41259661316871643,0.4103792905807495,0.4592345952987671,0.44785499572753906
75,18.75341033935547,PRE,MAGIC,One continuous five-second opening shot_ The camera is compl.mp4,2.25,0.5273114442825317,MAGIC,One continuous five-second opening shot_ The camera is compl.mp4,2.5,0.5258367657661438,MAGIC,One continuous five-second opening shot_ The camera is compl.mp4,2.75,0.5250500440597534,MAGIC,One continuous five-second opening shot_ The camera is compl.mp4,2.0,0.5222127437591553,MAGIC,One continuous five-second opening shot_ The camera is compl.mp4,3.0,0.5172215700149536,0.24802282452583313,0.33413273096084595,0.3634091019630432,0.4260971248149872,0.5120653510093689,0.5273114442825317
76,19.003456115722656,PRE,MAGIC,One continuous five-second opening shot_ The camera is compl.mp4,2.25,0.5201510787010193,MAGIC,One continuous five-second opening shot_ The camera is compl.mp4,2.5,0.5191086530685425,MAGIC,One continuous five-second opening shot_ The camera is compl.mp4,2.75,0.5159076452255249,MAGIC,One continuous five-second opening shot_ The camera is compl.mp4,3.0,0.512936532497406,MAGIC,One continuous five-second opening shot_ The camera is compl.mp4,2.0,0.5123079419136047,0.2719518840312958,0.24635738134384155,0.3006265163421631,0.4220616817474365,0.4992496371269226,0.5201510787010193
77,19.25349998474121,PRE,MAGIC,One continuous five-second opening shot_ The camera is compl.mp4,3.0,0.5083083510398865,MAGIC,One continuous five-second opening shot_ The camera is compl.mp4,2.5,0.5075042843818665,MAGIC,One continuous five-second opening shot_ The camera is compl.mp4,2.75,0.5061060786247253,MAGIC,One continuous five-second opening shot_ The camera is compl.mp4,2.25,0.5045835971832275,MAGIC,One continuous five-second opening shot_ The camera is compl.mp4,3.25,0.5037972927093506,0.30302155017852783,0.24959315359592438,0.290569543838501,0.3902217447757721,0.46315234899520874,0.5083083510398865
78,19.5035457611084,PRE,MAGIC,One continuous five-second opening shot_ The camera is compl.mp4,3.0,0.5299336910247803,MAGIC,One continuous five-second opening shot_ The camera is compl.mp4,3.25,0.528487503528595,MAGIC,One continuous five-second opening shot_ The camera is compl.mp4,4.5,0.5259232521057129,MAGIC,One continuous five-second opening shot_ The camera is compl.mp4,2.75,0.5243476033210754,MAGIC,One continuous five-second opening shot_ The camera is compl.mp4,4.75,0.5238668322563171,0.3411981463432312,0.2393704354763031,0.3106740117073059,0.38031888008117676,0.47465890645980835,0.5299336910247803
79,19.753591537475586,PRE,MAGIC,One continuous five-second opening shot_ The camera is compl.mp4,5.0,0.5289310216903687,MAGIC,One continuous five-second opening shot_ The camera is compl.mp4,4.75,0.5280445218086243,MAGIC,One continuous five-second opening shot_ The camera is compl.mp4,4.5,0.5224466323852539,MAGIC,One continuous five-second opening shot_ The camera is compl.mp4,4.25,0.5120739936828613,MAGIC,One continuous five-second opening shot_ The camera is compl.mp4,4.0,0.5057988166809082,0.3619469404220581,0.2176543027162552,0.32880762219429016,0.3621203899383545,0.4630810022354126,0.5289310216903687
80,20.003637313842773,PRE,MAGIC,One continuous five-second opening shot_ The camera is compl.mp4,5.0,0.4486375153064728,MAGIC,One continuous five-second opening shot_ The camera is compl.mp4,4.75,0.4467632472515106,MAGIC,One continuous five-second opening shot_ The camera is compl.mp4,4.5,0.4416397213935852,MAGIC,One continuous five-second opening shot_ The camera is compl.mp4,4.25,0.43281885981559753,MAGIC,One continuous five-second opening shot_ The camera is compl.mp4,2.5,0.43034398555755615,0.3416401743888855,0.21937143802642822,0.34208619594573975,0.3048892617225647,0.3984515070915222,0.4486375153064728
81,20.25368309020996,PRE,MAGIC,One continuous five-second opening shot_ The camera is compl.mp4,5.0,0.474762499332428,MAGIC,One continuous five-second opening shot_ The camera is compl.mp4,4.75,0.47412240505218506,MAGIC,One continuous five-second opening shot_ The camera is compl.mp4,4.5,0.46988922357559204,MAGIC,One continuous five-second opening shot_ The camera is compl.mp4,4.25,0.4633291959762573,TSUKUYOMI,Create one continuous 4-second cinematic transition using th.mp4,2.0,0.4588123857975006,0.4422442615032196,0.26791301369667053,0.4588123857975006,0.3377492129802704,0.4229506552219391,0.474762499332428
82,20.50372886657715,PRE,YOSHINO,Direct continuation from the supplied last frame_ Same Yoshi.mp4,0.5,0.4863884747028351,YOSHINO,ONE continuous seamless cinematic shot_ never montage_ cross.mp4,0.5,0.46838128566741943,YOSHINO,agent_generate_video_edit - Camera pushes forward while arcing toward the front-right of….mp4,0.5,0.46406975388526917,YOSHINO,Single continuous 5s character-performance shot_ Same Yoshin.mp4,5.0,0.4597660303115845,YOSHINO,ONE continuous seamless cinematic shot_ never montage_ cross.mp4,0.25,0.45946070551872253,0.4863884747028351,0.30947500467300415,0.43867653608322144,0.4441051483154297,0.36746835708618164,0.3956015110015869
83,20.753772735595703,PRE,MOMIJI,Merge the two separate smoke bursts into one single continuo.mp4,1.25,0.45336228609085083,MOMIJI,"Repair only the smoking gesture. At the anchor frame, move t.mp4",1.25,0.45217233896255493,MOMIJI,C2 _ one continuous four-second intimate take from the exact.mp4,2.0,0.45050686597824097,MOMIJI,C1 _ one continuous four-second intimate portrait take from.mp4,1.0,0.43915295600891113,MOMIJI,C1 _ one continuous four-second intimate portrait take from.mp4,0.75,0.4283767640590668,0.4182823896408081,0.3669106662273407,0.3680262267589569,0.45336228609085083,0.31942254304885864,0.3887825608253479
84,21.00381851196289,PRE,MOMIJI,C1 _ one continuous four-second intimate portrait take from.mp4,1.0,0.37531569600105286,MOMIJI,C2 _ one continuous four-second intimate take from the exact.mp4,2.0,0.3749551773071289,MOMIJI,"Repair only the smoking gesture. At the anchor frame, move t.mp4",1.25,0.3727182149887085,MOMIJI,Merge the two separate smoke bursts into one single continuo.mp4,1.25,0.3697133958339691,MOMIJI,C1 _ one continuous four-second intimate portrait take from.mp4,0.75,0.36391812562942505,0.3584364354610443,0.34191974997520447,0.29730355739593506,0.37531569600105286,0.3131483197212219,0.3342209756374359
85,21.253864288330078,PRE,MOMIJI,"Repair only the smoking gesture. At the anchor frame, move t.mp4",1.25,0.3660685420036316,MOMIJI,Merge the two separate smoke bursts into one single continuo.mp4,1.25,0.3641173839569092,MOMIJI,C2 _ one continuous four-second intimate take from the exact.mp4,1.75,0.3558691143989563,MOMIJI,C2 _ one continuous four-second intimate take from the exact.mp4,2.0,0.3540034294128418,MOMIJI,C1 _ one continuous four-second intimate portrait take from.mp4,1.75,0.34962764382362366,0.3021601140499115,0.2552545666694641,0.2312208116054535,0.3660685420036316,0.32635465264320374,0.32493048906326294
86,21.503910064697266,PRE,MAGIC,Create one continuous five-second replacement bridge ONLY fo.mp4,1.5,0.2617207467556,MAGIC,Create one continuous five-second replacement bridge ONLY fo.mp4,1.75,0.24872109293937683,SAKURI,Create a single continuous four-second cinematic bridge from.mp4,3.5,0.2474750578403473,MOMIJI,Create one continuous four-second continuity bridge that rep.mp4,2.0,0.24090132117271423,MAGIC,Create one continuous five-second replacement bridge ONLY fo.mp4,1.25,0.24088189005851746,0.12951761484146118,0.2474750578403473,0.17412203550338745,0.24090132117271423,0.21558734774589539,0.2617207467556
87,21.753955841064453,PRE,MAGIC,One continuous five-second opening shot_ The camera is compl.mp4,1.75,0.3069209158420563,MOMIJI,Edit this exact 9_5-second rotation shot while preserving th.mp4,4.25,0.3060606122016907,MAGIC,One continuous five-second opening shot_ The camera is compl.mp4,1.5,0.3033524751663208,MAGIC,One continuous five-second opening shot_ The camera is compl.mp4,2.0,0.3016945719718933,MAGIC,Single continuous five-second final architectural ending sho.mp4,1.5,0.2987518310546875,0.23597174882888794,0.20813804864883423,0.15066297352313995,0.3060606122016907,0.28018879890441895,0.3069209158420563
88,22.00400161743164,PRE,MAGIC,Single continuous five-second final architectural ending sho.mp4,3.75,0.3863459825515747,MAGIC,Single continuous five-second final architectural ending sho.mp4,3.5,0.3858499825000763,MAGIC,Single continuous five-second final architectural ending sho.mp4,4.0,0.38559892773628235,MAGIC,Single continuous five-second final architectural ending sho.mp4,4.25,0.3842611610889435,MAGIC,Single continuous five-second final architectural ending sho.mp4,3.25,0.38305366039276123,0.27830594778060913,0.23698964715003967,0.16698870062828064,0.29816102981567383,0.3717333972454071,0.3863459825515747
89,22.254045486450195,PRE,MAGIC,One continuous five-second opening shot_ The camera is compl.mp4,0.0,0.3540642559528351,MAGIC,Create one continuous five-second replacement bridge ONLY fo.mp4,1.25,0.3536578416824341,MAGIC,One continuous five-second opening shot_ The camera is compl.mp4,1.75,0.3513367176055908,MAGIC,One continuous five-second opening shot_ The camera is compl.mp4,0.25,0.3510477840900421,MAGIC,Create one continuous five-second replacement bridge ONLY fo.mp4,1.0,0.34902703762054443,0.2552056312561035,0.2079639434814453,0.3005073666572571,0.2802451252937317,0.3289478123188019,0.3540642559528351
90,22.504091262817383,PRE,MAGIC,Single continuous five-second final architectural ending sho.mp4,2.75,0.49678754806518555,MAGIC,Single continuous five-second final architectural ending sho.mp4,3.0,0.4959939122200012,MAGIC,Single continuous five-second final architectural ending sho.mp4,3.5,0.49551939964294434,MAGIC,Single continuous five-second final architectural ending sho.mp4,3.25,0.494671106338501,MAGIC,Single continuous five-second final architectural ending sho.mp4,3.75,0.4941471219062805,0.23124170303344727,0.23792751133441925,0.24198341369628906,0.3494660258293152,0.4566415846347809,0.49678754806518555
91,22.75413703918457,PRE,MAGIC,One continuous five-second opening shot_ The camera is compl.mp4,0.0,0.4930369257926941,MAGIC,Single continuous five-second final architectural ending sho.mp4,2.25,0.492513507604599,MAGIC,Single continuous five-second final architectural ending sho.mp4,2.5,0.4923480153083801,MAGIC,One continuous five-second opening shot_ The camera is compl.mp4,0.25,0.4914091229438782,MAGIC,Single continuous five-second final architectural ending sho.mp4,2.75,0.4913211464881897,0.3172799050807953,0.22939521074295044,0.3629760444164276,0.32891613245010376,0.4721445143222809,0.4930369257926941
92,23.004182815551758,PRE,MAGIC,One continuous five-second opening shot_ The camera is compl.mp4,1.75,0.4941905736923218,MAGIC,One continuous five-second opening shot_ The camera is compl.mp4,1.5,0.4941650629043579,MAGIC,One continuous five-second opening shot_ The camera is compl.mp4,1.0,0.49243101477622986,MAGIC,One continuous five-second opening shot_ The camera is compl.mp4,0.75,0.49105536937713623,MAGIC,Single continuous five-second final architectural ending sho.mp4,0.5,0.4832613170146942,0.28343549370765686,0.24721163511276245,0.3704146444797516,0.3265906870365143,0.4784570634365082,0.4941905736923218
93,23.254228591918945,PRE,MAGIC,One continuous five-second opening shot_ The camera is compl.mp4,1.75,0.5829892158508301,MAGIC,One continuous five-second opening shot_ The camera is compl.mp4,1.5,0.5800907611846924,MAGIC,One continuous five-second opening shot_ The camera is compl.mp4,1.0,0.5769361257553101,MAGIC,One continuous five-second opening shot_ The camera is compl.mp4,0.75,0.5753982067108154,MAGIC,One continuous five-second opening shot_ The camera is compl.mp4,2.0,0.5715106725692749,0.3585053086280823,0.31094831228256226,0.4808896481990814,0.37264180183410645,0.5498597025871277,0.5829892158508301
94,23.504274368286133,PRE,MAGIC,One continuous five-second opening shot_ The camera is compl.mp4,1.75,0.5807009935379028,MAGIC,One continuous five-second opening shot_ The camera is compl.mp4,2.0,0.5799773931503296,MAGIC,One continuous five-second opening shot_ The camera is compl.mp4,2.25,0.576879620552063,MAGIC,One continuous five-second opening shot_ The camera is compl.mp4,1.5,0.5764763355255127,MAGIC,One continuous five-second opening shot_ The camera is compl.mp4,1.25,0.5614854097366333,0.34924012422561646,0.30563682317733765,0.4142686724662781,0.3685983717441559,0.5412682294845581,0.5807009935379028
95,23.754318237304688,PRE,MAGIC,One continuous five-second opening shot_ The camera is compl.mp4,1.75,0.5618844032287598,MAGIC,One continuous five-second opening shot_ The camera is compl.mp4,2.0,0.5581324100494385,MAGIC,One continuous five-second opening shot_ The camera is compl.mp4,1.5,0.5571701526641846,MAGIC,One continuous five-second opening shot_ The camera is compl.mp4,0.0,0.5519319176673889,MAGIC,One continuous five-second opening shot_ The camera is compl.mp4,2.25,0.5514622926712036,0.36742815375328064,0.31190353631973267,0.4234713315963745,0.355718195438385,0.5371050238609314,0.5618844032287598
96,24.004364013671875,PRE,MAGIC,Single continuous five-second final architectural ending sho.mp4,2.25,0.5395714640617371,MAGIC,Single continuous five-second final architectural ending sho.mp4,2.5,0.5389279723167419,MAGIC,Single continuous five-second final architectural ending sho.mp4,2.75,0.5362948179244995,MAGIC,Single continuous five-second final architectural ending sho.mp4,2.0,0.5343082547187805,MAGIC,Single continuous five-second final architectural ending sho.mp4,1.75,0.5287027359008789,0.38671255111694336,0.33421391248703003,0.46220171451568604,0.383489727973938,0.5110086798667908,0.5395714640617371
97,24.254409790039062,YOSHINO,MAGIC,One continuous five-second opening shot_ The camera is compl.mp4,1.75,0.5645627975463867,MAGIC,Single continuous five-second final architectural ending sho.mp4,1.5,0.5645449161529541,MAGIC,Single continuous five-second final architectural ending sho.mp4,1.25,0.5644954442977905,MAGIC,Single continuous five-second final architectural ending sho.mp4,2.25,0.5640026926994324,MAGIC,Single continuous five-second final architectural ending sho.mp4,2.0,0.5637238025665283,0.4826902151107788,0.3759099841117859,0.5343079566955566,0.41133785247802734,0.5494832992553711,0.5645627975463867
98,24.50445556640625,YOSHINO,MAGIC,Create one continuous five-second repair bridge for the midd.mp4,1.0,0.5033571720123291,MAGIC,Create one continuous five-second repair bridge for the midd.mp4,0.75,0.502314031124115,MAGIC,One continuous five-second portrait shot from the supplied m.mp4,2.75,0.4996883273124695,MAGIC,Create one continuous five-second repair bridge for the midd.mp4,0.5,0.49814969301223755,MAGIC,One continuous five-second portrait shot from the supplied m.mp4,3.0,0.4974313974380493,0.43994826078414917,0.35326236486434937,0.45597708225250244,0.4010733366012573,0.39526528120040894,0.5033571720123291
99,24.754501342773438,YOSHINO,YOSHINO,A single continuous cinematic shot connecting the exact star.mp4,1.5,0.5331701636314392,YOSHINO,A single continuous cinematic shot connecting the exact star.mp4,1.0,0.5150965452194214,SAKURI,Single continuous 4-second closing take_ Begin exactly at th.mp4,1.5,0.372816801071167,SAKURI,SAKURI_NO_NAMEPLATE_SAFE_MASTER_1080P48.mp4,25.25,0.319197416305542,YOSHINO,A single continuous cinematic shot connecting the exact star.mp4,0.25,0.31657904386520386,0.5331701636314392,0.372816801071167,0.26256033778190613,0.30197733640670776,0.23355616629123688,0.22215808928012848
100,25.004547119140625,YOSHINO,YOSHINO,A single continuous cinematic shot connecting the exact star.mp4,1.25,0.8379307985305786,SAKURI,Bridge 2B_ One continuous four-second transition between the.mp4,1.75,0.450368732213974,SAKURI,SAKURI_NO_NAMEPLATE_SAFE_MASTER_1080P48.mp4,13.75,0.42955315113067627,SAKURI,Create one continuous cinematic transition shot connecting t.mp4,0.75,0.4218783974647522,SAKURI,SAKURI_NO_NAMEPLATE_SAFE_MASTER_1080P48.mp4,0.75,0.42129820585250854,0.8379307985305786,0.450368732213974,0.29172617197036743,0.3659241497516632,0.2926793098449707,0.2063710242509842
101,25.25459098815918,YOSHINO,YOSHINO,A single continuous cinematic shot connecting the exact star.mp4,1.5,0.8296412825584412,YOSHINO,A single continuous cinematic shot connecting the exact star.mp4,1.0,0.6199737787246704,SAKURI,SAKURI_NO_NAMEPLATE_SAFE_MASTER_1080P48.mp4,25.5,0.4044352173805237,SAKURI,SAKURI_NO_NAMEPLATE_SAFE_MASTER_1080P48.mp4,25.75,0.3599773943424225,YOSHINO,A single continuous cinematic shot connecting the exact star.mp4,0.25,0.3593178987503052,0.8296412825584412,0.4044352173805237,0.3430555462837219,0.33673644065856934,0.22941730916500092,0.20514751970767975
102,25.504636764526367,YOSHINO,YOSHINO,A single continuous cinematic shot connecting the exact star.mp4,2.0,0.8860660195350647,YOSHINO,A single continuous cinematic shot connecting the exact star.mp4,1.75,0.8822804689407349,YOSHINO,A single continuous cinematic shot connecting the exact star.mp4,2.5,0.6366745233535767,YOSHINO,A single continuous cinematic shot connecting the exact star.mp4,2.25,0.6211482286453247,YOSHINO,A single continuous cinematic shot connecting the exact star.mp4,2.75,0.5895772576332092,0.8860660195350647,0.2642650306224823,0.3260710537433624,0.35322946310043335,0.2518176734447479,0.34951251745224
103,25.754682540893555,YOSHINO,YOSHINO,A single continuous cinematic shot connecting the exact star.mp4,2.0,0.964352011680603,YOSHINO,A single continuous cinematic shot connecting the exact star.mp4,1.75,0.8258268237113953,YOSHINO,A single continuous cinematic shot connecting the exact star.mp4,2.5,0.6661970615386963,YOSHINO,A single continuous cinematic shot connecting the exact star.mp4,2.25,0.6175607442855835,YOSHINO,A single continuous cinematic shot connecting the exact star.mp4,2.75,0.6115147471427917,0.964352011680603,0.32419073581695557,0.39178913831710815,0.38739413022994995,0.3148004710674286,0.3809775114059448
104,26.004728317260742,YOSHINO,YOSHINO,A single continuous cinematic shot connecting the exact star.mp4,2.25,0.8578810095787048,YOSHINO,A single continuous cinematic shot connecting the exact star.mp4,2.5,0.731279194355011,YOSHINO,A single continuous cinematic shot connecting the exact star.mp4,2.75,0.6901124119758606,YOSHINO,A single continuous cinematic shot connecting the exact star.mp4,1.75,0.6746165752410889,YOSHINO,A single continuous cinematic shot connecting the exact star.mp4,2.0,0.6512810587882996,0.8578810095787048,0.29361987113952637,0.32639503479003906,0.28508344292640686,0.25927290320396423,0.29694628715515137
105,26.25477409362793,YOSHINO,YOSHINO,A single continuous cinematic shot connecting the exact star.mp4,2.5,0.9719032049179077,YOSHINO,A single continuous cinematic shot connecting the exact star.mp4,2.75,0.9481877684593201,YOSHINO,A single continuous cinematic shot connecting the exact star.mp4,3.0,0.9064076542854309,YOSHINO,A single continuous cinematic shot connecting the exact star.mp4,3.25,0.8316663503646851,YOSHINO,A single continuous cinematic shot connecting the exact star.mp4,2.25,0.7628563046455383,0.9719032049179077,0.38791605830192566,0.44821709394454956,0.4022376537322998,0.2897299528121948,0.42043864727020264
106,26.504819869995117,YOSHINO,YOSHINO,A single continuous cinematic shot connecting the exact star.mp4,2.75,0.9783421754837036,YOSHINO,A single continuous cinematic shot connecting the exact star.mp4,2.5,0.974573016166687,YOSHINO,A single continuous cinematic shot connecting the exact star.mp4,3.0,0.955237090587616,YOSHINO,A single continuous cinematic shot connecting the exact star.mp4,3.25,0.899394154548645,YOSHINO,A single continuous cinematic shot connecting the exact star.mp4,3.5,0.8279507160186768,0.9783421754837036,0.40921926498413086,0.4519456624984741,0.40533649921417236,0.31064730882644653,0.4081890285015106
107,26.754863739013672,YOSHINO,YOSHINO,A single continuous cinematic shot connecting the exact star.mp4,3.0,0.9802635908126831,YOSHINO,A single continuous cinematic shot connecting the exact star.mp4,2.75,0.9723716974258423,YOSHINO,A single continuous cinematic shot connecting the exact star.mp4,3.25,0.9533100128173828,YOSHINO,A single continuous cinematic shot connecting the exact star.mp4,2.5,0.9379175901412964,YOSHINO,A single continuous cinematic shot connecting the exact star.mp4,3.5,0.9007112383842468,0.9802635908126831,0.40419426560401917,0.44808828830718994,0.39845260977745056,0.30805790424346924,0.3930944800376892
108,27.00490951538086,YOSHINO,YOSHINO,A single continuous cinematic shot connecting the exact star.mp4,3.25,0.976348876953125,YOSHINO,A single continuous cinematic shot connecting the exact star.mp4,3.0,0.9706244468688965,YOSHINO,A single continuous cinematic shot connecting the exact star.mp4,3.5,0.9457170963287354,YOSHINO,A single continuous cinematic shot connecting the exact star.mp4,2.75,0.9364908337593079,YOSHINO,A single continuous cinematic shot connecting the exact star.mp4,2.5,0.8791358470916748,0.976348876953125,0.3959995210170746,0.4368845820426941,0.3852118253707886,0.3054056763648987,0.3730114698410034
109,27.254955291748047,YOSHINO,YOSHINO,A single continuous cinematic shot connecting the exact star.mp4,3.5,0.9764550924301147,YOSHINO,A single continuous cinematic shot connecting the exact star.mp4,3.25,0.9687315225601196,YOSHINO,A single continuous cinematic shot connecting the exact star.mp4,3.75,0.9354066848754883,YOSHINO,A single continuous cinematic shot connecting the exact star.mp4,3.0,0.9275021553039551,YOSHINO,Single continuous 5s character-performance shot_ Same Yoshin.mp4,0.25,0.8743240237236023,0.9764550924301147,0.38290029764175415,0.4268316328525543,0.3692178428173065,0.29604029655456543,0.34608206152915955
110,27.505001068115234,YOSHINO,YOSHINO,A single continuous cinematic shot connecting the exact star.mp4,3.75,0.9702359437942505,YOSHINO,A single continuous cinematic shot connecting the exact star.mp4,3.5,0.9659792184829712,YOSHINO,Single continuous 5s character-performance shot_ Same Yoshin.mp4,0.25,0.9305351972579956,YOSHINO,Single continuous 5s character-performance shot_ Same Yoshin.mp4,0.5,0.929561972618103,YOSHINO,A single continuous cinematic shot connecting the exact star.mp4,3.25,0.9285719394683838,0.9702359437942505,0.37418800592422485,0.4154857397079468,0.36125099658966064,0.2751866579055786,0.34353846311569214
111,27.755046844482422,YOSHINO,YOSHINO,A single continuous cinematic shot connecting the exact star.mp4,4.0,0.9663723707199097,YOSHINO,Single continuous 5s character-performance shot_ Same Yoshin.mp4,0.5,0.9661610126495361,YOSHINO,Single continuous 5s character-performance shot_ Same Yoshin.mp4,0.25,0.9656693339347839,YOSHINO,Single continuous 5s character-performance shot_ Same Yoshin.mp4,0.0,0.9629330635070801,YOSHINO,A single continuous cinematic shot connecting the exact star.mp4,3.75,0.9628692865371704,0.9663723707199097,0.37301909923553467,0.40944382548332214,0.354398250579834,0.2614314556121826,0.33576643466949463
112,28.00509262084961,YOSHINO,YOSHINO,Single continuous 5s character-performance shot_ Same Yoshin.mp4,0.5,0.97646164894104,YOSHINO,A single continuous cinematic shot connecting the exact star.mp4,4.0,0.9759514927864075,YOSHINO,Single continuous 5s character-performance shot_ Same Yoshin.mp4,0.25,0.9757978916168213,YOSHINO,Single continuous 5s character-performance shot_ Same Yoshin.mp4,0.0,0.9731998443603516,YOSHINO,A single continuous cinematic shot connecting the exact star.mp4,3.75,0.965129017829895,0.97646164894104,0.37496107816696167,0.408862441778183,0.35903406143188477,0.2645682394504547,0.3316076695919037
113,28.255136489868164,YOSHINO,YOSHINO,Single continuous 5s character-performance shot_ Same Yoshin.mp4,0.5,0.9762573838233948,YOSHINO,Single continuous 5s character-performance shot_ Same Yoshin.mp4,0.25,0.9728949069976807,YOSHINO,A single continuous cinematic shot connecting the exact star.mp4,4.0,0.972759485244751,YOSHINO,Single continuous 5s character-performance shot_ Same Yoshin.mp4,0.75,0.9711563587188721,YOSHINO,Single continuous 5s character-performance shot_ Same Yoshin.mp4,0.0,0.9699724912643433,0.9762573838233948,0.3763432502746582,0.4098207950592041,0.3541475534439087,0.2609964907169342,0.3275831639766693
114,28.50518226623535,YOSHINO,YOSHINO,Single continuous 5s character-performance shot_ Same Yoshin.mp4,0.75,0.974498987197876,YOSHINO,Single continuous 5s character-performance shot_ Same Yoshin.mp4,1.0,0.9593168497085571,YOSHINO,Single continuous 5s character-performance shot_ Same Yoshin.mp4,0.5,0.957823634147644,YOSHINO,Single continuous 5s character-performance shot_ Same Yoshin.mp4,0.25,0.9495933055877686,YOSHINO,A single continuous cinematic shot connecting the exact star.mp4,4.0,0.9489421248435974,0.974498987197876,0.37714776396751404,0.41465213894844055,0.34924715757369995,0.24856016039848328,0.3236233592033386
115,28.75522804260254,YOSHINO,YOSHINO,Single continuous 5s character-performance shot_ Same Yoshin.mp4,1.0,0.9716559648513794,YOSHINO,Single continuous 5s character-performance shot_ Same Yoshin.mp4,1.25,0.9556187987327576,YOSHINO,Single continuous 5s character-performance shot_ Same Yoshin.mp4,0.75,0.9301927089691162,YOSHINO,Single continuous 5s character-performance shot_ Same Yoshin.mp4,1.5,0.9047691822052002,YOSHINO,Single continuous 5s character-performance shot_ Same Yoshin.mp4,2.0,0.9044086933135986,0.9716559648513794,0.3764483332633972,0.43117013573646545,0.35819733142852783,0.24765464663505554,0.3476297855377197
116,29.005273818969727,YOSHINO,YOSHINO,Single continuous 5s character-performance shot_ Same Yoshin.mp4,1.25,0.9694867134094238,YOSHINO,Single continuous 5s character-performance shot_ Same Yoshin.mp4,1.5,0.9650324583053589,YOSHINO,Single continuous 5s character-performance shot_ Same Yoshin.mp4,2.0,0.9445987939834595,YOSHINO,Single continuous 5s character-performance shot_ Same Yoshin.mp4,1.75,0.9440956711769104,YOSHINO,Single continuous 5s character-performance shot_ Same Yoshin.mp4,1.0,0.9191555976867676,0.9694867134094238,0.40088698267936707,0.45021045207977295,0.3823351263999939,0.27084672451019287,0.37513405084609985
117,29.255319595336914,YOSHINO,YOSHINO,Single continuous 5s character-performance shot_ Same Yoshin.mp4,1.5,0.9750187397003174,YOSHINO,Single continuous 5s character-performance shot_ Same Yoshin.mp4,1.75,0.9677682518959045,YOSHINO,Single continuous 5s character-performance shot_ Same Yoshin.mp4,2.0,0.9494882822036743,YOSHINO,Single continuous 5s character-performance shot_ Same Yoshin.mp4,1.25,0.9454219341278076,YOSHINO,Single continuous 5s character-performance shot_ Same Yoshin.mp4,1.0,0.8767666816711426,0.9750187397003174,0.4136456847190857,0.45520007610321045,0.38103926181793213,0.2898816466331482,0.36769533157348633
118,29.5053653717041,YOSHINO,YOSHINO,Single continuous 5s character-performance shot_ Same Yoshin.mp4,1.75,0.973853588104248,YOSHINO,Single continuous 5s character-performance shot_ Same Yoshin.mp4,2.0,0.9587105512619019,YOSHINO,Single continuous 5s character-performance shot_ Same Yoshin.mp4,1.5,0.9561852216720581,YOSHINO,Single continuous 5s character-performance shot_ Same Yoshin.mp4,1.25,0.9290300607681274,YOSHINO,Single continuous 5s character-performance shot_ Same Yoshin.mp4,2.25,0.8726181387901306,0.973853588104248,0.41661107540130615,0.46873319149017334,0.38502711057662964,0.28015366196632385,0.3731752038002014
119,29.755409240722656,YOSHINO,YOSHINO,Single continuous 5s character-performance shot_ Same Yoshin.mp4,2.0,0.9561783671379089,YOSHINO,Single continuous 5s character-performance shot_ Same Yoshin.mp4,2.25,0.9483582973480225,YOSHINO,Single continuous 5s character-performance shot_ Same Yoshin.mp4,1.25,0.9273870587348938,YOSHINO,Single continuous 5s character-performance shot_ Same Yoshin.mp4,1.5,0.9221034049987793,YOSHINO,Single continuous 5s character-performance shot_ Same Yoshin.mp4,1.75,0.9199551343917847,0.9561783671379089,0.3848826289176941,0.46095186471939087,0.3665940761566162,0.28379788994789124,0.3514019846916199
120,30.005455017089844,YOSHINO,YOSHINO,Single continuous 5s character-performance shot_ Same Yoshin.mp4,2.25,0.9681268930435181,YOSHINO,Single continuous 5s character-performance shot_ Same Yoshin.mp4,2.5,0.9487931728363037,YOSHINO,Single continuous 5s character-performance shot_ Same Yoshin.mp4,2.75,0.9012952446937561,YOSHINO,Single continuous 5s character-performance shot_ Same Yoshin.mp4,2.0,0.8799189925193787,YOSHINO,Single continuous 5s character-performance shot_ Same Yoshin.mp4,3.0,0.8662832975387573,0.9681268930435181,0.35072869062423706,0.447553813457489,0.35447248816490173,0.26567521691322327,0.370199590921402
121,30.25550079345703,YOSHINO,YOSHINO,Single continuous 5s character-performance shot_ Same Yoshin.mp4,2.5,0.9778281450271606,YOSHINO,Single continuous 5s character-performance shot_ Same Yoshin.mp4,2.75,0.9641386270523071,YOSHINO,Single continuous 5s character-performance shot_ Same Yoshin.mp4,3.0,0.9218228459358215,YOSHINO,Single continuous 5s character-performance shot_ Same Yoshin.mp4,2.25,0.9055318832397461,YOSHINO,Single continuous 5s character-performance shot_ Same Yoshin.mp4,3.25,0.9043806791305542,0.9778281450271606,0.37485337257385254,0.4116634130477905,0.3244995176792145,0.27324599027633667,0.39082396030426025
122,30.50554656982422,YOSHINO,YOSHINO,Single continuous 5s character-performance shot_ Same Yoshin.mp4,2.75,0.9785844087600708,YOSHINO,Single continuous 5s character-performance shot_ Same Yoshin.mp4,3.0,0.9720885157585144,YOSHINO,Single continuous 5s character-performance shot_ Same Yoshin.mp4,3.25,0.961115300655365,YOSHINO,Single continuous 5s character-performance shot_ Same Yoshin.mp4,3.5,0.9589796662330627,YOSHINO,Single continuous 5s character-performance shot_ Same Yoshin.mp4,3.75,0.9561116099357605,0.9785844087600708,0.38847893476486206,0.41631725430488586,0.3336139917373657,0.27446290850639343,0.4201984107494354
123,30.755592346191406,YOSHINO,YOSHINO,Single continuous 5s character-performance shot_ Same Yoshin.mp4,3.0,0.9818793535232544,YOSHINO,Single continuous 5s character-performance shot_ Same Yoshin.mp4,3.25,0.9791384935379028,YOSHINO,Single continuous 5s character-performance shot_ Same Yoshin.mp4,3.5,0.9775841236114502,YOSHINO,Single continuous 5s character-performance shot_ Same Yoshin.mp4,3.75,0.9755696058273315,YOSHINO,Single continuous 5s character-performance shot_ Same Yoshin.mp4,4.0,0.9696527719497681,0.9818793535232544,0.38796478509902954,0.4161442816257477,0.3290025591850281,0.27729666233062744,0.4271414279937744
124,31.005638122558594,YOSHINO,YOSHINO,Single continuous 5s character-performance shot_ Same Yoshin.mp4,3.25,0.981842041015625,YOSHINO,Single continuous 5s character-performance shot_ Same Yoshin.mp4,3.5,0.980971097946167,YOSHINO,Single continuous 5s character-performance shot_ Same Yoshin.mp4,3.75,0.9799380302429199,YOSHINO,Single continuous 5s character-performance shot_ Same Yoshin.mp4,3.0,0.9798688888549805,YOSHINO,Single continuous 5s character-performance shot_ Same Yoshin.mp4,4.0,0.9756786823272705,0.981842041015625,0.3920133709907532,0.417938232421875,0.32787299156188965,0.27625617384910583,0.430848091840744
125,31.25568199157715,YOSHINO,YOSHINO,Single continuous 5s character-performance shot_ Same Yoshin.mp4,3.5,0.9821032285690308,YOSHINO,Single continuous 5s character-performance shot_ Same Yoshin.mp4,3.25,0.9819246530532837,YOSHINO,Single continuous 5s character-performance shot_ Same Yoshin.mp4,3.75,0.981696605682373,YOSHINO,Single continuous 5s character-performance shot_ Same Yoshin.mp4,3.0,0.9791010618209839,YOSHINO,Single continuous 5s character-performance shot_ Same Yoshin.mp4,4.0,0.977877140045166,0.9821032285690308,0.39524951577186584,0.4169691801071167,0.33180880546569824,0.27326077222824097,0.4321008324623108
126,31.505727767944336,YOSHINO,YOSHINO,Single continuous 5s character-performance shot_ Same Yoshin.mp4,3.75,0.9820718765258789,YOSHINO,Single continuous 5s character-performance shot_ Same Yoshin.mp4,4.0,0.9809761047363281,YOSHINO,Single continuous 5s character-performance shot_ Same Yoshin.mp4,3.5,0.9805657267570496,YOSHINO,Single continuous 5s character-performance shot_ Same Yoshin.mp4,3.25,0.9796387553215027,YOSHINO,Single continuous 5s character-performance shot_ Same Yoshin.mp4,4.25,0.9771875143051147,0.9820718765258789,0.39725279808044434,0.4130763113498688,0.32890844345092773,0.2739678621292114,0.4338475465774536
127,31.755773544311523,YOSHINO,YOSHINO,Single continuous 5s character-performance shot_ Same Yoshin.mp4,4.0,0.9816668033599854,YOSHINO,Single continuous 5s character-performance shot_ Same Yoshin.mp4,4.25,0.9801902770996094,YOSHINO,Single continuous 5s character-performance shot_ Same Yoshin.mp4,3.75,0.9799104928970337,YOSHINO,Preserve this exact 6A tail-extension shot_ character identi.mp4,0.0,0.9798485040664673,YOSHINO,Single continuous 5s character-performance shot_ Same Yoshin.mp4,4.5,0.9771413803100586,0.9816668033599854,0.39808720350265503,0.41028422117233276,0.3252354562282562,0.27475813031196594,0.4370822310447693
128,32.00581741333008,YOSHINO,YOSHINO,Preserve this exact 6A tail-extension shot_ character identi.mp4,0.0,0.9851031303405762,YOSHINO,Single continuous 5s character-performance shot_ Same Yoshin.mp4,4.25,0.9828402996063232,YOSHINO,Single continuous 5s character-performance shot_ Same Yoshin.mp4,4.5,0.9819196462631226,YOSHINO,Single continuous 5s character-performance shot_ Same Yoshin.mp4,4.0,0.9815846681594849,YOSHINO,Single continuous 5s character-performance shot_ Same Yoshin.mp4,4.75,0.9796971082687378,0.9851031303405762,0.4010513722896576,0.40677082538604736,0.32684582471847534,0.27887386083602905,0.43544477224349976
129,32.255863189697266,YOSHINO,YOSHINO,Preserve this exact 6A tail-extension shot_ character identi.mp4,0.0,0.9866842031478882,YOSHINO,Single continuous 5s character-performance shot_ Same Yoshin.mp4,4.5,0.9820733070373535,YOSHINO,Single continuous 5s character-performance shot_ Same Yoshin.mp4,4.75,0.9812306761741638,YOSHINO,Single continuous 5s character-performance shot_ Same Yoshin.mp4,4.25,0.9811884164810181,YOSHINO,Single continuous 5s character-performance shot_ Same Yoshin.mp4,5.0,0.9785125851631165,0.9866842031478882,0.4030667841434479,0.40733373165130615,0.3298183083534241,0.2787736654281616,0.43844538927078247
130,32.50590896606445,YOSHINO,YOSHINO,Preserve this exact 6A tail-extension shot_ character identi.mp4,0.0,0.9871693849563599,YOSHINO,Single continuous 5s character-performance shot_ Same Yoshin.mp4,4.75,0.9822442531585693,YOSHINO,Single continuous 5s character-performance shot_ Same Yoshin.mp4,4.5,0.9816060066223145,YOSHINO,Single continuous 5s character-performance shot_ Same Yoshin.mp4,5.0,0.9808019995689392,YOSHINO,Single continuous 5s character-performance shot_ Same Yoshin.mp4,4.25,0.9793129563331604,0.9871693849563599,0.408832848072052,0.40718409419059753,0.33472907543182373,0.27911078929901123,0.43884581327438354
131,32.75595474243164,YOSHINO,YOSHINO,Single continuous 5s character-performance shot_ Same Yoshin.mp4,5.0,0.976861298084259,YOSHINO,Preserve this exact 6A tail-extension shot_ character identi.mp4,0.0,0.9755167365074158,YOSHINO,Single continuous 5s character-performance shot_ Same Yoshin.mp4,4.75,0.9750021696090698,YOSHINO,Direct continuation from the supplied last frame_ Same Yoshi.mp4,0.25,0.9739779233932495,YOSHINO,ONE continuous seamless cinematic shot_ never montage_ cross.mp4,0.25,0.9715487957000732,0.976861298084259,0.4173508286476135,0.3984372615814209,0.3318560719490051,0.28459906578063965,0.4483867287635803
132,33.00600051879883,YOSHINO,YOSHINO,ONE continuous seamless cinematic shot_ never montage_ cross.mp4,0.5,0.9612644910812378,YOSHINO,agent_generate_video_edit - Camera pushes forward while arcing toward the front-right of….mp4,0.5,0.9543383121490479,YOSHINO,Direct continuation from the supplied last frame_ Same Yoshi.mp4,0.5,0.9101380705833435,YOSHINO,ONE continuous seamless cinematic shot_ never montage_ cross.mp4,0.25,0.901689887046814,YOSHINO,agent_generate_video_edit - Camera pushes forward while arcing toward the front-right of….mp4,0.25,0.8827426433563232,0.9612644910812378,0.3809964656829834,0.3425079882144928,0.3304430842399597,0.2965213656425476,0.44331783056259155
133,33.256046295166016,YOSHINO,YOSHINO,ONE continuous seamless cinematic shot_ never montage_ cross.mp4,0.75,0.9250540733337402,YOSHINO,agent_generate_video_edit - Camera pushes forward while arcing toward the front-right of….mp4,0.75,0.8929494619369507,YOSHINO,Direct continuation from the supplied last frame_ Same Yoshi.mp4,0.75,0.6678997874259949,YOSHINO,ONE continuous seamless cinematic shot_ never montage_ cross.mp4,0.5,0.6581680774688721,YOSHINO,agent_generate_video_edit - Camera pushes forward while arcing toward the front-right of….mp4,0.5,0.6135889887809753,0.9250540733337402,0.3425600528717041,0.39089202880859375,0.39519181847572327,0.3095339834690094,0.4175455868244171
134,33.5060920715332,YOSHINO,YOSHINO,ONE continuous seamless cinematic shot_ never montage_ cross.mp4,1.0,0.9253420829772949,YOSHINO,agent_generate_video_edit - Camera pushes forward while arcing toward the front-right of….mp4,1.0,0.904353678226471,YOSHINO,ONE continuous seamless cinematic shot_ never montage_ cross.mp4,1.25,0.7299542427062988,YOSHINO,agent_generate_video_edit - Camera pushes forward while arcing toward the front-right of….mp4,1.25,0.7154450416564941,YOSHINO,Single continuous 5s character-performance shot_ Same Yoshin.mp4,1.75,0.6428037285804749,0.9253420829772949,0.29583343863487244,0.4123753309249878,0.3437942862510681,0.28570371866226196,0.34096795320510864
135,33.75613784790039,YOSHINO,YOSHINO,ONE continuous seamless cinematic shot_ never montage_ cross.mp4,1.25,0.9755227565765381,YOSHINO,agent_generate_video_edit - Camera pushes forward while arcing toward the front-right of….mp4,1.25,0.9516756534576416,YOSHINO,ONE continuous seamless cinematic shot_ never montage_ cross.mp4,1.5,0.7842332124710083,YOSHINO,agent_generate_video_edit - Camera pushes forward while arcing toward the front-right of….mp4,1.5,0.7665954828262329,YOSHINO,ONE continuous seamless cinematic shot_ never montage_ cross.mp4,1.0,0.7638511061668396,0.9755227565765381,0.3253668248653412,0.3589050769805908,0.37069767713546753,0.3435947299003601,0.4181745648384094
136,34.00618362426758,YOSHINO,YOSHINO,ONE continuous seamless cinematic shot_ never montage_ cross.mp4,1.5,0.9630950689315796,YOSHINO,agent_generate_video_edit - Camera pushes forward while arcing toward the front-right of….mp4,1.5,0.9352595806121826,YOSHINO,ONE continuous seamless cinematic shot_ never montage_ cross.mp4,1.25,0.849016547203064,YOSHINO,agent_generate_video_edit - Camera pushes forward while arcing toward the front-right of….mp4,1.25,0.8256117105484009,YOSHINO,agent_generate_video_edit - Camera pushes forward while arcing toward the front-right of….mp4,1.75,0.6314407587051392,0.9630950689315796,0.34522080421447754,0.32661715149879456,0.3813444674015045,0.3544814884662628,0.4317324757575989
137,34.256229400634766,YOSHINO,YOSHINO,ONE continuous seamless cinematic shot_ never montage_ cross.mp4,1.75,0.8687097430229187,YOSHINO,agent_generate_video_edit - Camera pushes forward while arcing toward the front-right of….mp4,1.75,0.8626254796981812,YOSHINO,ONE continuous seamless cinematic shot_ never montage_ cross.mp4,1.25,0.7132334113121033,YOSHINO,ONE continuous seamless cinematic shot_ never montage_ cross.mp4,1.0,0.7048568725585938,YOSHINO,Single continuous 5s character-performance shot_ Same Yoshin.mp4,1.75,0.7007759809494019,0.8687097430229187,0.3864508867263794,0.36404427886009216,0.32541918754577637,0.3182995915412903,0.3593263626098633
138,34.50627517700195,YOSHINO,YOSHINO,ONE continuous seamless cinematic shot_ never montage_ cross.mp4,2.0,0.9428737163543701,YOSHINO,agent_generate_video_edit - Camera pushes forward while arcing toward the front-right of….mp4,2.0,0.9185584783554077,YOSHINO,Single continuous 5s character-performance shot_ Same Yoshin.mp4,2.75,0.7269643545150757,YOSHINO,Single continuous 5s character-performance shot_ Same Yoshin.mp4,3.0,0.7227672338485718,YOSHINO,Preserve this exact 6A tail-extension shot_ character identi.mp4,0.0,0.7212297916412354,0.9428737163543701,0.42046043276786804,0.3451226055622101,0.3807520270347595,0.2913045883178711,0.43847447633743286
139,34.75632095336914,YOSHINO,YOSHINO,ONE continuous seamless cinematic shot_ never montage_ cross.mp4,2.25,0.9310250878334045,YOSHINO,agent_generate_video_edit - Camera pushes forward while arcing toward the front-right of….mp4,2.25,0.8875619173049927,YOSHINO,ONE continuous seamless cinematic shot_ never montage_ cross.mp4,2.5,0.6701087951660156,YOSHINO,agent_generate_video_edit - Camera pushes forward while arcing toward the front-right of….mp4,2.5,0.6526699662208557,YOSHINO,ONE continuous seamless cinematic shot_ never montage_ cross.mp4,3.25,0.6385733485221863,0.9310250878334045,0.34326374530792236,0.3548470437526703,0.34233593940734863,0.2229711413383484,0.3517132103443146
140,35.00636291503906,YOSHINO,YOSHINO,ONE continuous seamless cinematic shot_ never montage_ cross.mp4,2.5,0.9863511919975281,YOSHINO,agent_generate_video_edit - Camera pushes forward while arcing toward the front-right of….mp4,2.5,0.9453128576278687,YOSHINO,agent_generate_video_edit - Camera pushes forward while arcing toward the front-right of….mp4,2.25,0.7712314128875732,YOSHINO,ONE continuous seamless cinematic shot_ never montage_ cross.mp4,2.25,0.7605841159820557,YOSHINO,ONE continuous seamless cinematic shot_ never montage_ cross.mp4,2.75,0.7117420434951782,0.9863511919975281,0.3754497170448303,0.3029782772064209,0.2957426905632019,0.25412625074386597,0.26417678594589233
141,35.25640869140625,YOSHINO,YOSHINO,ONE continuous seamless cinematic shot_ never montage_ cross.mp4,2.75,0.943684458732605,YOSHINO,ONE continuous seamless cinematic shot_ never montage_ cross.mp4,3.0,0.8496930599212646,YOSHINO,agent_generate_video_edit - Camera pushes forward while arcing toward the front-right of….mp4,2.75,0.8082036972045898,YOSHINO,ONE continuous seamless cinematic shot_ never montage_ cross.mp4,3.5,0.78245609998703,YOSHINO,agent_generate_video_edit - Camera pushes forward while arcing toward the front-right of….mp4,2.5,0.7675623893737793,0.943684458732605,0.4275355935096741,0.4179563522338867,0.38259029388427734,0.2377294898033142,0.3626100420951843
142,35.50645446777344,YOSHINO,YOSHINO,ONE continuous seamless cinematic shot_ never montage_ cross.mp4,3.0,0.9793580770492554,YOSHINO,ONE continuous seamless cinematic shot_ never montage_ cross.mp4,2.75,0.9063296318054199,YOSHINO,agent_generate_video_edit - Camera pushes forward while arcing toward the front-right of….mp4,2.75,0.8503538370132446,YOSHINO,ONE continuous seamless cinematic shot_ never montage_ cross.mp4,3.75,0.810462474822998,YOSHINO,ONE continuous seamless cinematic shot_ never montage_ cross.mp4,3.5,0.7857396006584167,0.9793580770492554,0.4768315553665161,0.45195987820625305,0.4219868779182434,0.27860337495803833,0.36697670817375183
143,35.756500244140625,YOSHINO,YOSHINO,ONE continuous seamless cinematic shot_ never montage_ cross.mp4,3.25,0.9647831320762634,YOSHINO,ONE continuous seamless cinematic shot_ never montage_ cross.mp4,3.5,0.8999938368797302,YOSHINO,ONE continuous seamless cinematic shot_ never montage_ cross.mp4,4.0,0.8648924827575684,YOSHINO,ONE continuous seamless cinematic shot_ never montage_ cross.mp4,4.25,0.8561489582061768,YOSHINO,ONE continuous seamless cinematic shot_ never montage_ cross.mp4,3.75,0.8283817172050476,0.9647831320762634,0.4275032877922058,0.38954511284828186,0.3065214157104492,0.28474047780036926,0.27585315704345703
144,36.00654602050781,YOSHINO,YOSHINO,ONE continuous seamless cinematic shot_ never montage_ cross.mp4,3.75,0.9535833597183228,YOSHINO,ONE continuous seamless cinematic shot_ never montage_ cross.mp4,3.5,0.9240777492523193,YOSHINO,ONE continuous seamless cinematic shot_ never montage_ cross.mp4,3.0,0.9142224788665771,YOSHINO,ONE continuous seamless cinematic shot_ never montage_ cross.mp4,4.0,0.8516315221786499,YOSHINO,ONE continuous seamless cinematic shot_ never montage_ cross.mp4,2.75,0.8250133991241455,0.9535833597183228,0.45735445618629456,0.4775462746620178,0.4180421531200409,0.25538361072540283,0.35472407937049866
145,36.256591796875,YOSHINO,YOSHINO,ONE continuous seamless cinematic shot_ never montage_ cross.mp4,3.75,0.9743219614028931,YOSHINO,ONE continuous seamless cinematic shot_ never montage_ cross.mp4,3.5,0.9586036205291748,YOSHINO,ONE continuous seamless cinematic shot_ never montage_ cross.mp4,4.0,0.9522135257720947,YOSHINO,ONE continuous seamless cinematic shot_ never montage_ cross.mp4,4.25,0.9237598776817322,YOSHINO,ONE continuous seamless cinematic shot_ never montage_ cross.mp4,4.5,0.8947615623474121,0.9743219614028931,0.4251108169555664,0.46590954065322876,0.37516656517982483,0.23024317622184753,0.3266306519508362
146,36.50663757324219,YOSHINO,YOSHINO,ONE continuous seamless cinematic shot_ never montage_ cross.mp4,4.25,0.9626151323318481,YOSHINO,ONE continuous seamless cinematic shot_ never montage_ cross.mp4,4.0,0.960968017578125,YOSHINO,ONE continuous seamless cinematic shot_ never montage_ cross.mp4,4.5,0.9517972469329834,YOSHINO,ONE continuous seamless cinematic shot_ never montage_ cross.mp4,4.75,0.925713062286377,YOSHINO,ONE continuous seamless cinematic shot_ never montage_ cross.mp4,3.25,0.9238834381103516,0.9626151323318481,0.39938539266586304,0.4060175120830536,0.2628459930419922,0.2590624690055847,0.2878319323062897
147,36.756683349609375,YOSHINO,YOSHINO,ONE continuous seamless cinematic shot_ never montage_ cross.mp4,4.25,0.9759501218795776,YOSHINO,ONE continuous seamless cinematic shot_ never montage_ cross.mp4,4.5,0.9709917306900024,YOSHINO,ONE continuous seamless cinematic shot_ never montage_ cross.mp4,4.0,0.9661741852760315,YOSHINO,ONE continuous seamless cinematic shot_ never montage_ cross.mp4,4.75,0.9493005871772766,YOSHINO,ONE continuous seamless cinematic shot_ never montage_ cross.mp4,5.0,0.9193715453147888,0.9759501218795776,0.3968539834022522,0.4008583426475525,0.27205219864845276,0.2684110403060913,0.3073180317878723
148,37.00672912597656,YOSHINO,YOSHINO,ONE continuous seamless cinematic shot_ never montage_ cross.mp4,4.5,0.9794702529907227,YOSHINO,ONE continuous seamless cinematic shot_ never montage_ cross.mp4,4.75,0.9708148241043091,YOSHINO,ONE continuous seamless cinematic shot_ never montage_ cross.mp4,4.25,0.9702028036117554,YOSHINO,ONE continuous seamless cinematic shot_ never montage_ cross.mp4,4.0,0.9512017965316772,YOSHINO,ONE continuous seamless cinematic shot_ never montage_ cross.mp4,5.0,0.9461652636528015,0.9794702529907227,0.39788246154785156,0.3973373770713806,0.2822224199771881,0.2656216621398926,0.31039559841156006
149,37.25677490234375,YOSHINO,YOSHINO,ONE continuous seamless cinematic shot_ never montage_ cross.mp4,4.75,0.9829169511795044,YOSHINO,ONE continuous seamless cinematic shot_ never montage_ cross.mp4,4.5,0.9706567525863647,YOSHINO,ONE continuous seamless cinematic shot_ never montage_ cross.mp4,5.0,0.9705294370651245,YOSHINO,A single continuous cinematic transition connecting the exac.mp4,0.0,0.9633001089096069,YOSHINO,ONE continuous seamless cinematic shot_ never montage_ cross.mp4,4.25,0.9484261274337769,0.9829169511795044,0.3951011896133423,0.3984662890434265,0.3014574944972992,0.2728902995586395,0.32494592666625977
150,37.50682067871094,YOSHINO,YOSHINO,ONE continuous seamless cinematic shot_ never montage_ cross.mp4,5.0,0.9840816855430603,YOSHINO,A single continuous cinematic transition connecting the exac.mp4,0.0,0.9814030528068542,YOSHINO,ONE continuous seamless cinematic shot_ never montage_ cross.mp4,4.75,0.9738156795501709,YOSHINO,ONE continuous seamless cinematic shot_ never montage_ cross.mp4,4.5,0.9461749792098999,YOSHINO,A single continuous cinematic transition connecting the exac.mp4,0.25,0.9293969869613647,0.9840816855430603,0.3906192183494568,0.389032244682312,0.3037749230861664,0.26928919553756714,0.32959017157554626
151,37.756866455078125,YOSHINO,YOSHINO,A single continuous cinematic transition connecting the exac.mp4,0.25,0.9857966899871826,YOSHINO,ONE continuous seamless cinematic shot_ never montage_ cross.mp4,5.0,0.9024235606193542,YOSHINO,ONE continuous seamless cinematic shot_ never montage_ cross.mp4,4.5,0.9009199142456055,YOSHINO,A single continuous cinematic transition connecting the exac.mp4,0.0,0.8994916677474976,YOSHINO,ONE continuous seamless cinematic shot_ never montage_ cross.mp4,4.75,0.8983688354492188,0.9857966899871826,0.3899993300437927,0.4295147955417633,0.2915745973587036,0.2782925069332123,0.3256949782371521
152,38.00691223144531,YOSHINO,YOSHINO,A single continuous cinematic transition connecting the exac.mp4,0.5,0.9875054359436035,YOSHINO,A single continuous cinematic transition connecting the exac.mp4,0.75,0.8946987390518188,YOSHINO,A single continuous cinematic transition connecting the exac.mp4,0.25,0.8411766290664673,YOSHINO,A single continuous cinematic transition connecting the exac.mp4,1.0,0.7938907146453857,YOSHINO,A single continuous cinematic transition connecting the exac.mp4,1.25,0.7781460881233215,0.9875054359436035,0.4117804765701294,0.4225136637687683,0.31911829113960266,0.2558307647705078,0.3332977592945099
153,38.256954193115234,YOSHINO,YOSHINO,A single continuous cinematic transition connecting the exac.mp4,0.75,0.9842830896377563,YOSHINO,A single continuous cinematic transition connecting the exac.mp4,1.0,0.9349161386489868,YOSHINO,A single continuous cinematic transition connecting the exac.mp4,0.5,0.8572125434875488,YOSHINO,A single continuous cinematic transition connecting the exac.mp4,1.25,0.8432397842407227,YOSHINO,A single continuous cinematic transition connecting the exac.mp4,1.5,0.8065733909606934,0.9842830896377563,0.39851218461990356,0.36219972372055054,0.33487293124198914,0.20572033524513245,0.34686803817749023
154,38.50699996948242,YOSHINO,YOSHINO,A single continuous cinematic transition connecting the exac.mp4,1.0,0.9803110361099243,YOSHINO,A single continuous cinematic transition connecting the exac.mp4,1.25,0.915971040725708,YOSHINO,A single continuous cinematic transition connecting the exac.mp4,0.75,0.9143610000610352,YOSHINO,A single continuous cinematic transition connecting the exac.mp4,1.5,0.8465036153793335,YOSHINO,A single continuous cinematic transition connecting the exac.mp4,1.75,0.7922654151916504,0.9803110361099243,0.41641056537628174,0.328050822019577,0.32735511660575867,0.19520489871501923,0.28717610239982605
155,38.75704574584961,YOSHINO,YOSHINO,A single continuous cinematic transition connecting the exac.mp4,1.25,0.9884471297264099,YOSHINO,A single continuous cinematic transition connecting the exac.mp4,1.5,0.9549040794372559,YOSHINO,A single continuous cinematic transition connecting the exac.mp4,1.75,0.8702136278152466,YOSHINO,A single continuous cinematic transition connecting the exac.mp4,1.0,0.8641982078552246,YOSHINO,A single continuous cinematic transition connecting the exac.mp4,0.75,0.8442097902297974,0.9884471297264099,0.39733341336250305,0.2822948694229126,0.34943196177482605,0.19411498308181763,0.2920358180999756
156,39.0070915222168,YOSHINO,YOSHINO,A single continuous cinematic transition connecting the exac.mp4,1.5,0.9887251257896423,YOSHINO,A single continuous cinematic transition connecting the exac.mp4,1.75,0.9488331079483032,YOSHINO,A single continuous cinematic transition connecting the exac.mp4,1.25,0.9267280101776123,YOSHINO,A single continuous cinematic transition connecting the exac.mp4,2.0,0.8420249223709106,YOSHINO,A single continuous cinematic transition connecting the exac.mp4,1.0,0.8039785623550415,0.9887251257896423,0.40634483098983765,0.297625869512558,0.3479924201965332,0.1976310759782791,0.3383573889732361
157,39.257137298583984,YOSHINO,YOSHINO,A single continuous cinematic transition connecting the exac.mp4,1.75,0.98046875,YOSHINO,A single continuous cinematic transition connecting the exac.mp4,1.5,0.9416015148162842,YOSHINO,A single continuous cinematic transition connecting the exac.mp4,1.25,0.8483579158782959,YOSHINO,A single continuous cinematic transition connecting the exac.mp4,2.0,0.8479485511779785,YOSHINO,A single continuous cinematic transition connecting the exac.mp4,1.0,0.7437713146209717,0.98046875,0.3962681293487549,0.29518842697143555,0.32631003856658936,0.21908223628997803,0.3981325030326843
158,39.50718307495117,YOSHINO,YOSHINO,A single continuous cinematic transition connecting the exac.mp4,2.0,0.9737715125083923,YOSHINO,A single continuous cinematic transition connecting the exac.mp4,1.5,0.7947399616241455,YOSHINO,A single continuous cinematic transition connecting the exac.mp4,1.75,0.7652706503868103,YOSHINO,A single continuous cinematic transition connecting the exac.mp4,1.25,0.7630795836448669,YOSHINO,A single continuous cinematic transition connecting the exac.mp4,1.0,0.623228907585144,0.9737715125083923,0.3150629997253418,0.21093884110450745,0.27732402086257935,0.12998124957084656,0.22429825365543365
159,39.75722885131836,YOSHINO,YOSHINO,A single continuous cinematic transition connecting the exac.mp4,2.25,0.9699149131774902,YOSHINO,A single continuous cinematic transition connecting the exac.mp4,2.5,0.711513876914978,YOSHINO,A single continuous cinematic transition connecting the exac.mp4,2.75,0.5613516569137573,YOSHINO,A single continuous cinematic transition connecting the exac.mp4,2.0,0.5528347492218018,YOSHINO,A single continuous cinematic transition connecting the exac.mp4,1.0,0.5317962169647217,0.9699149131774902,0.2756367325782776,0.2032662034034729,0.28148984909057617,0.13827237486839294,0.19460701942443848
160,40.00727462768555,YOSHINO,YOSHINO,A single continuous cinematic transition connecting the exac.mp4,2.5,0.975416362285614,YOSHINO,A single continuous cinematic transition connecting the exac.mp4,2.75,0.7322956323623657,YOSHINO,A single continuous cinematic transition connecting the exac.mp4,2.25,0.6709150075912476,YOSHINO,A single continuous cinematic transition connecting the exac.mp4,1.0,0.4540606439113617,YOSHINO,A single continuous cinematic transition connecting the exac.mp4,3.0,0.4529426097869873,0.975416362285614,0.30211228132247925,0.2567683756351471,0.34801703691482544,0.13144108653068542,0.2254832237958908
161,40.257320404052734,YOSHINO,YOSHINO,A single continuous cinematic transition connecting the exac.mp4,2.75,0.9563169479370117,YOSHINO,A single continuous cinematic transition connecting the exac.mp4,3.0,0.6681879758834839,YOSHINO,A single continuous cinematic transition connecting the exac.mp4,2.5,0.6650481820106506,YOSHINO,A single continuous cinematic transition connecting the exac.mp4,2.25,0.5205522775650024,YOSHINO,A single continuous cinematic transition connecting the exac.mp4,1.0,0.40398311614990234,0.9563169479370117,0.32028406858444214,0.2845689058303833,0.3177030682563782,0.21731917560100555,0.2699253261089325
162,40.50736618041992,YOSHINO,YOSHINO,A single continuous cinematic transition connecting the exac.mp4,3.0,0.9636571407318115,YOSHINO,A single continuous cinematic transition connecting the exac.mp4,3.25,0.6247786283493042,YOSHINO,A single continuous cinematic transition connecting the exac.mp4,2.75,0.5723729133605957,YOSHINO,A single continuous cinematic transition connecting the exac.mp4,3.5,0.4477754831314087,YOSHINO,A single continuous cinematic transition connecting the exac.mp4,2.5,0.4049879014492035,0.9636571407318115,0.40475213527679443,0.31184500455856323,0.33471912145614624,0.28647753596305847,0.2531884014606476
163,40.75741195678711,YOSHINO,YOSHINO,A single continuous cinematic transition connecting the exac.mp4,3.25,0.9637751579284668,YOSHINO,A single continuous cinematic transition connecting the exac.mp4,3.5,0.7484975457191467,YOSHINO,A single continuous cinematic transition connecting the exac.mp4,3.75,0.5585433840751648,YOSHINO,A single continuous cinematic transition connecting the exac.mp4,3.0,0.5300403237342834,SAKURI,Create one continuous cinematic transition shot connecting t.mp4,0.75,0.47723811864852905,0.9637751579284668,0.47723811864852905,0.33694350719451904,0.3072287142276764,0.22019891440868378,0.2528086304664612
164,41.0074577331543,YOSHINO,YOSHINO,A single continuous cinematic transition connecting the exac.mp4,3.5,0.9575340747833252,YOSHINO,A single continuous cinematic transition connecting the exac.mp4,3.75,0.848266065120697,SAKURI,SAKURI_NO_NAMEPLATE_SAFE_MASTER_1080P48.mp4,0.0,0.6798455715179443,SAKURI,Create one continuous cinematic transition shot connecting t.mp4,0.0,0.6788913607597351,YOSHINO,A single continuous cinematic transition connecting the exac.mp4,4.0,0.6508321166038513,0.9575340747833252,0.6798455715179443,0.39114880561828613,0.3748101592063904,0.28260689973831177,0.1713467538356781
165,41.25749969482422,YOSHINO,YOSHINO,A single continuous cinematic transition connecting the exac.mp4,3.75,0.9766291379928589,SAKURI,SAKURI_NO_NAMEPLATE_SAFE_MASTER_1080P48.mp4,0.0,0.8805654048919678,SAKURI,Create one continuous cinematic transition shot connecting t.mp4,0.0,0.8797100782394409,YOSHINO,A single continuous cinematic transition connecting the exac.mp4,4.0,0.8381288051605225,SAKURI,Create one continuous cinematic transition shot connecting t.mp4,0.25,0.8179396390914917,0.9766291379928589,0.8805654048919678,0.4208962619304657,0.3915184736251831,0.3531244695186615,0.16063633561134338
166,41.507545471191406,SAKURI,SAKURI,SAKURI_NO_NAMEPLATE_SAFE_MASTER_1080P48.mp4,0.0,0.977318286895752,SAKURI,Create one continuous cinematic transition shot connecting t.mp4,0.0,0.9765892028808594,YOSHINO,A single continuous cinematic transition connecting the exac.mp4,4.0,0.9630962610244751,SAKURI,Create one continuous cinematic transition shot connecting t.mp4,0.25,0.9111045598983765,SAKURI,SAKURI_NO_NAMEPLATE_SAFE_MASTER_1080P48.mp4,0.25,0.9106195569038391,0.9630962610244751,0.977318286895752,0.41225606203079224,0.414803683757782,0.39611944556236267,0.16222116351127625
167,41.757591247558594,SAKURI,SAKURI,SAKURI_NO_NAMEPLATE_SAFE_MASTER_1080P48.mp4,0.0,0.9765115976333618,SAKURI,Create one continuous cinematic transition shot connecting t.mp4,0.0,0.9758064150810242,YOSHINO,A single continuous cinematic transition connecting the exac.mp4,4.0,0.964808464050293,SAKURI,Create one continuous cinematic transition shot connecting t.mp4,0.25,0.910161018371582,SAKURI,SAKURI_NO_NAMEPLATE_SAFE_MASTER_1080P48.mp4,0.25,0.9094494581222534,0.964808464050293,0.9765115976333618,0.41334882378578186,0.41707149147987366,0.39656662940979004,0.15689928829669952
168,42.00763702392578,SAKURI,SAKURI,SAKURI_NO_NAMEPLATE_SAFE_MASTER_1080P48.mp4,0.0,0.9496862292289734,SAKURI,Create one continuous cinematic transition shot connecting t.mp4,0.0,0.9491079449653625,YOSHINO,A single continuous cinematic transition connecting the exac.mp4,4.0,0.9398622512817383,SAKURI,Create one continuous cinematic transition shot connecting t.mp4,0.25,0.8835307359695435,SAKURI,SAKURI_NO_NAMEPLATE_SAFE_MASTER_1080P48.mp4,0.25,0.8827289342880249,0.9398622512817383,0.9496862292289734,0.41421422362327576,0.41084593534469604,0.4038027226924896,0.16340729594230652
169,42.25768280029297,SAKURI,SAKURI,Create one continuous cinematic transition shot connecting t.mp4,0.25,0.9912698268890381,SAKURI,SAKURI_NO_NAMEPLATE_SAFE_MASTER_1080P48.mp4,0.25,0.9912028312683105,YOSHINO,A single continuous cinematic transition connecting the exac.mp4,4.0,0.9467300176620483,SAKURI,SAKURI_NO_NAMEPLATE_SAFE_MASTER_1080P48.mp4,0.0,0.9451746344566345,SAKURI,Create one continuous cinematic transition shot connecting t.mp4,0.0,0.9446926116943359,0.9467300176620483,0.9912698268890381,0.456699013710022,0.4670255482196808,0.3929987847805023,0.1656818687915802
170,42.507728576660156,SAKURI,SAKURI,SAKURI_NO_NAMEPLATE_SAFE_MASTER_1080P48.mp4,0.5,0.9857004880905151,SAKURI,Create one continuous cinematic transition shot connecting t.mp4,0.5,0.9853505492210388,SAKURI,SAKURI_NO_NAMEPLATE_SAFE_MASTER_1080P48.mp4,0.25,0.813416600227356,SAKURI,Create one continuous cinematic transition shot connecting t.mp4,0.25,0.8130992650985718,SAKURI,SAKURI_NO_NAMEPLATE_SAFE_MASTER_1080P48.mp4,0.0,0.7282400131225586,0.7128995060920715,0.9857004880905151,0.4553477466106415,0.49257892370224,0.35860979557037354,0.2295331060886383
171,42.757774353027344,SAKURI,SAKURI,SAKURI_NO_NAMEPLATE_SAFE_MASTER_1080P48.mp4,0.75,0.9424011707305908,SAKURI,Create one continuous cinematic transition shot connecting t.mp4,0.75,0.9422622323036194,SAKURI,SAKURI_NO_NAMEPLATE_SAFE_MASTER_1080P48.mp4,0.5,0.6696707010269165,SAKURI,Create one continuous cinematic transition shot connecting t.mp4,0.5,0.6695312857627869,YOSHINO,A single continuous cinematic transition connecting the exac.mp4,3.75,0.6266778707504272,0.6266778707504272,0.9424011707305908,0.49122047424316406,0.4781489074230194,0.3827812671661377,0.31256136298179626
172,43.00782012939453,SAKURI,SAKURI,SAKURI_NO_NAMEPLATE_SAFE_MASTER_1080P48.mp4,1.0,0.8602674007415771,SAKURI,Create one continuous cinematic transition shot connecting t.mp4,1.0,0.8600687384605408,SAKURI,Create one continuous cinematic transition shot connecting t.mp4,0.75,0.5532745122909546,SAKURI,SAKURI_NO_NAMEPLATE_SAFE_MASTER_1080P48.mp4,0.5,0.5531001091003418,SAKURI,SAKURI_NO_NAMEPLATE_SAFE_MASTER_1080P48.mp4,0.75,0.5530707836151123,0.46567606925964355,0.8602674007415771,0.4987235963344574,0.48113080859184265,0.42501577734947205,0.3440566658973694
173,43.25786590576172,SAKURI,SAKURI,SAKURI_NO_NAMEPLATE_SAFE_MASTER_1080P48.mp4,1.25,0.7568207383155823,SAKURI,Create one continuous cinematic transition shot connecting t.mp4,1.25,0.7566972970962524,TSUKUYOMI,Create one continuous 4-second cinematic transition using th.mp4,3.5,0.4999215602874756,SAKURI,SAKURI_NO_NAMEPLATE_SAFE_MASTER_1080P48.mp4,0.75,0.45333266258239746,SAKURI,Create one continuous cinematic transition shot connecting t.mp4,0.75,0.4526602029800415,0.38841575384140015,0.7568207383155823,0.4999215602874756,0.3968279957771301,0.3804907202720642,0.36305221915245056
174,43.507911682128906,SAKURI,SAKURI,SAKURI_NO_NAMEPLATE_SAFE_MASTER_1080P48.mp4,1.5,0.654827356338501,SAKURI,Create one continuous cinematic transition shot connecting t.mp4,1.5,0.6537328362464905,TSUKUYOMI,Create one continuous 4-second cinematic transition using th.mp4,2.75,0.4440496265888214,MAGIC,One continuous five-second invitation gesture from the suppl.mp4,1.5,0.4346389174461365,MAGIC,One continuous five-second invitation gesture from the suppl.mp4,1.75,0.42599618434906006,0.3674536347389221,0.654827356338501,0.4440496265888214,0.3831928074359894,0.30633750557899475,0.4346389174461365
175,43.757957458496094,SAKURI,SAKURI,SAKURI_NO_NAMEPLATE_SAFE_MASTER_1080P48.mp4,1.75,0.45386797189712524,SAKURI,Create one continuous cinematic transition shot connecting t.mp4,1.75,0.4535984992980957,MOMIJI,E _ one continuous four-second closing take from the exact s.mp4,2.5,0.2913326919078827,MOMIJI,Create a continuous four-second motion bridge between these.mp4,1.5,0.29101836681365967,MOMIJI,Create a continuous four-second motion bridge between these.mp4,1.75,0.29075953364372253,0.24407589435577393,0.45386797189712524,0.22967514395713806,0.2913326919078827,0.18152908980846405,0.220636785030365
176,44.00800323486328,SAKURI,SAKURI,SAKURI_NO_NAMEPLATE_SAFE_MASTER_1080P48.mp4,2.0,0.8216069936752319,SAKURI,Create one continuous cinematic transition shot connecting t.mp4,2.0,0.8212561011314392,SAKURI,SAKURI_NO_NAMEPLATE_SAFE_MASTER_1080P48.mp4,2.25,0.5879497528076172,SAKURI,Create one continuous cinematic transition shot connecting t.mp4,2.25,0.5873581171035767,YOSHINO,Direct continuation from the supplied last frame_ Same Yoshi.mp4,2.5,0.4191223084926605,0.4191223084926605,0.8216069936752319,0.4032785892486572,0.38215115666389465,0.2866968512535095,0.3340566158294678
177,44.2580451965332,SAKURI,SAKURI,SAKURI_NO_NAMEPLATE_SAFE_MASTER_1080P48.mp4,2.25,0.8869526386260986,SAKURI,Create one continuous cinematic transition shot connecting t.mp4,2.25,0.8862221240997314,SAKURI,SAKURI_NO_NAMEPLATE_SAFE_MASTER_1080P48.mp4,2.0,0.6064232587814331,SAKURI,Create one continuous cinematic transition shot connecting t.mp4,2.0,0.6061630249023438,SAKURI,Create one continuous cinematic transition shot connecting t.mp4,2.5,0.5879748463630676,0.4244270324707031,0.8869526386260986,0.37355220317840576,0.3142584562301636,0.19000191986560822,0.29025357961654663
178,44.50809097290039,SAKURI,SAKURI,Create one continuous cinematic transition shot connecting t.mp4,2.5,0.982375979423523,SAKURI,SAKURI_NO_NAMEPLATE_SAFE_MASTER_1080P48.mp4,2.5,0.9823123216629028,SAKURI,Create one continuous cinematic transition shot connecting t.mp4,2.75,0.9672060012817383,SAKURI,SAKURI_NO_NAMEPLATE_SAFE_MASTER_1080P48.mp4,2.75,0.9671843647956848,SAKURI,SAKURI_NO_NAMEPLATE_SAFE_MASTER_1080P48.mp4,3.25,0.9652476906776428,0.26780736446380615,0.982375979423523,0.24100449681282043,0.306240439414978,0.21022039651870728,0.19130563735961914
179,44.75813674926758,SAKURI,SAKURI,SAKURI_NO_NAMEPLATE_SAFE_MASTER_1080P48.mp4,2.75,0.9989033341407776,SAKURI,Create one continuous cinematic transition shot connecting t.mp4,2.75,0.9988470673561096,SAKURI,Create one continuous cinematic transition shot connecting t.mp4,2.5,0.9928572177886963,SAKURI,SAKURI_NO_NAMEPLATE_SAFE_MASTER_1080P48.mp4,2.5,0.99283367395401,SAKURI,SAKURI_NO_NAMEPLATE_SAFE_MASTER_1080P48.mp4,3.0,0.9919140338897705,0.24938103556632996,0.9989033341407776,0.22288824617862701,0.28606605529785156,0.21223220229148865,0.16885071992874146
180,45.008182525634766,SAKURI,SAKURI,SAKURI_NO_NAMEPLATE_SAFE_MASTER_1080P48.mp4,3.0,0.9992380142211914,SAKURI,Create one continuous cinematic transition shot connecting t.mp4,3.0,0.9991887807846069,SAKURI,Create one continuous cinematic transition shot connecting t.mp4,3.25,0.9970440864562988,SAKURI,SAKURI_NO_NAMEPLATE_SAFE_MASTER_1080P48.mp4,3.25,0.9970183372497559,SAKURI,SAKURI_NO_NAMEPLATE_SAFE_MASTER_1080P48.mp4,2.75,0.9948958158493042,0.2517346143722534,0.9992380142211914,0.21839943528175354,0.2833560109138489,0.2177237719297409,0.16191188991069794
181,45.25822830200195,SAKURI,SAKURI,Create one continuous cinematic transition shot connecting t.mp4,3.25,0.9992145299911499,SAKURI,SAKURI_NO_NAMEPLATE_SAFE_MASTER_1080P48.mp4,3.25,0.999197781085968,SAKURI,SAKURI_NO_NAMEPLATE_SAFE_MASTER_1080P48.mp4,3.0,0.9984228610992432,SAKURI,Create one continuous cinematic transition shot connecting t.mp4,3.0,0.9983751773834229,SAKURI,SAKURI_NO_NAMEPLATE_SAFE_MASTER_1080P48.mp4,4.0,0.9948819875717163,0.2516295909881592,0.9992145299911499,0.21777820587158203,0.2814605236053467,0.22008424997329712,0.16382887959480286
182,45.50827407836914,SAKURI,SAKURI,SAKURI_NO_NAMEPLATE_SAFE_MASTER_1080P48.mp4,3.5,0.9522776007652283,SAKURI,Create one continuous cinematic transition shot connecting t.mp4,3.5,0.9522141218185425,SAKURI,SAKURI_NO_NAMEPLATE_SAFE_MASTER_1080P48.mp4,6.75,0.8778276443481445,SAKURI,SAKURI_NO_NAMEPLATE_SAFE_MASTER_1080P48.mp4,6.0,0.869136393070221,SAKURI,SAKURI_NO_NAMEPLATE_SAFE_MASTER_1080P48.mp4,4.75,0.8686938285827637,0.2710312604904175,0.9522776007652283,0.1693086475133896,0.3434763550758362,0.24188232421875,0.14170707762241364
183,45.75831985473633,SAKURI,SAKURI,Create one continuous cinematic transition shot connecting t.mp4,3.25,0.91551673412323,SAKURI,SAKURI_NO_NAMEPLATE_SAFE_MASTER_1080P48.mp4,3.25,0.9153727293014526,SAKURI,SAKURI_NO_NAMEPLATE_SAFE_MASTER_1080P48.mp4,4.0,0.913053572177887,SAKURI,Create one continuous cinematic transition shot connecting t.mp4,4.0,0.913020133972168,SAKURI,SAKURI_NO_NAMEPLATE_SAFE_MASTER_1080P48.mp4,3.0,0.9124485850334167,0.28694263100624084,0.91551673412323,0.16684982180595398,0.2558811604976654,0.22023271024227142,0.24227140843868256
184,46.008365631103516,SAKURI,SAKURI,SAKURI_NO_NAMEPLATE_SAFE_MASTER_1080P48.mp4,4.0,0.999786376953125,SAKURI,Create one continuous cinematic transition shot connecting t.mp4,4.0,0.9997628927230835,SAKURI,SAKURI_NO_NAMEPLATE_SAFE_MASTER_1080P48.mp4,4.25,0.9979971647262573,SAKURI,Create one continuous cinematic transition shot connecting t.mp4,3.25,0.9963275194168091,SAKURI,SAKURI_NO_NAMEPLATE_SAFE_MASTER_1080P48.mp4,3.25,0.996256947517395,0.2554992437362671,0.999786376953125,0.20901477336883545,0.28965067863464355,0.23163995146751404,0.15458226203918457
185,46.2584114074707,SAKURI,SAKURI,SAKURI_NO_NAMEPLATE_SAFE_MASTER_1080P48.mp4,4.25,0.9991592168807983,SAKURI,Create one continuous cinematic transition shot connecting t.mp4,4.0,0.9991495013237,SAKURI,SAKURI_NO_NAMEPLATE_SAFE_MASTER_1080P48.mp4,4.0,0.9991165995597839,SAKURI,SAKURI_NO_NAMEPLATE_SAFE_MASTER_1080P48.mp4,4.5,0.9973527789115906,SAKURI,Create one continuous cinematic transition shot connecting t.mp4,3.25,0.9948354363441467,0.25310152769088745,0.9991592168807983,0.20386315882205963,0.29273509979248047,0.23172886669635773,0.15338172018527985
186,46.50845718383789,SAKURI,SAKURI,SAKURI_NO_NAMEPLATE_SAFE_MASTER_1080P48.mp4,4.5,0.9992153644561768,SAKURI,SAKURI_NO_NAMEPLATE_SAFE_MASTER_1080P48.mp4,4.25,0.9976959824562073,SAKURI,SAKURI_NO_NAMEPLATE_SAFE_MASTER_1080P48.mp4,4.75,0.9972788691520691,SAKURI,Create one continuous cinematic transition shot connecting t.mp4,4.0,0.9964489936828613,SAKURI,SAKURI_NO_NAMEPLATE_SAFE_MASTER_1080P48.mp4,4.0,0.9964299201965332,0.24795043468475342,0.9992153644561768,0.20159925520420074,0.29545384645462036,0.23321422934532166,0.15137970447540283
187,46.75850296020508,SAKURI,SAKURI,SAKURI_NO_NAMEPLATE_SAFE_MASTER_1080P48.mp4,4.75,0.9992284774780273,SAKURI,SAKURI_NO_NAMEPLATE_SAFE_MASTER_1080P48.mp4,5.0,0.9980823397636414,SAKURI,SAKURI_NO_NAMEPLATE_SAFE_MASTER_1080P48.mp4,4.5,0.998020589351654,SAKURI,SAKURI_NO_NAMEPLATE_SAFE_MASTER_1080P48.mp4,5.25,0.9973081946372986,SAKURI,SAKURI_NO_NAMEPLATE_SAFE_MASTER_1080P48.mp4,5.75,0.9971969723701477,0.24357211589813232,0.9992284774780273,0.19997498393058777,0.29761025309562683,0.2328053116798401,0.14938992261886597
188,47.008548736572266,SAKURI,SAKURI,SAKURI_NO_NAMEPLATE_SAFE_MASTER_1080P48.mp4,5.0,0.9992016553878784,SAKURI,SAKURI_NO_NAMEPLATE_SAFE_MASTER_1080P48.mp4,5.25,0.9988018870353699,SAKURI,SAKURI_NO_NAMEPLATE_SAFE_MASTER_1080P48.mp4,4.75,0.9986388683319092,SAKURI,SAKURI_NO_NAMEPLATE_SAFE_MASTER_1080P48.mp4,5.5,0.998449444770813,SAKURI,SAKURI_NO_NAMEPLATE_SAFE_MASTER_1080P48.mp4,5.75,0.997916579246521,0.23916122317314148,0.9992016553878784,0.19713886082172394,0.29802176356315613,0.23528039455413818,0.14592783153057098
189,47.25859069824219,SAKURI,SAKURI,SAKURI_NO_NAMEPLATE_SAFE_MASTER_1080P48.mp4,5.25,0.9994414448738098,SAKURI,SAKURI_NO_NAMEPLATE_SAFE_MASTER_1080P48.mp4,5.0,0.9994388222694397,SAKURI,SAKURI_NO_NAMEPLATE_SAFE_MASTER_1080P48.mp4,5.5,0.9991728067398071,SAKURI,SAKURI_NO_NAMEPLATE_SAFE_MASTER_1080P48.mp4,5.75,0.9985517859458923,SAKURI,SAKURI_NO_NAMEPLATE_SAFE_MASTER_1080P48.mp4,4.75,0.9983681440353394,0.23934727907180786,0.9994414448738098,0.1960509717464447,0.2971084713935852,0.23427830636501312,0.14747510850429535
190,47.508636474609375,SAKURI,SAKURI,SAKURI_NO_NAMEPLATE_SAFE_MASTER_1080P48.mp4,5.5,0.9994511604309082,SAKURI,SAKURI_NO_NAMEPLATE_SAFE_MASTER_1080P48.mp4,5.25,0.9994344115257263,SAKURI,SAKURI_NO_NAMEPLATE_SAFE_MASTER_1080P48.mp4,5.0,0.9992642998695374,SAKURI,SAKURI_NO_NAMEPLATE_SAFE_MASTER_1080P48.mp4,5.75,0.9989797472953796,SAKURI,SAKURI_NO_NAMEPLATE_SAFE_MASTER_1080P48.mp4,6.0,0.9982455968856812,0.23928700387477875,0.9994511604309082,0.19590720534324646,0.29605209827423096,0.23602671921253204,0.1487795114517212
191,47.75868225097656,SAKURI,SAKURI,SAKURI_NO_NAMEPLATE_SAFE_MASTER_1080P48.mp4,5.75,0.9993537068367004,SAKURI,SAKURI_NO_NAMEPLATE_SAFE_MASTER_1080P48.mp4,5.5,0.9993277788162231,SAKURI,SAKURI_NO_NAMEPLATE_SAFE_MASTER_1080P48.mp4,5.25,0.9990072846412659,SAKURI,SAKURI_NO_NAMEPLATE_SAFE_MASTER_1080P48.mp4,6.0,0.9989333748817444,SAKURI,SAKURI_NO_NAMEPLATE_SAFE_MASTER_1080P48.mp4,5.0,0.9988620281219482,0.24029257893562317,0.9993537068367004,0.19770008325576782,0.2954387366771698,0.2372271567583084,0.15124183893203735
192,48.00872802734375,SAKURI,SAKURI,SAKURI_NO_NAMEPLATE_SAFE_MASTER_1080P48.mp4,6.0,0.9997220039367676,SAKURI,SAKURI_NO_NAMEPLATE_SAFE_MASTER_1080P48.mp4,5.75,0.9994694590568542,SAKURI,SAKURI_NO_NAMEPLATE_SAFE_MASTER_1080P48.mp4,5.5,0.9989191293716431,SAKURI,SAKURI_NO_NAMEPLATE_SAFE_MASTER_1080P48.mp4,6.5,0.9986938834190369,SAKURI,SAKURI_NO_NAMEPLATE_SAFE_MASTER_1080P48.mp4,5.25,0.9983888864517212,0.24304413795471191,0.9997220039367676,0.2002425640821457,0.2901117503643036,0.23334455490112305,0.1559765636920929
193,48.25877380371094,SAKURI,SAKURI,SAKURI_NO_NAMEPLATE_SAFE_MASTER_1080P48.mp4,6.5,0.9758880138397217,SAKURI,A1 _ one continuous four-second locked-camera interpolation.mp4,2.0,0.9754912853240967,SAKURI,A1 _ one continuous four-second locked-camera interpolation.mp4,0.75,0.9752163887023926,SAKURI,SAKURI_NO_NAMEPLATE_SAFE_MASTER_1080P48.mp4,6.0,0.9751977920532227,SAKURI,A1 _ one continuous four-second locked-camera interpolation.mp4,2.25,0.9751150608062744,0.24854061007499695,0.9758880138397217,0.20082688331604004,0.268097460269928,0.20866113901138306,0.15569272637367249
194,48.508819580078125,SAKURI,SAKURI,SAKURI_NO_NAMEPLATE_SAFE_MASTER_1080P48.mp4,6.5,0.996752142906189,SAKURI,SAKURI_NO_NAMEPLATE_SAFE_MASTER_1080P48.mp4,6.0,0.9952089190483093,SAKURI,A1 _ one continuous four-second locked-camera interpolation.mp4,2.0,0.9941875338554382,SAKURI,SAKURI_NO_NAMEPLATE_SAFE_MASTER_1080P48.mp4,5.75,0.9941378831863403,SAKURI,A1 _ one continuous four-second locked-camera interpolation.mp4,2.25,0.9941222071647644,0.24837565422058105,0.996752142906189,0.19706037640571594,0.2764725685119629,0.24211618304252625,0.15509580075740814
195,48.75886535644531,SAKURI,SAKURI,SAKURI_NO_NAMEPLATE_SAFE_MASTER_1080P48.mp4,6.5,0.9983441829681396,SAKURI,SAKURI_NO_NAMEPLATE_SAFE_MASTER_1080P48.mp4,6.0,0.9969359636306763,SAKURI,SAKURI_NO_NAMEPLATE_SAFE_MASTER_1080P48.mp4,6.75,0.9968366622924805,SAKURI,SAKURI_NO_NAMEPLATE_SAFE_MASTER_1080P48.mp4,5.75,0.9966031908988953,SAKURI,SAKURI_NO_NAMEPLATE_SAFE_MASTER_1080P48.mp4,5.5,0.9963799715042114,0.24287107586860657,0.9983441829681396,0.20013056695461273,0.2876206040382385,0.23087307810783386,0.16063010692596436
196,49.0089111328125,SAKURI,SAKURI,SAKURI_NO_NAMEPLATE_SAFE_MASTER_1080P48.mp4,7.0,0.9758482575416565,SAKURI,A2 _ direct continuation from the exact extracted frame of t.mp4,0.0,0.9713211059570312,SAKURI,A2 _ direct continuation from the exact extracted frame of t.mp4,0.25,0.9701308608055115,SAKURI,A1 _ one continuous four-second locked-camera interpolation.mp4,2.0,0.9692907929420471,SAKURI,A1 _ one continuous four-second locked-camera interpolation.mp4,2.25,0.9690649509429932,0.2097414880990982,0.9758482575416565,0.19594550132751465,0.2522367835044861,0.21973355114459991,0.17869694530963898
197,49.25895690917969,SAKURI,SAKURI,SAKURI_NO_NAMEPLATE_SAFE_MASTER_1080P48.mp4,7.25,0.9941622018814087,SAKURI,A2 _ direct continuation from the exact extracted frame of t.mp4,0.25,0.9922078847885132,SAKURI,A2 _ direct continuation from the exact extracted frame of t.mp4,0.0,0.9912774562835693,SAKURI,A2 _ direct continuation from the exact extracted frame of t.mp4,0.5,0.9887592196464539,SAKURI,SAKURI_NO_NAMEPLATE_SAFE_MASTER_1080P48.mp4,7.5,0.9882113337516785,0.2469896823167801,0.9941622018814087,0.19313858449459076,0.2606618404388428,0.24263730645179749,0.15421296656131744
198,49.509002685546875,SAKURI,SAKURI,SAKURI_NO_NAMEPLATE_SAFE_MASTER_1080P48.mp4,7.5,0.9988401532173157,SAKURI,SAKURI_NO_NAMEPLATE_SAFE_MASTER_1080P48.mp4,7.25,0.9961515665054321,SAKURI,A2 _ direct continuation from the exact extracted frame of t.mp4,0.5,0.9954710602760315,SAKURI,SAKURI_NO_NAMEPLATE_SAFE_MASTER_1080P48.mp4,7.75,0.9941527247428894,SAKURI,A2 _ direct continuation from the exact extracted frame of t.mp4,0.25,0.9928209781646729,0.2295711636543274,0.9988401532173157,0.19158637523651123,0.2673686444759369,0.22725464403629303,0.1635274440050125
199,49.75904846191406,SAKURI,SAKURI,SAKURI_NO_NAMEPLATE_SAFE_MASTER_1080P48.mp4,7.75,0.9990957975387573,SAKURI,SAKURI_NO_NAMEPLATE_SAFE_MASTER_1080P48.mp4,7.5,0.996399998664856,SAKURI,A2 _ direct continuation from the exact extracted frame of t.mp4,0.75,0.9955734610557556,SAKURI,SAKURI_NO_NAMEPLATE_SAFE_MASTER_1080P48.mp4,8.0,0.9938574433326721,SAKURI,A2 _ direct continuation from the exact extracted frame of t.mp4,1.0,0.9929177761077881,0.22686849534511566,0.9990957975387573,0.18852485716342926,0.2703728675842285,0.21757860481739044,0.15915349125862122
200,50.00909423828125,SAKURI,SAKURI,SAKURI_NO_NAMEPLATE_SAFE_MASTER_1080P48.mp4,8.0,0.9996455311775208,SAKURI,SAKURI_NO_NAMEPLATE_SAFE_MASTER_1080P48.mp4,7.75,0.9959142208099365,SAKURI,SAKURI_NO_NAMEPLATE_SAFE_MASTER_1080P48.mp4,8.25,0.9946386218070984,SAKURI,A2 _ direct continuation from the exact extracted frame of t.mp4,1.0,0.9929165840148926,SAKURI,A2 _ direct continuation from the exact extracted frame of t.mp4,1.25,0.991632342338562,0.23213447630405426,0.9996455311775208,0.1836366057395935,0.27825015783309937,0.20682892203330994,0.158072829246521
201,50.25913619995117,SAKURI,SAKURI,SAKURI_NO_NAMEPLATE_SAFE_MASTER_1080P48.mp4,8.25,0.9988101124763489,SAKURI,SAKURI_NO_NAMEPLATE_SAFE_MASTER_1080P48.mp4,8.0,0.9975554943084717,SAKURI,A2 _ direct continuation from the exact extracted frame of t.mp4,1.25,0.9943203926086426,SAKURI,A2 _ direct continuation from the exact extracted frame of t.mp4,1.0,0.9893735647201538,SAKURI,A2 _ direct continuation from the exact extracted frame of t.mp4,1.5,0.9891132116317749,0.24028968811035156,0.9988101124763489,0.18482637405395508,0.28402361273765564,0.2110695093870163,0.15886925160884857
202,50.50918197631836,SAKURI,SAKURI,SAKURI_NO_NAMEPLATE_SAFE_MASTER_1080P48.mp4,8.5,0.9979640245437622,SAKURI,A3 _ direct continuation from the exact extracted near-final.mp4,0.25,0.9903828501701355,SAKURI,SAKURI_NO_NAMEPLATE_SAFE_MASTER_1080P48.mp4,7.75,0.9787203073501587,SAKURI,SAKURI_NO_NAMEPLATE_SAFE_MASTER_1080P48.mp4,7.5,0.9770007133483887,SAKURI,A2 _ direct continuation from the exact extracted frame of t.mp4,0.75,0.9746943712234497,0.22706764936447144,0.9979640245437622,0.18643657863140106,0.2744177579879761,0.21705423295497894,0.1461377888917923
203,50.75922775268555,SAKURI,SAKURI,SAKURI_NO_NAMEPLATE_SAFE_MASTER_1080P48.mp4,8.75,0.9899031519889832,SAKURI,A3 _ direct continuation from the exact extracted near-final.mp4,0.5,0.9886060953140259,SAKURI,SAKURI_NO_NAMEPLATE_SAFE_MASTER_1080P48.mp4,8.5,0.967877984046936,SAKURI,A3 _ direct continuation from the exact extracted near-final.mp4,0.75,0.9479686617851257,SAKURI,A3 _ direct continuation from the exact extracted near-final.mp4,0.25,0.9381610155105591,0.2385219931602478,0.9899031519889832,0.18455356359481812,0.26751136779785156,0.197906956076622,0.1535583883523941
204,51.009273529052734,SAKURI,SAKURI,A3 _ direct continuation from the exact extracted near-final.mp4,0.75,0.9523150324821472,SAKURI,One continuous four-second conservative repair shot connecti.mp4,0.25,0.9213662147521973,SAKURI,One continuous four-second repair shot between two adjacent.mp4,0.25,0.900945782661438,SAKURI,A3 _ direct continuation from the exact extracted near-final.mp4,1.0,0.8955292701721191,SAKURI,One continuous four-second repair shot between two adjacent.mp4,0.0,0.8948225975036621,0.2476269155740738,0.9523150324821472,0.2143232673406601,0.24647217988967896,0.2414194643497467,0.1925465315580368
205,51.25931930541992,SAKURI,SAKURI,SAKURI_NO_NAMEPLATE_SAFE_MASTER_1080P48.mp4,9.25,0.9621802568435669,SAKURI,Bridge 1B_ One continuous four-second transition between the.mp4,3.25,0.9357802867889404,SAKURI,Bridge 1B_ One continuous four-second transition between the.mp4,3.5,0.9007799625396729,SAKURI,One continuous four-second conservative repair shot connecti.mp4,3.25,0.8486129641532898,SAKURI,One continuous four-second repair shot between two adjacent.mp4,3.25,0.8475126028060913,0.26378461718559265,0.9621802568435669,0.17122535407543182,0.3224540948867798,0.1779441386461258,0.15506422519683838
206,51.50936508178711,SAKURI,SAKURI,A3 _ direct continuation from the exact extracted near-final.mp4,1.25,0.9728180170059204,SAKURI,SAKURI_NO_NAMEPLATE_SAFE_MASTER_1080P48.mp4,9.5,0.944210410118103,SAKURI,Bridge 1B_ One continuous four-second transition between the.mp4,4.0,0.8267077803611755,SAKURI,Bridge 1A_ One continuous four-second repair shot between th.mp4,4.0,0.8247271180152893,SAKURI,Single continuous 6-second take_ Begin exactly at the suppli.mp4,0.75,0.7673414945602417,0.31303972005844116,0.9728180170059204,0.20899829268455505,0.26695629954338074,0.1645846962928772,0.14785537123680115
207,51.7594108581543,SAKURI,SAKURI,A3 _ direct continuation from the exact extracted near-final.mp4,1.5,0.9792179465293884,SAKURI,SAKURI_NO_NAMEPLATE_SAFE_MASTER_1080P48.mp4,9.75,0.9148746132850647,SAKURI,A3 _ direct continuation from the exact extracted near-final.mp4,1.75,0.8304830193519592,SAKURI,SAKURI_NO_NAMEPLATE_SAFE_MASTER_1080P48.mp4,10.0,0.8303009271621704,SAKURI,Create one continuous four-second in-camera transition betwe.mp4,0.5,0.7863742709159851,0.27162477374076843,0.9792179465293884,0.29155561327934265,0.19773134589195251,0.22246401011943817,0.13707076013088226
208,52.009456634521484,SAKURI,SAKURI,SAKURI_NO_NAMEPLATE_SAFE_MASTER_1080P48.mp4,10.0,0.9982995986938477,SAKURI,A3 _ direct continuation from the exact extracted near-final.mp4,1.75,0.9921621680259705,SAKURI,SAKURI_NO_NAMEPLATE_SAFE_MASTER_1080P48.mp4,10.25,0.9497379660606384,SAKURI,A3 _ direct continuation from the exact extracted near-final.mp4,2.0,0.9477548599243164,SAKURI,Create one continuous four-second in-camera transition betwe.mp4,0.5,0.9154744148254395,0.29828980565071106,0.9982995986938477,0.3057610094547272,0.2771262228488922,0.19835540652275085,0.24716293811798096
209,52.25950241088867,SAKURI,SAKURI,SAKURI_NO_NAMEPLATE_SAFE_MASTER_1080P48.mp4,10.25,0.9985452890396118,SAKURI,A3 _ direct continuation from the exact extracted near-final.mp4,2.0,0.99210524559021,SAKURI,SAKURI_NO_NAMEPLATE_SAFE_MASTER_1080P48.mp4,10.5,0.971433699131012,SAKURI,SAKURI_NO_NAMEPLATE_SAFE_MASTER_1080P48.mp4,10.0,0.9686998724937439,SAKURI,A3 _ direct continuation from the exact extracted near-final.mp4,2.25,0.9677305221557617,0.29805973172187805,0.9985452890396118,0.2981100082397461,0.2750667929649353,0.18592458963394165,0.22424428164958954
210,52.50954818725586,SAKURI,SAKURI,SAKURI_NO_NAMEPLATE_SAFE_MASTER_1080P48.mp4,10.5,0.9989941716194153,SAKURI,A3 _ direct continuation from the exact extracted near-final.mp4,2.25,0.9942260980606079,SAKURI,SAKURI_NO_NAMEPLATE_SAFE_MASTER_1080P48.mp4,10.75,0.9898430109024048,SAKURI,A3 _ direct continuation from the exact extracted near-final.mp4,2.5,0.9853385090827942,SAKURI,SAKURI_NO_NAMEPLATE_SAFE_MASTER_1080P48.mp4,10.25,0.9830800294876099,0.28309252858161926,0.9989941716194153,0.2641480267047882,0.263439416885376,0.19547604024410248,0.19995781779289246
211,52.75959396362305,SAKURI,SAKURI,SAKURI_NO_NAMEPLATE_SAFE_MASTER_1080P48.mp4,10.75,0.9993578195571899,SAKURI,A3 _ direct continuation from the exact extracted near-final.mp4,2.5,0.9944260120391846,SAKURI,SAKURI_NO_NAMEPLATE_SAFE_MASTER_1080P48.mp4,10.5,0.9938164353370667,SAKURI,SAKURI_NO_NAMEPLATE_SAFE_MASTER_1080P48.mp4,11.0,0.9921809434890747,SAKURI,A3 _ direct continuation from the exact extracted near-final.mp4,2.75,0.9900091290473938,0.28092318773269653,0.9993578195571899,0.257935494184494,0.25630927085876465,0.19913461804389954,0.1783728301525116
212,53.009639739990234,SAKURI,SAKURI,SAKURI_NO_NAMEPLATE_SAFE_MASTER_1080P48.mp4,11.0,0.9986194968223572,SAKURI,SAKURI_NO_NAMEPLATE_SAFE_MASTER_1080P48.mp4,10.75,0.9962354898452759,SAKURI,A3 _ direct continuation from the exact extracted near-final.mp4,2.75,0.9956992864608765,SAKURI,SAKURI_NO_NAMEPLATE_SAFE_MASTER_1080P48.mp4,11.25,0.993336021900177,SAKURI,Bridge 2A_ Create one continuous four-second practical in-ca.mp4,0.25,0.9919017553329468,0.28138309717178345,0.9986194968223572,0.2591136693954468,0.2509753108024597,0.2022964358329773,0.16425228118896484
213,53.259681701660156,SAKURI,SAKURI,SAKURI_NO_NAMEPLATE_SAFE_MASTER_1080P48.mp4,11.25,0.9992867112159729,SAKURI,SAKURI_NO_NAMEPLATE_SAFE_MASTER_1080P48.mp4,11.5,0.9976039528846741,SAKURI,SAKURI_NO_NAMEPLATE_SAFE_MASTER_1080P48.mp4,11.0,0.9966287016868591,SAKURI,A3 _ direct continuation from the exact extracted near-final.mp4,3.0,0.9957327842712402,SAKURI,SAKURI_NO_NAMEPLATE_SAFE_MASTER_1080P48.mp4,12.25,0.9954981207847595,0.28096920251846313,0.9992867112159729,0.253613144159317,0.24590399861335754,0.21148282289505005,0.14694014191627502
214,53.509727478027344,SAKURI,SAKURI,SAKURI_NO_NAMEPLATE_SAFE_MASTER_1080P48.mp4,11.5,0.9992592930793762,SAKURI,SAKURI_NO_NAMEPLATE_SAFE_MASTER_1080P48.mp4,11.25,0.9985494613647461,SAKURI,SAKURI_NO_NAMEPLATE_SAFE_MASTER_1080P48.mp4,12.25,0.9972026944160461,SAKURI,A3 _ direct continuation from the exact extracted near-final.mp4,3.25,0.9965019226074219,SAKURI,Bridge 2A_ Create one continuous four-second practical in-ca.mp4,0.0,0.9963524341583252,0.2775317132472992,0.9992592930793762,0.25461167097091675,0.24508747458457947,0.2129395306110382,0.1454463005065918
215,53.75977325439453,SAKURI,SAKURI,SAKURI_NO_NAMEPLATE_SAFE_MASTER_1080P48.mp4,12.0,0.9958340525627136,SAKURI,SAKURI_NO_NAMEPLATE_SAFE_MASTER_1080P48.mp4,11.75,0.995514452457428,SAKURI,SAKURI_NO_NAMEPLATE_SAFE_MASTER_1080P48.mp4,11.5,0.9950477480888367,SAKURI,SAKURI_NO_NAMEPLATE_SAFE_MASTER_1080P48.mp4,12.25,0.9939285516738892,SAKURI,SAKURI_NO_NAMEPLATE_SAFE_MASTER_1080P48.mp4,11.25,0.9938145279884338,0.2852802872657776,0.9958340525627136,0.2578238248825073,0.24780353903770447,0.21088159084320068,0.14336270093917847
216,54.00981903076172,SAKURI,SAKURI,SAKURI_NO_NAMEPLATE_SAFE_MASTER_1080P48.mp4,12.0,0.9985405802726746,SAKURI,SAKURI_NO_NAMEPLATE_SAFE_MASTER_1080P48.mp4,11.75,0.9927354454994202,SAKURI,SAKURI_NO_NAMEPLATE_SAFE_MASTER_1080P48.mp4,11.5,0.9840612411499023,SAKURI,A3 _ direct continuation from the exact extracted near-final.mp4,3.5,0.9836785197257996,SAKURI,A3 _ direct continuation from the exact extracted near-final.mp4,3.75,0.9836254119873047,0.2754259407520294,0.9985405802726746,0.24990540742874146,0.23809735476970673,0.21084406971931458,0.15244844555854797
217,54.259864807128906,SAKURI,SAKURI,SAKURI_NO_NAMEPLATE_SAFE_MASTER_1080P48.mp4,12.25,0.9993570446968079,SAKURI,SAKURI_NO_NAMEPLATE_SAFE_MASTER_1080P48.mp4,11.5,0.9980894923210144,SAKURI,SAKURI_NO_NAMEPLATE_SAFE_MASTER_1080P48.mp4,11.25,0.9967262744903564,SAKURI,Create one continuous four-second in-camera transition betwe.mp4,0.0,0.9959937334060669,SAKURI,Create a single continuous four-second cinematic bridge from.mp4,0.0,0.9958541393280029,0.2864007353782654,0.9993570446968079,0.2545033097267151,0.2526559829711914,0.2100001722574234,0.1446639597415924
218,54.509910583496094,SAKURI,SAKURI,SAKURI_NO_NAMEPLATE_SAFE_MASTER_1080P48.mp4,12.5,0.9943837523460388,SAKURI,Bridge 2B_ One continuous four-second transition between the.mp4,0.5,0.9915125370025635,SAKURI,SAKURI_NO_NAMEPLATE_SAFE_MASTER_1080P48.mp4,12.25,0.9885915517807007,SAKURI,SAKURI_NO_NAMEPLATE_SAFE_MASTER_1080P48.mp4,11.25,0.9872568249702454,SAKURI,SAKURI_NO_NAMEPLATE_SAFE_MASTER_1080P48.mp4,11.5,0.9869441390037537,0.2886791229248047,0.9943837523460388,0.2601375877857208,0.24787862598896027,0.20503899455070496,0.13196603953838348
219,54.75995635986328,SAKURI,SAKURI,Bridge 2B_ One continuous four-second transition between the.mp4,0.75,0.9933016300201416,SAKURI,SAKURI_NO_NAMEPLATE_SAFE_MASTER_1080P48.mp4,12.75,0.9727227687835693,SAKURI,SAKURI_NO_NAMEPLATE_SAFE_MASTER_1080P48.mp4,13.25,0.921465277671814,SAKURI,Bridge 2B_ One continuous four-second transition between the.mp4,1.25,0.9194090366363525,SAKURI,Create a single continuous four-second cinematic bridge from.mp4,0.25,0.911958634853363,0.30378010869026184,0.9933016300201416,0.2558779716491699,0.2895611524581909,0.20902621746063232,0.15324856340885162
220,55.01000213623047,SAKURI,SAKURI,Bridge 2B_ One continuous four-second transition between the.mp4,1.0,0.9926508069038391,SAKURI,SAKURI_NO_NAMEPLATE_SAFE_MASTER_1080P48.mp4,13.0,0.9706348180770874,SAKURI,SAKURI_NO_NAMEPLATE_SAFE_MASTER_1080P48.mp4,12.75,0.8655292987823486,SAKURI,Bridge 2B_ One continuous four-second transition between the.mp4,1.25,0.8637880682945251,SAKURI,SAKURI_NO_NAMEPLATE_SAFE_MASTER_1080P48.mp4,13.25,0.8636105060577393,0.3005084991455078,0.9926508069038391,0.24738553166389465,0.30553147196769714,0.24073192477226257,0.14245560765266418
221,55.260047912597656,SAKURI,SAKURI,Bridge 2B_ One continuous four-second transition between the.mp4,1.25,0.9969803690910339,SAKURI,SAKURI_NO_NAMEPLATE_SAFE_MASTER_1080P48.mp4,13.25,0.996326208114624,SAKURI,Bridge 2B_ One continuous four-second transition between the.mp4,1.5,0.9626556634902954,SAKURI,Bridge 2B_ One continuous four-second transition between the.mp4,0.75,0.9245054721832275,SAKURI,SAKURI_NO_NAMEPLATE_SAFE_MASTER_1080P48.mp4,12.75,0.9133797287940979,0.29075929522514343,0.9969803690910339,0.22439368069171906,0.2766522169113159,0.21312560141086578,0.13677722215652466
222,55.510093688964844,SAKURI,SAKURI,Bridge 2B_ One continuous four-second transition between the.mp4,1.5,0.9966989755630493,SAKURI,SAKURI_NO_NAMEPLATE_SAFE_MASTER_1080P48.mp4,13.25,0.9757165312767029,SAKURI,Bridge 2B_ One continuous four-second transition between the.mp4,1.25,0.9680349826812744,SAKURI,SAKURI_NO_NAMEPLATE_SAFE_MASTER_1080P48.mp4,13.5,0.9333381056785583,SAKURI,Bridge 2B_ One continuous four-second transition between the.mp4,0.75,0.9081976413726807,0.2663268446922302,0.9966989755630493,0.2317921668291092,0.2732866704463959,0.23235869407653809,0.14412973821163177
223,55.76013946533203,SAKURI,SAKURI,Bridge 2B_ One continuous four-second transition between the.mp4,1.75,0.9980324506759644,SAKURI,SAKURI_NO_NAMEPLATE_SAFE_MASTER_1080P48.mp4,13.75,0.8871426582336426,SAKURI,Bridge 2B_ One continuous four-second transition between the.mp4,2.0,0.5866634845733643,SAKURI,SAKURI_NO_NAMEPLATE_SAFE_MASTER_1080P48.mp4,13.5,0.50971519947052,SAKURI,Create a single continuous four-second cinematic bridge from.mp4,1.5,0.475561261177063,0.3346451222896576,0.9980324506759644,0.3711690902709961,0.41703861951828003,0.35335928201675415,0.29809245467185974
224,56.01018524169922,SAKURI,SAKURI,Bridge 2B_ One continuous four-second transition between the.mp4,2.0,0.9990196228027344,SAKURI,SAKURI_NO_NAMEPLATE_SAFE_MASTER_1080P48.mp4,14.0,0.6732591986656189,SAKURI,Bridge 2B_ One continuous four-second transition between the.mp4,1.75,0.5982398390769958,SAKURI,SAKURI_NO_NAMEPLATE_SAFE_MASTER_1080P48.mp4,13.75,0.5961756706237793,SAKURI,Create one continuous four-second in-camera transition betwe.mp4,2.25,0.5141672492027283,0.33378249406814575,0.9990196228027344,0.49625587463378906,0.32614582777023315,0.4164445400238037,0.3342911899089813
225,56.260231018066406,SAKURI,SAKURI,Bridge 2B_ One continuous four-second transition between the.mp4,2.25,0.9990126490592957,SAKURI,SAKURI_NO_NAMEPLATE_SAFE_MASTER_1080P48.mp4,14.25,0.7342149019241333,SETSUKA,Create one continuous cinematic 4-second transition using th.mp4,1.0,0.3814327120780945,SAKURI,Create a single continuous four-second cinematic bridge from.mp4,2.25,0.3808480501174927,SAKURI,Create one continuous four-second in-camera transition betwe.mp4,2.5,0.3615575432777405,0.25621506571769714,0.9990126490592957,0.1731174886226654,0.24711403250694275,0.3814327120780945,0.14218434691429138
226,56.51027297973633,SAKURI,SAKURI,Bridge 2B_ One continuous four-second transition between the.mp4,2.5,0.9985256195068359,SAKURI,SAKURI_NO_NAMEPLATE_SAFE_MASTER_1080P48.mp4,14.5,0.6536191701889038,SAKURI,Create one continuous four-second in-camera transition betwe.mp4,2.5,0.29063957929611206,SAKURI,SAKURI_NO_NAMEPLATE_SAFE_MASTER_1080P48.mp4,15.0,0.2866252660751343,SAKURI,Bridge 2B_ One continuous four-second transition between the.mp4,3.0,0.27961352467536926,0.1636113077402115,0.9985256195068359,0.20201006531715393,0.20188400149345398,0.15488870441913605,0.17686933279037476
227,56.760318756103516,SAKURI,SAKURI,Bridge 2B_ One continuous four-second transition between the.mp4,2.75,0.9969495534896851,SAKURI,SAKURI_NO_NAMEPLATE_SAFE_MASTER_1080P48.mp4,14.75,0.33233898878097534,SAKURI,Create one continuous four-second in-camera transition betwe.mp4,1.75,0.3178670406341553,SAKURI,Bridge 2A_ Create one continuous four-second practical in-ca.mp4,3.0,0.3005977272987366,SAKURI,SAKURI_NO_NAMEPLATE_SAFE_MASTER_1080P48.mp4,14.25,0.29755327105522156,0.20738743245601654,0.9969495534896851,0.21710237860679626,0.21411706507205963,0.21813106536865234,0.23204821348190308
228,57.0103645324707,SAKURI,SAKURI,Bridge 2B_ One continuous four-second transition between the.mp4,3.0,0.998908519744873,SAKURI,SAKURI_NO_NAMEPLATE_SAFE_MASTER_1080P48.mp4,15.0,0.5677163600921631,SAKURI,Bridge 2A_ Create one continuous four-second practical in-ca.mp4,1.5,0.36077919602394104,SAKURI,Create a single continuous four-second cinematic bridge from.mp4,2.75,0.3459493815898895,SAKURI,SAKURI_NO_NAMEPLATE_SAFE_MASTER_1080P48.mp4,14.5,0.323404997587204,0.14835307002067566,0.998908519744873,0.2703477442264557,0.2563994824886322,0.2114238142967224,0.11718251556158066
229,57.26041030883789,SAKURI,SAKURI,Bridge 2B_ One continuous four-second transition between the.mp4,3.25,0.9984654784202576,SAKURI,SAKURI_NO_NAMEPLATE_SAFE_MASTER_1080P48.mp4,15.25,0.6943214535713196,SAKURI,Create one continuous four-second in-camera transition betwe.mp4,3.25,0.4988190531730652,SAKURI,Create one continuous four-second in-camera transition betwe.mp4,3.5,0.46760791540145874,SAKURI,Create one continuous four-second in-camera transition betwe.mp4,3.0,0.42606455087661743,0.19078189134597778,0.9984654784202576,0.19919446110725403,0.2501679062843323,0.23791377246379852,0.28683409094810486
230,57.51045608520508,SAKURI,SAKURI,Bridge 2B_ One continuous four-second transition between the.mp4,3.5,0.9973140954971313,SAKURI,SAKURI_NO_NAMEPLATE_SAFE_MASTER_1080P48.mp4,15.5,0.9636411070823669,SAKURI,Bridge 2A_ Create one continuous four-second practical in-ca.mp4,3.75,0.9170632362365723,SAKURI,Bridge 2B_ One continuous four-second transition between the.mp4,3.75,0.9036415219306946,SAKURI,Bridge 2B_ One continuous four-second transition between the.mp4,4.0,0.9003055095672607,0.18299001455307007,0.9973140954971313,0.17290474474430084,0.2440163493156433,0.2234557420015335,0.1371355503797531
231,57.760501861572266,SAKURI,SAKURI,SAKURI_NO_NAMEPLATE_SAFE_MASTER_1080P48.mp4,15.75,0.998505175113678,SAKURI,Bridge 2B_ One continuous four-second transition between the.mp4,3.75,0.9971548318862915,SAKURI,SAKURI_NO_NAMEPLATE_SAFE_MASTER_1080P48.mp4,16.0,0.9965832233428955,SAKURI,Bridge 2B_ One continuous four-second transition between the.mp4,4.0,0.9955716133117676,SAKURI,Bridge 2A_ Create one continuous four-second practical in-ca.mp4,4.0,0.9955068826675415,0.20098228752613068,0.998505175113678,0.20401978492736816,0.2680325210094452,0.22859984636306763,0.14935025572776794
232,58.01054763793945,SAKURI,SAKURI,SAKURI_NO_NAMEPLATE_SAFE_MASTER_1080P48.mp4,16.0,0.9996322393417358,SAKURI,SAKURI_NO_NAMEPLATE_SAFE_MASTER_1080P48.mp4,15.75,0.9987694025039673,SAKURI,Bridge 2A_ Create one continuous four-second practical in-ca.mp4,4.0,0.9947911500930786,SAKURI,Bridge 2B_ One continuous four-second transition between the.mp4,4.0,0.9945669174194336,SAKURI,Single continuous 6-second take_ Begin exactly at the suppli (1).mp4,0.25,0.9943999648094177,0.21115323901176453,0.9996322393417358,0.2072475403547287,0.27747842669487,0.22541727125644684,0.15298932790756226
233,58.26059341430664,SAKURI,SAKURI,Single continuous 6-second take_ Begin exactly at the suppli (1).mp4,0.5,0.9708946943283081,SAKURI,Single continuous 6-second take_ Begin exactly at the suppli (1).mp4,0.25,0.9665441513061523,SAKURI,SAKURI_NO_NAMEPLATE_SAFE_MASTER_1080P48.mp4,15.75,0.9663482904434204,SAKURI,SAKURI_NO_NAMEPLATE_SAFE_MASTER_1080P48.mp4,16.0,0.9623028039932251,SAKURI,Bridge 2B_ One continuous four-second transition between the.mp4,3.75,0.961529016494751,0.22929680347442627,0.9708946943283081,0.22159811854362488,0.27193814516067505,0.23951920866966248,0.16674712300300598
234,58.51063919067383,SAKURI,SAKURI,Single continuous 6-second take_ Begin exactly at the suppli (1).mp4,0.5,0.9469789862632751,SAKURI,Single continuous 6-second take_ Begin exactly at the suppli (1).mp4,0.75,0.9451354742050171,SAKURI,Single continuous 6-second take_ Begin exactly at the suppli (1).mp4,0.25,0.8431087732315063,SAKURI,SAKURI_NO_NAMEPLATE_SAFE_MASTER_1080P48.mp4,15.75,0.8395261764526367,SAKURI,SAKURI_NO_NAMEPLATE_SAFE_MASTER_1080P48.mp4,16.0,0.8367251753807068,0.2569146156311035,0.9469789862632751,0.2057250589132309,0.2650010585784912,0.21788805723190308,0.20646779239177704
235,58.760684967041016,SAKURI,SAKURI,Single continuous 6-second take_ Begin exactly at the suppli (1).mp4,1.0,0.9293085932731628,SAKURI,Single continuous 6-second take_ Begin exactly at the suppli (1).mp4,0.75,0.8821718692779541,SAKURI,Single continuous 6-second take_ Begin exactly at the suppli (1).mp4,1.25,0.8188915252685547,SAKURI,Single continuous 6-second take_ Begin exactly at the suppli (1).mp4,0.5,0.7559506893157959,SAKURI,Single continuous 6-second take_ Begin exactly at the suppli (1).mp4,1.75,0.748932957649231,0.246085062623024,0.9293085932731628,0.2442876100540161,0.32318630814552307,0.2312002182006836,0.2553410530090332
236,59.0107307434082,SAKURI,SAKURI,Single continuous 6-second take_ Begin exactly at the suppli (1).mp4,1.25,0.9615286588668823,SAKURI,Single continuous 6-second take_ Begin exactly at the suppli (1).mp4,1.0,0.9139361381530762,SAKURI,Single continuous 6-second take_ Begin exactly at the suppli (1).mp4,1.5,0.8395481109619141,SAKURI,Single continuous 6-second take_ Begin exactly at the suppli (1).mp4,1.75,0.7899943590164185,SAKURI,Single continuous 6-second take_ Begin exactly at the suppli (1).mp4,0.75,0.7697803378105164,0.24596238136291504,0.9615286588668823,0.19820334017276764,0.32399219274520874,0.26470860838890076,0.2859739065170288
237,59.26077651977539,SAKURI,SAKURI,Single continuous 6-second take_ Begin exactly at the suppli (1).mp4,1.5,0.9708620309829712,SAKURI,Single continuous 6-second take_ Begin exactly at the suppli (1).mp4,1.25,0.9365115165710449,SAKURI,Single continuous 6-second take_ Begin exactly at the suppli (1).mp4,1.75,0.8730183243751526,SAKURI,Single continuous 6-second take_ Begin exactly at the suppli (1).mp4,1.0,0.8141226768493652,SAKURI,Single continuous 6-second take_ Begin exactly at the suppli (1).mp4,0.5,0.7810548543930054,0.2536011338233948,0.9708620309829712,0.18775169551372528,0.29191768169403076,0.2954270839691162,0.3043707013130188
238,59.51081848144531,SAKURI,SAKURI,Single continuous 6-second take_ Begin exactly at the suppli (1).mp4,1.5,0.9531745910644531,SAKURI,Single continuous 6-second take_ Begin exactly at the suppli (1).mp4,1.75,0.9505962133407593,SAKURI,Single continuous 6-second take_ Begin exactly at the suppli (1).mp4,1.25,0.8529842495918274,SAKURI,Single continuous 6-second take_ Begin exactly at the suppli (1).mp4,0.5,0.8187019228935242,SAKURI,Single continuous 6-second take_ Begin exactly at the suppli (1).mp4,2.0,0.7973350286483765,0.2648344039916992,0.9531745910644531,0.18911810219287872,0.24845680594444275,0.24976393580436707,0.2557791471481323
239,59.7608642578125,SAKURI,SAKURI,Single continuous 6-second take_ Begin exactly at the suppli (1).mp4,2.0,0.9423613548278809,SAKURI,Single continuous 6-second take_ Begin exactly at the suppli (1).mp4,1.75,0.8777873516082764,SAKURI,Single continuous 6-second take_ Begin exactly at the suppli (1).mp4,1.5,0.8083945512771606,SAKURI,SAKURI_NO_NAMEPLATE_SAFE_MASTER_1080P48.mp4,15.75,0.7659353017807007,SAKURI,Single continuous 6-second take_ Begin exactly at the suppli.mp4,5.75,0.764884889125824,0.24587959051132202,0.9423613548278809,0.22006362676620483,0.24294781684875488,0.23519456386566162,0.260222852230072
240,60.01091003417969,SAKURI,SAKURI,Single continuous 6-second take_ Begin exactly at the suppli (1).mp4,2.25,0.9526844024658203,SAKURI,Single continuous 6-second take_ Begin exactly at the suppli (1).mp4,2.0,0.9163861274719238,SAKURI,Single continuous 6-second take_ Begin exactly at the suppli (1).mp4,1.75,0.7534167766571045,SAKURI,Single continuous 6-second take_ Begin exactly at the suppli (1).mp4,2.5,0.710969090461731,SAKURI,Single continuous 6-second take_ Begin exactly at the suppli.mp4,5.75,0.6847752332687378,0.2554165720939636,0.9526844024658203,0.23623070120811462,0.2888423800468445,0.21636119484901428,0.21735481917858124
241,60.260955810546875,SAKURI,SAKURI,Single continuous 6-second take_ Begin exactly at the suppli (1).mp4,2.5,0.944164514541626,SAKURI,Single continuous 6-second take_ Begin exactly at the suppli (1).mp4,2.25,0.886277973651886,SAKURI,Single continuous 6-second take_ Begin exactly at the suppli (1).mp4,2.0,0.6934943199157715,SAKURI,Single continuous 6-second take_ Begin exactly at the suppli (1).mp4,2.75,0.686747670173645,SAKURI,Single continuous 6-second take_ Begin exactly at the suppli.mp4,5.75,0.6513595581054688,0.28054603934288025,0.944164514541626,0.27785050868988037,0.3047577738761902,0.2100832611322403,0.20259663462638855
242,60.51100158691406,SAKURI,SAKURI,Single continuous 6-second take_ Begin exactly at the suppli (1).mp4,2.75,0.9332230091094971,SAKURI,Single continuous 6-second take_ Begin exactly at the suppli (1).mp4,2.5,0.8890608549118042,SAKURI,Single continuous 6-second take_ Begin exactly at the suppli (1).mp4,3.0,0.7215576767921448,SAKURI,Single continuous 6-second take_ Begin exactly at the suppli (1).mp4,2.25,0.6465117931365967,SAKURI,Single continuous 6-second take_ Begin exactly at the suppli (1).mp4,3.25,0.6074316501617432,0.3036258816719055,0.9332230091094971,0.28391727805137634,0.30027055740356445,0.23878233134746552,0.21872639656066895
243,60.76104736328125,SAKURI,SAKURI,Single continuous 6-second take_ Begin exactly at the suppli (1).mp4,3.0,0.9715210199356079,SAKURI,Single continuous 6-second take_ Begin exactly at the suppli (1).mp4,2.75,0.8919814229011536,SAKURI,Single continuous 6-second take_ Begin exactly at the suppli (1).mp4,3.25,0.8261330723762512,SAKURI,Single continuous 6-second take_ Begin exactly at the suppli (1).mp4,3.5,0.6921056509017944,SAKURI,Single continuous 6-second take_ Begin exactly at the suppli (1).mp4,2.5,0.6694540977478027,0.28474515676498413,0.9715210199356079,0.2104201763868332,0.2943997085094452,0.22990554571151733,0.17716899514198303
244,61.01109313964844,SAKURI,SAKURI,Single continuous 6-second take_ Begin exactly at the suppli (1).mp4,3.25,0.9682995080947876,SAKURI,Single continuous 6-second take_ Begin exactly at the suppli (1).mp4,3.0,0.9531031847000122,SAKURI,Single continuous 6-second take_ Begin exactly at the suppli (1).mp4,3.5,0.8330908417701721,SAKURI,Single continuous 6-second take_ Begin exactly at the suppli (1).mp4,2.75,0.7299594879150391,SAKURI,Single continuous 6-second take_ Begin exactly at the suppli (1).mp4,3.75,0.7250972986221313,0.2857762575149536,0.9682995080947876,0.2325742095708847,0.31205853819847107,0.21253812313079834,0.19894728064537048
245,61.261138916015625,SAKURI,SAKURI,Single continuous 6-second take_ Begin exactly at the suppli (1).mp4,3.5,0.9778637886047363,SAKURI,Single continuous 6-second take_ Begin exactly at the suppli (1).mp4,3.25,0.9064490795135498,SAKURI,Single continuous 6-second take_ Begin exactly at the suppli (1).mp4,3.75,0.8224219083786011,SAKURI,Single continuous 6-second take_ Begin exactly at the suppli (1).mp4,3.0,0.7725033760070801,SAKURI,One continuous four-second camera-continuity repair between.mp4,0.0,0.7421111464500427,0.28033947944641113,0.9778637886047363,0.28454333543777466,0.3441453278064728,0.19930081069469452,0.2500753402709961
246,61.51118469238281,SAKURI,SAKURI,Single continuous 6-second take_ Begin exactly at the suppli (1).mp4,3.75,0.9545801877975464,SAKURI,Single continuous 6-second take_ Begin exactly at the suppli (1).mp4,3.5,0.9302076101303101,SAKURI,One continuous four-second camera-continuity repair between.mp4,0.0,0.8704415559768677,SAKURI,Single continuous 6-second take_ Begin exactly at the suppli (1).mp4,3.25,0.7933170199394226,SAKURI,Single continuous 6-second take_ Begin exactly at the suppli (1).mp4,3.0,0.7003358602523804,0.24938461184501648,0.9545801877975464,0.289023220539093,0.35499024391174316,0.24012550711631775,0.23134112358093262
247,61.76123046875,SAKURI,SAKURI,One continuous four-second camera-continuity repair between.mp4,1.0,0.9841331243515015,SAKURI,One continuous four-second camera-continuity repair between.mp4,0.75,0.9318680763244629,SAKURI,One continuous four-second camera-continuity repair between.mp4,1.25,0.9266836643218994,SAKURI,SAKURI_NO_NAMEPLATE_SAFE_MASTER_1080P48.mp4,16.25,0.8718016743659973,SAKURI,One continuous four-second camera-continuity repair between.mp4,1.5,0.8102833032608032,0.2464742660522461,0.9841331243515015,0.2299373596906662,0.30263370275497437,0.2922650873661041,0.24972067773342133
248,62.01127624511719,SAKURI,SAKURI,One continuous four-second camera-continuity repair between.mp4,2.25,0.9826027154922485,SAKURI,One continuous four-second camera-continuity repair between.mp4,2.5,0.96751469373703,SAKURI,One continuous four-second camera-continuity repair between.mp4,2.0,0.9253504872322083,SAKURI,SAKURI_NO_NAMEPLATE_SAFE_MASTER_1080P48.mp4,16.5,0.9183143377304077,SAKURI,One continuous four-second camera-continuity repair between.mp4,2.75,0.9088992476463318,0.3252793550491333,0.9826027154922485,0.23141653835773468,0.28564202785491943,0.19499070942401886,0.2791735529899597
249,62.261322021484375,SAKURI,SAKURI,One continuous four-second camera-continuity repair between.mp4,3.5,0.9359899163246155,SAKURI,One continuous four-second camera-continuity repair between.mp4,3.75,0.9224116802215576,SAKURI,Single continuous 6-second take_ Begin exactly at the suppli (1).mp4,4.25,0.8362269997596741,SAKURI,One continuous four-second camera-continuity repair between.mp4,3.25,0.80118328332901,SAKURI,One continuous four-second camera-continuity repair between.mp4,1.75,0.7243896722793579,0.3231635093688965,0.9359899163246155,0.3177219033241272,0.31956931948661804,0.22792387008666992,0.25985419750213623
250,62.5113639831543,SAKURI,SAKURI,SAKURI_NO_NAMEPLATE_SAFE_MASTER_1080P48.mp4,17.0,0.9539444446563721,SAKURI,SAKURI_NO_NAMEPLATE_SAFE_MASTER_1080P48.mp4,16.75,0.8361959457397461,SAKURI,Single continuous 6-second take_ Begin exactly at the suppli (1).mp4,4.0,0.802484929561615,SAKURI,One continuous four-second camera-continuity repair between.mp4,3.75,0.7699693441390991,SAKURI,Single continuous 6-second take_ Begin exactly at the suppli (1).mp4,4.25,0.7445126175880432,0.3153041899204254,0.9539444446563721,0.2919884920120239,0.32112085819244385,0.3286367952823639,0.2417908012866974
251,62.761409759521484,SAKURI,SAKURI,SAKURI_NO_NAMEPLATE_SAFE_MASTER_1080P48.mp4,17.25,0.9280463457107544,SAKURI,SAKURI_NO_NAMEPLATE_SAFE_MASTER_1080P48.mp4,17.0,0.9132776260375977,SAKURI,Single continuous 6-second take_ Begin exactly at the suppli (1).mp4,4.25,0.7892591953277588,SAKURI,SAKURI_NO_NAMEPLATE_SAFE_MASTER_1080P48.mp4,20.75,0.6952877640724182,SAKURI,Single continuous 6-second take_ Begin exactly at the suppli (1).mp4,4.5,0.6943500638008118,0.23677797615528107,0.9280463457107544,0.2926095724105835,0.3289110064506531,0.3289918303489685,0.24078619480133057
252,63.01145553588867,SAKURI,SAKURI,SAKURI_NO_NAMEPLATE_SAFE_MASTER_1080P48.mp4,17.5,0.9642572402954102,SAKURI,SAKURI_NO_NAMEPLATE_SAFE_MASTER_1080P48.mp4,20.0,0.8735759258270264,SAKURI,SAKURI_NO_NAMEPLATE_SAFE_MASTER_1080P48.mp4,17.75,0.864020586013794,SAKURI,SAKURI_NO_NAMEPLATE_SAFE_MASTER_1080P48.mp4,19.75,0.8536373972892761,SAKURI,SAKURI_NO_NAMEPLATE_SAFE_MASTER_1080P48.mp4,18.0,0.849903404712677,0.29205968976020813,0.9642572402954102,0.3190637230873108,0.3490828275680542,0.3371720314025879,0.2192264199256897
253,63.26150131225586,SAKURI,SAKURI,SAKURI_NO_NAMEPLATE_SAFE_MASTER_1080P48.mp4,17.75,0.9588603973388672,SAKURI,SAKURI_NO_NAMEPLATE_SAFE_MASTER_1080P48.mp4,17.5,0.9183865189552307,SAKURI,SAKURI_NO_NAMEPLATE_SAFE_MASTER_1080P48.mp4,19.75,0.9180955290794373,SAKURI,SAKURI_NO_NAMEPLATE_SAFE_MASTER_1080P48.mp4,18.0,0.9012645483016968,SAKURI,SAKURI_NO_NAMEPLATE_SAFE_MASTER_1080P48.mp4,20.0,0.8940526247024536,0.2229616641998291,0.9588603973388672,0.23538470268249512,0.35811692476272583,0.3194099962711334,0.18934667110443115
254,63.51154708862305,SAKURI,SAKURI,SAKURI_NO_NAMEPLATE_SAFE_MASTER_1080P48.mp4,18.0,0.9971660375595093,SAKURI,SAKURI_NO_NAMEPLATE_SAFE_MASTER_1080P48.mp4,18.25,0.9839954376220703,SAKURI,SAKURI_NO_NAMEPLATE_SAFE_MASTER_1080P48.mp4,19.25,0.9836326241493225,SAKURI,SAKURI_NO_NAMEPLATE_SAFE_MASTER_1080P48.mp4,19.0,0.9817231893539429,SAKURI,SAKURI_NO_NAMEPLATE_SAFE_MASTER_1080P48.mp4,18.5,0.9805995225906372,0.23043400049209595,0.9971660375595093,0.2297024130821228,0.34866464138031006,0.296724796295166,0.1871674507856369
255,63.761592864990234,SAKURI,SAKURI,SAKURI_NO_NAMEPLATE_SAFE_MASTER_1080P48.mp4,18.25,0.9990034103393555,SAKURI,SAKURI_NO_NAMEPLATE_SAFE_MASTER_1080P48.mp4,18.5,0.9968721866607666,SAKURI,SAKURI_NO_NAMEPLATE_SAFE_MASTER_1080P48.mp4,19.0,0.9958938360214233,SAKURI,SAKURI_NO_NAMEPLATE_SAFE_MASTER_1080P48.mp4,18.75,0.9949009418487549,SAKURI,SAKURI_NO_NAMEPLATE_SAFE_MASTER_1080P48.mp4,18.0,0.9934006333351135,0.22905030846595764,0.9990034103393555,0.20882001519203186,0.3500606417655945,0.2864046096801758,0.19262152910232544
256,64.01163482666016,SAKURI,SAKURI,SAKURI_NO_NAMEPLATE_SAFE_MASTER_1080P48.mp4,18.5,0.9996070861816406,SAKURI,SAKURI_NO_NAMEPLATE_SAFE_MASTER_1080P48.mp4,18.75,0.9988541603088379,SAKURI,SAKURI_NO_NAMEPLATE_SAFE_MASTER_1080P48.mp4,18.25,0.998805046081543,SAKURI,SAKURI_NO_NAMEPLATE_SAFE_MASTER_1080P48.mp4,19.0,0.9977377653121948,SAKURI,SAKURI_NO_NAMEPLATE_SAFE_MASTER_1080P48.mp4,19.25,0.9925733804702759,0.23244087398052216,0.9996070861816406,0.2071024775505066,0.3460352420806885,0.27938568592071533,0.19171586632728577
257,64.26168060302734,SAKURI,SAKURI,SAKURI_NO_NAMEPLATE_SAFE_MASTER_1080P48.mp4,18.5,0.9995901584625244,SAKURI,SAKURI_NO_NAMEPLATE_SAFE_MASTER_1080P48.mp4,18.75,0.9993480443954468,SAKURI,SAKURI_NO_NAMEPLATE_SAFE_MASTER_1080P48.mp4,18.25,0.9980443120002747,SAKURI,SAKURI_NO_NAMEPLATE_SAFE_MASTER_1080P48.mp4,19.0,0.9976121783256531,SAKURI,SAKURI_NO_NAMEPLATE_SAFE_MASTER_1080P48.mp4,19.25,0.9919317960739136,0.23256979882717133,0.9995901584625244,0.20696191489696503,0.3458143472671509,0.2801986336708069,0.18971708416938782
258,64.51172637939453,SAKURI,SAKURI,SAKURI_NO_NAMEPLATE_SAFE_MASTER_1080P48.mp4,18.5,0.9990137815475464,SAKURI,SAKURI_NO_NAMEPLATE_SAFE_MASTER_1080P48.mp4,19.0,0.9987199902534485,SAKURI,SAKURI_NO_NAMEPLATE_SAFE_MASTER_1080P48.mp4,18.75,0.9985637664794922,SAKURI,SAKURI_NO_NAMEPLATE_SAFE_MASTER_1080P48.mp4,18.25,0.9979026913642883,SAKURI,SAKURI_NO_NAMEPLATE_SAFE_MASTER_1080P48.mp4,19.25,0.9939194321632385,0.23295247554779053,0.9990137815475464,0.2074095606803894,0.3413429260253906,0.2792889177799225,0.18950536847114563
259,64.76177215576172,SAKURI,SAKURI,SAKURI_NO_NAMEPLATE_SAFE_MASTER_1080P48.mp4,19.25,0.998706579208374,SAKURI,SAKURI_NO_NAMEPLATE_SAFE_MASTER_1080P48.mp4,19.0,0.9982835054397583,SAKURI,SAKURI_NO_NAMEPLATE_SAFE_MASTER_1080P48.mp4,18.25,0.9958010911941528,SAKURI,SAKURI_NO_NAMEPLATE_SAFE_MASTER_1080P48.mp4,18.5,0.9952180981636047,SAKURI,SAKURI_NO_NAMEPLATE_SAFE_MASTER_1080P48.mp4,18.75,0.993922233581543,0.22994062304496765,0.998706579208374,0.2094944417476654,0.33825939893722534,0.27516841888427734,0.19394557178020477
260,65.0118179321289,SAKURI,SAKURI,SAKURI_NO_NAMEPLATE_SAFE_MASTER_1080P48.mp4,19.5,0.9982285499572754,SAKURI,SAKURI_NO_NAMEPLATE_SAFE_MASTER_1080P48.mp4,19.25,0.9980493783950806,SAKURI,SAKURI_NO_NAMEPLATE_SAFE_MASTER_1080P48.mp4,19.0,0.9922738075256348,SAKURI,SAKURI_NO_NAMEPLATE_SAFE_MASTER_1080P48.mp4,18.25,0.9890086054801941,SAKURI,SAKURI_NO_NAMEPLATE_SAFE_MASTER_1080P48.mp4,18.0,0.9886884689331055,0.22451776266098022,0.9982285499572754,0.21437695622444153,0.3341374397277832,0.28015050292015076,0.19956746697425842
261,65.2618637084961,SAKURI,SAKURI,SAKURI_NO_NAMEPLATE_SAFE_MASTER_1080P48.mp4,19.5,0.9940184354782104,SAKURI,SAKURI_NO_NAMEPLATE_SAFE_MASTER_1080P48.mp4,19.75,0.9865558743476868,SAKURI,SAKURI_NO_NAMEPLATE_SAFE_MASTER_1080P48.mp4,19.25,0.9842641353607178,SAKURI,SAKURI_NO_NAMEPLATE_SAFE_MASTER_1080P48.mp4,18.0,0.9760558009147644,SAKURI,SAKURI_NO_NAMEPLATE_SAFE_MASTER_1080P48.mp4,19.0,0.9739593267440796,0.23346731066703796,0.9940184354782104,0.2268560826778412,0.32055234909057617,0.2875124216079712,0.20818567276000977
262,65.51190948486328,SAKURI,SAKURI,SAKURI_NO_NAMEPLATE_SAFE_MASTER_1080P48.mp4,20.0,0.9755134582519531,SAKURI,SAKURI_NO_NAMEPLATE_SAFE_MASTER_1080P48.mp4,19.75,0.9632452130317688,SAKURI,SAKURI_NO_NAMEPLATE_SAFE_MASTER_1080P48.mp4,19.5,0.9370720982551575,SAKURI,SAKURI_NO_NAMEPLATE_SAFE_MASTER_1080P48.mp4,19.25,0.9242131114006042,SAKURI,SAKURI_NO_NAMEPLATE_SAFE_MASTER_1080P48.mp4,17.75,0.9174653887748718,0.23870527744293213,0.9755134582519531,0.24331890046596527,0.3304947018623352,0.30281689763069153,0.2122262418270111
263,65.76195526123047,SAKURI,SAKURI,SAKURI_NO_NAMEPLATE_SAFE_MASTER_1080P48.mp4,20.25,0.966118335723877,SAKURI,SAKURI_NO_NAMEPLATE_SAFE_MASTER_1080P48.mp4,20.0,0.9200317859649658,SAKURI,SAKURI_NO_NAMEPLATE_SAFE_MASTER_1080P48.mp4,20.5,0.9043417572975159,SAKURI,SAKURI_NO_NAMEPLATE_SAFE_MASTER_1080P48.mp4,20.75,0.9004759788513184,SAKURI,SAKURI_NO_NAMEPLATE_SAFE_MASTER_1080P48.mp4,19.75,0.8779804706573486,0.3028110861778259,0.966118335723877,0.2978487014770508,0.3544265627861023,0.29852065443992615,0.23820415139198303
264,66.01200103759766,SAKURI,SAKURI,SAKURI_NO_NAMEPLATE_SAFE_MASTER_1080P48.mp4,20.5,0.9721508622169495,SAKURI,SAKURI_NO_NAMEPLATE_SAFE_MASTER_1080P48.mp4,20.25,0.9468026161193848,SAKURI,SAKURI_NO_NAMEPLATE_SAFE_MASTER_1080P48.mp4,20.75,0.9207212328910828,SAKURI,SAKURI_NO_NAMEPLATE_SAFE_MASTER_1080P48.mp4,21.0,0.873706579208374,SAKURI,SAKURI_NO_NAMEPLATE_SAFE_MASTER_1080P48.mp4,20.0,0.8558237552642822,0.32938623428344727,0.9721508622169495,0.38277381658554077,0.4006897807121277,0.3206995129585266,0.2968309819698334
265,66.26204681396484,SAKURI,SAKURI,SAKURI_NO_NAMEPLATE_SAFE_MASTER_1080P48.mp4,20.75,0.9831559658050537,SAKURI,SAKURI_NO_NAMEPLATE_SAFE_MASTER_1080P48.mp4,20.5,0.961838960647583,SAKURI,SAKURI_NO_NAMEPLATE_SAFE_MASTER_1080P48.mp4,20.25,0.934428334236145,SAKURI,SAKURI_NO_NAMEPLATE_SAFE_MASTER_1080P48.mp4,21.0,0.9051358699798584,SAKURI,SAKURI_NO_NAMEPLATE_SAFE_MASTER_1080P48.mp4,21.75,0.903949499130249,0.32917049527168274,0.9831559658050537,0.3485560417175293,0.38249441981315613,0.31541937589645386,0.282839298248291
266,66.51209259033203,SAKURI,SAKURI,SAKURI_NO_NAMEPLATE_SAFE_MASTER_1080P48.mp4,21.0,0.9904912710189819,SAKURI,SAKURI_NO_NAMEPLATE_SAFE_MASTER_1080P48.mp4,21.25,0.9654008150100708,SAKURI,SAKURI_NO_NAMEPLATE_SAFE_MASTER_1080P48.mp4,20.75,0.9611616134643555,SAKURI,SAKURI_NO_NAMEPLATE_SAFE_MASTER_1080P48.mp4,21.5,0.9605138301849365,SAKURI,SAKURI_NO_NAMEPLATE_SAFE_MASTER_1080P48.mp4,21.75,0.9150912761688232,0.2811073660850525,0.9904912710189819,0.2867858111858368,0.33069294691085815,0.3110712766647339,0.21483641862869263
267,66.76213836669922,SAKURI,SAKURI,SAKURI_NO_NAMEPLATE_SAFE_MASTER_1080P48.mp4,21.25,0.9987179040908813,SAKURI,SAKURI_NO_NAMEPLATE_SAFE_MASTER_1080P48.mp4,21.5,0.9936162233352661,SAKURI,SAKURI_NO_NAMEPLATE_SAFE_MASTER_1080P48.mp4,21.0,0.983336329460144,SAKURI,SAKURI_NO_NAMEPLATE_SAFE_MASTER_1080P48.mp4,21.75,0.9243408441543579,SAKURI,SAKURI_NO_NAMEPLATE_SAFE_MASTER_1080P48.mp4,20.75,0.9203212857246399,0.2730942964553833,0.9987179040908813,0.269445538520813,0.30376750230789185,0.2889048159122467,0.19455835223197937
268,67.0121841430664,SAKURI,SAKURI,SAKURI_NO_NAMEPLATE_SAFE_MASTER_1080P48.mp4,21.5,0.998368501663208,SAKURI,SAKURI_NO_NAMEPLATE_SAFE_MASTER_1080P48.mp4,21.25,0.9980834722518921,SAKURI,SAKURI_NO_NAMEPLATE_SAFE_MASTER_1080P48.mp4,21.0,0.9784990549087524,SAKURI,SAKURI_NO_NAMEPLATE_SAFE_MASTER_1080P48.mp4,21.75,0.93299400806427,SAKURI,SAKURI_NO_NAMEPLATE_SAFE_MASTER_1080P48.mp4,20.75,0.910605788230896,0.2681252360343933,0.998368501663208,0.2667539715766907,0.30017825961112976,0.28937333822250366,0.19226345419883728
269,67.2622299194336,SAKURI,SAKURI,SAKURI_NO_NAMEPLATE_SAFE_MASTER_1080P48.mp4,21.5,0.9829808473587036,SAKURI,SAKURI_NO_NAMEPLATE_SAFE_MASTER_1080P48.mp4,21.75,0.9762881994247437,SAKURI,SAKURI_NO_NAMEPLATE_SAFE_MASTER_1080P48.mp4,21.25,0.9725785851478577,SAKURI,SAKURI_NO_NAMEPLATE_SAFE_MASTER_1080P48.mp4,21.0,0.9586695432662964,SAKURI,SAKURI_NO_NAMEPLATE_SAFE_MASTER_1080P48.mp4,20.75,0.9225397706031799,0.25340867042541504,0.9829808473587036,0.27198755741119385,0.31019431352615356,0.2966488301753998,0.195538729429245
270,67.51227569580078,SAKURI,SAKURI,SAKURI_NO_NAMEPLATE_SAFE_MASTER_1080P48.mp4,22.0,0.9618550539016724,SAKURI,SAKURI_NO_NAMEPLATE_SAFE_MASTER_1080P48.mp4,21.75,0.9184992909431458,SAKURI,SAKURI_NO_NAMEPLATE_SAFE_MASTER_1080P48.mp4,20.5,0.8734868764877319,SAKURI,SAKURI_NO_NAMEPLATE_SAFE_MASTER_1080P48.mp4,20.75,0.8558028340339661,SAKURI,SAKURI_NO_NAMEPLATE_SAFE_MASTER_1080P48.mp4,21.5,0.8490156531333923,0.2798813581466675,0.9618550539016724,0.3421180248260498,0.3673762083053589,0.2862381935119629,0.25014516711235046
271,67.76232147216797,SAKURI,SAKURI,SAKURI_NO_NAMEPLATE_SAFE_MASTER_1080P48.mp4,22.25,0.9490218162536621,SAKURI,SAKURI_NO_NAMEPLATE_SAFE_MASTER_1080P48.mp4,22.0,0.8741983771324158,SAKURI,Single continuous 5-second take_ Begin exactly at the suppli (1).mp4,3.5,0.8178263306617737,SAKURI,SAKURI_NO_NAMEPLATE_SAFE_MASTER_1080P48.mp4,21.75,0.7782455682754517,SAKURI,SAKURI_NO_NAMEPLATE_SAFE_MASTER_1080P48.mp4,21.5,0.7368215322494507,0.22884447872638702,0.9490218162536621,0.2844392955303192,0.294508695602417,0.22969117760658264,0.19717296957969666
272,68.01236724853516,SAKURI,SAKURI,SAKURI_NO_NAMEPLATE_SAFE_MASTER_1080P48.mp4,22.25,0.8932640552520752,SAKURI,SAKURI_NO_NAMEPLATE_SAFE_MASTER_1080P48.mp4,22.0,0.7682982683181763,SAKURI,Single continuous 5-second take_ Begin exactly at the suppli (1).mp4,3.5,0.7147510051727295,SAKURI,SAKURI_NO_NAMEPLATE_SAFE_MASTER_1080P48.mp4,21.75,0.6808084845542908,SAKURI,Single continuous 5-second take_ Begin exactly at the suppli (1).mp4,3.25,0.6467726826667786,0.23372386395931244,0.8932640552520752,0.2748115360736847,0.29238414764404297,0.20267120003700256,0.20773845911026
273,68.26241302490234,SAKURI,SAKURI,SAKURI_NO_NAMEPLATE_SAFE_MASTER_1080P48.mp4,22.75,0.9754804372787476,SAKURI,SAKURI_NO_NAMEPLATE_SAFE_MASTER_1080P48.mp4,23.0,0.9331177473068237,SAKURI,SAKURI_NO_NAMEPLATE_SAFE_MASTER_1080P48.mp4,22.5,0.9242281317710876,SAKURI,SAKURI_NO_NAMEPLATE_SAFE_MASTER_1080P48.mp4,23.25,0.8760000467300415,SAKURI,SAKURI_NO_NAMEPLATE_SAFE_MASTER_1080P48.mp4,23.5,0.8105317950248718,0.22424839437007904,0.9754804372787476,0.2466510832309723,0.30929264426231384,0.21476420760154724,0.2550601661205292
274,68.51245880126953,SAKURI,SAKURI,SAKURI_NO_NAMEPLATE_SAFE_MASTER_1080P48.mp4,23.0,0.9921748638153076,SAKURI,SAKURI_NO_NAMEPLATE_SAFE_MASTER_1080P48.mp4,22.75,0.9676054120063782,SAKURI,SAKURI_NO_NAMEPLATE_SAFE_MASTER_1080P48.mp4,23.25,0.9278092384338379,SAKURI,SAKURI_NO_NAMEPLATE_SAFE_MASTER_1080P48.mp4,22.5,0.8775178790092468,SAKURI,SAKURI_NO_NAMEPLATE_SAFE_MASTER_1080P48.mp4,23.5,0.838650107383728,0.23509123921394348,0.9921748638153076,0.25085508823394775,0.32782864570617676,0.21063750982284546,0.2422569990158081
275,68.76250457763672,SAKURI,SAKURI,SAKURI_NO_NAMEPLATE_SAFE_MASTER_1080P48.mp4,23.25,0.9888342618942261,SAKURI,SAKURI_NO_NAMEPLATE_SAFE_MASTER_1080P48.mp4,23.0,0.9704740047454834,SAKURI,SAKURI_NO_NAMEPLATE_SAFE_MASTER_1080P48.mp4,22.75,0.9120131731033325,SAKURI,SAKURI_NO_NAMEPLATE_SAFE_MASTER_1080P48.mp4,23.5,0.8911424875259399,SAKURI,SAKURI_NO_NAMEPLATE_SAFE_MASTER_1080P48.mp4,22.5,0.8336395025253296,0.25088220834732056,0.9888342618942261,0.27535751461982727,0.3152464032173157,0.20281875133514404,0.239471897482872
276,69.0125503540039,SAKURI,SAKURI,SAKURI_NO_NAMEPLATE_SAFE_MASTER_1080P48.mp4,23.5,0.9709845781326294,SAKURI,SAKURI_NO_NAMEPLATE_SAFE_MASTER_1080P48.mp4,23.25,0.9502602219581604,SAKURI,SAKURI_NO_NAMEPLATE_SAFE_MASTER_1080P48.mp4,23.0,0.8881229162216187,SAKURI,SAKURI_NO_NAMEPLATE_SAFE_MASTER_1080P48.mp4,22.75,0.84687340259552,SAKURI,SAKURI_NO_NAMEPLATE_SAFE_MASTER_1080P48.mp4,23.75,0.8151761889457703,0.27822282910346985,0.9709845781326294,0.2867041230201721,0.3271269202232361,0.1951696127653122,0.2200172245502472
277,69.2625961303711,SAKURI,SAKURI,SAKURI_NO_NAMEPLATE_SAFE_MASTER_1080P48.mp4,23.75,0.9629418849945068,SAKURI,SAKURI_NO_NAMEPLATE_SAFE_MASTER_1080P48.mp4,23.5,0.9015681743621826,SAKURI,SAKURI_NO_NAMEPLATE_SAFE_MASTER_1080P48.mp4,24.0,0.8805809617042542,SAKURI,SAKURI_NO_NAMEPLATE_SAFE_MASTER_1080P48.mp4,23.25,0.8248270750045776,SAKURI,SAKURI_NO_NAMEPLATE_SAFE_MASTER_1080P48.mp4,24.25,0.776979386806488,0.2561136484146118,0.9629418849945068,0.27576780319213867,0.291315495967865,0.19932158291339874,0.21253597736358643
278,69.51264190673828,SAKURI,SAKURI,SAKURI_NO_NAMEPLATE_SAFE_MASTER_1080P48.mp4,24.0,0.9835984706878662,SAKURI,SAKURI_NO_NAMEPLATE_SAFE_MASTER_1080P48.mp4,23.75,0.9707659482955933,SAKURI,SAKURI_NO_NAMEPLATE_SAFE_MASTER_1080P48.mp4,23.5,0.8139994144439697,SAKURI,SAKURI_NO_NAMEPLATE_SAFE_MASTER_1080P48.mp4,24.25,0.7960724830627441,SAKURI,SAKURI_NO_NAMEPLATE_SAFE_MASTER_1080P48.mp4,23.25,0.7813136577606201,0.23851114511489868,0.9835984706878662,0.23498547077178955,0.27881118655204773,0.22325876355171204,0.16887396574020386
279,69.76268768310547,SAKURI,SAKURI,SAKURI_NO_NAMEPLATE_SAFE_MASTER_1080P48.mp4,24.25,0.9382287263870239,SAKURI,SAKURI_NO_NAMEPLATE_SAFE_MASTER_1080P48.mp4,24.0,0.897359311580658,SAKURI,SAKURI_NO_NAMEPLATE_SAFE_MASTER_1080P48.mp4,23.75,0.8253751993179321,SAKURI,SAKURI_NO_NAMEPLATE_SAFE_MASTER_1080P48.mp4,23.5,0.7444136738777161,SAKURI,Single continuous 4-second closing take_ Begin exactly at th.mp4,0.25,0.7340706586837769,0.3023170530796051,0.9382287263870239,0.23753829300403595,0.3699876368045807,0.2341749221086502,0.14761485159397125
280,70.01272583007812,SAKURI,SAKURI,SAKURI_NO_NAMEPLATE_SAFE_MASTER_1080P48.mp4,24.5,0.9390843510627747,SAKURI,SAKURI_NO_NAMEPLATE_SAFE_MASTER_1080P48.mp4,24.25,0.8211613297462463,SAKURI,Single continuous 4-second closing take_ Begin exactly at th.mp4,0.5,0.7460330724716187,SAKURI,SAKURI_NO_NAMEPLATE_SAFE_MASTER_1080P48.mp4,24.0,0.6916621327400208,SAKURI,SAKURI_NO_NAMEPLATE_SAFE_MASTER_1080P48.mp4,23.75,0.6786973476409912,0.2827509641647339,0.9390843510627747,0.2579497992992401,0.3381229639053345,0.2775035500526428,0.2690683901309967
281,70.26277160644531,SAKURI,SAKURI,SAKURI_NO_NAMEPLATE_SAFE_MASTER_1080P48.mp4,24.75,0.9305634498596191,SAKURI,SAKURI_NO_NAMEPLATE_SAFE_MASTER_1080P48.mp4,24.5,0.8187795877456665,SAKURI,Single continuous 4-second closing take_ Begin exactly at th.mp4,0.75,0.746111273765564,SAKURI,SAKURI_NO_NAMEPLATE_SAFE_MASTER_1080P48.mp4,25.0,0.6738703846931458,SAKURI,Single continuous 4-second closing take_ Begin exactly at th.mp4,1.0,0.6237120628356934,0.2601599395275116,0.9305634498596191,0.24420858919620514,0.323280394077301,0.24093231558799744,0.2728356719017029
282,70.5128173828125,SAKURI,SAKURI,SAKURI_NO_NAMEPLATE_SAFE_MASTER_1080P48.mp4,25.0,0.9346578121185303,SAKURI,SAKURI_NO_NAMEPLATE_SAFE_MASTER_1080P48.mp4,24.75,0.82096928358078,SAKURI,Single continuous 4-second closing take_ Begin exactly at th.mp4,1.0,0.773184061050415,SAKURI,Single continuous 4-second closing take_ Begin exactly at th.mp4,1.25,0.7576603889465332,SAKURI,SAKURI_NO_NAMEPLATE_SAFE_MASTER_1080P48.mp4,25.25,0.6371991634368896,0.24504226446151733,0.9346578121185303,0.21594011783599854,0.3279317319393158,0.20869942009449005,0.3851287364959717
283,70.76286315917969,SAKURI,SAKURI,SAKURI_NO_NAMEPLATE_SAFE_MASTER_1080P48.mp4,25.25,0.8908580541610718,SAKURI,SAKURI_NO_NAMEPLATE_SAFE_MASTER_1080P48.mp4,25.0,0.8272110223770142,SAKURI,Single continuous 4-second closing take_ Begin exactly at th.mp4,1.25,0.7632246017456055,SAKURI,Single continuous 4-second closing take_ Begin exactly at th.mp4,1.5,0.7608392834663391,SAKURI,SAKURI_NO_NAMEPLATE_SAFE_MASTER_1080P48.mp4,25.75,0.6849603652954102,0.30133962631225586,0.8908580541610718,0.34690481424331665,0.33650606870651245,0.23503905534744263,0.42185330390930176
284,71.01290893554688,SAKURI,SAKURI,SAKURI_NO_NAMEPLATE_SAFE_MASTER_1080P48.mp4,25.5,0.9049603939056396,SAKURI,SAKURI_NO_NAMEPLATE_SAFE_MASTER_1080P48.mp4,25.75,0.8215271830558777,SAKURI,Single continuous 4-second closing take_ Begin exactly at th.mp4,1.75,0.8013273477554321,SAKURI,SAKURI_NO_NAMEPLATE_SAFE_MASTER_1080P48.mp4,25.25,0.7875555157661438,SAKURI,SAKURI_NO_NAMEPLATE_SAFE_MASTER_1080P48.mp4,26.0,0.7282339334487915,0.3678215444087982,0.9049603939056396,0.33427557349205017,0.37593773007392883,0.2785056531429291,0.3511350154876709
285,71.26295471191406,SAKURI,SAKURI,SAKURI_NO_NAMEPLATE_SAFE_MASTER_1080P48.mp4,25.75,0.9683660864830017,SAKURI,SAKURI_NO_NAMEPLATE_SAFE_MASTER_1080P48.mp4,25.5,0.8887506723403931,SAKURI,Single continuous 4-second closing take_ Begin exactly at th.mp4,1.75,0.7946405410766602,SAKURI,Single continuous 4-second closing take_ Begin exactly at th.mp4,2.0,0.7914358377456665,SAKURI,SAKURI_NO_NAMEPLATE_SAFE_MASTER_1080P48.mp4,26.0,0.7861421704292297,0.4258202314376831,0.9683660864830017,0.3213585913181305,0.41210153698921204,0.31118395924568176,0.35051247477531433
286,71.51300048828125,SAKURI,SAKURI,SAKURI_NO_NAMEPLATE_SAFE_MASTER_1080P48.mp4,25.75,0.9118466377258301,SAKURI,SAKURI_NO_NAMEPLATE_SAFE_MASTER_1080P48.mp4,26.0,0.8415567874908447,SAKURI,Single continuous 4-second closing take_ Begin exactly at th.mp4,2.0,0.8321537375450134,SAKURI,SAKURI_NO_NAMEPLATE_SAFE_MASTER_1080P48.mp4,25.5,0.8095189929008484,SAKURI,SAKURI_NO_NAMEPLATE_SAFE_MASTER_1080P48.mp4,25.25,0.7499009370803833,0.3665120303630829,0.9118466377258301,0.380681574344635,0.4417257606983185,0.3400101661682129,0.41031795740127563
287,71.76304626464844,SAKURI,SAKURI,SAKURI_NO_NAMEPLATE_SAFE_MASTER_1080P48.mp4,26.25,0.4704153537750244,SAKURI,Single continuous 4-second closing take_ Begin exactly at th.mp4,2.25,0.46584969758987427,SAKURI,SAKURI_NO_NAMEPLATE_SAFE_MASTER_1080P48.mp4,26.0,0.3802732825279236,SAKURI,Create one continuous four-second in-camera transition betwe.mp4,2.75,0.36719077825546265,SAKURI,SAKURI_NO_NAMEPLATE_SAFE_MASTER_1080P48.mp4,25.75,0.35287851095199585,0.1641722470521927,0.4704153537750244,0.24547627568244934,0.21319249272346497,0.2026992291212082,0.20590642094612122
288,72.01309204101562,SAKURI,SAKURI,SAKURI_NO_NAMEPLATE_SAFE_MASTER_1080P48.mp4,26.5,0.6652223467826843,SAKURI,Single continuous 4-second closing take_ Begin exactly at th.mp4,2.75,0.5908938050270081,SAKURI,Single continuous 4-second closing take_ Begin exactly at th.mp4,2.5,0.514031171798706,SAKURI,SAKURI_NO_NAMEPLATE_SAFE_MASTER_1080P48.mp4,26.25,0.5089010000228882,SAKURI,SAKURI_NO_NAMEPLATE_SAFE_MASTER_1080P48.mp4,26.75,0.44799086451530457,0.22082699835300446,0.6652223467826843,0.2885339856147766,0.33446455001831055,0.26978641748428345,0.19540858268737793
289,72.26313781738281,SAKURI,SAKURI,SAKURI_NO_NAMEPLATE_SAFE_MASTER_1080P48.mp4,26.75,0.748348593711853,SAKURI,SAKURI_NO_NAMEPLATE_SAFE_MASTER_1080P48.mp4,26.5,0.7071230411529541,SAKURI,SAKURI_NO_NAMEPLATE_SAFE_MASTER_1080P48.mp4,30.5,0.6031312942504883,SAKURI,Single continuous 4-second closing take_ Begin exactly at th.mp4,2.75,0.5905709862709045,SAKURI,One continuous four-second macro fabric repair shot connecti.mp4,3.75,0.46175476908683777,0.13494287431240082,0.748348593711853,0.30938053131103516,0.31277191638946533,0.22099795937538147,0.31618282198905945
290,72.51318359375,SAKURI,TSUKUYOMI,Create one continuous 4-second cinematic transition between.mp4,0.0,0.9738109111785889,SAKURI,SAKURI_NO_NAMEPLATE_SAFE_MASTER_1080P48.mp4,27.0,0.8330610394477844,SAKURI,SAKURI_NO_NAMEPLATE_SAFE_MASTER_1080P48.mp4,30.75,0.7823919653892517,SAKURI,Single continuous 4-second closing take_ Begin exactly at th.mp4,3.0,0.7522525787353516,SAKURI,One continuous four-second macro fabric repair shot connecti.mp4,4.0,0.751926839351654,0.3312375247478485,0.8330610394477844,0.9738109111785889,0.4538739323616028,0.4299934506416321,0.3118681311607361
291,72.76322937011719,SAKURI,TSUKUYOMI,Create one continuous 4-second cinematic transition between.mp4,0.0,0.688302755355835,SAKURI,SAKURI_NO_NAMEPLATE_SAFE_MASTER_1080P48.mp4,27.0,0.6669360995292664,SAKURI,SAKURI_NO_NAMEPLATE_SAFE_MASTER_1080P48.mp4,27.25,0.5904028415679932,TSUKUYOMI,Create one continuous 4-second cinematic transition between.mp4,0.25,0.5717820525169373,SAKURI,SAKURI_NO_NAMEPLATE_SAFE_MASTER_1080P48.mp4,28.0,0.5413892865180969,0.22773703932762146,0.6669360995292664,0.688302755355835,0.3281418979167938,0.2218550443649292,0.31935790181159973
292,73.01327514648438,SAKURI,SAKURI,SAKURI_NO_NAMEPLATE_SAFE_MASTER_1080P48.mp4,27.5,0.9174017310142517,SAKURI,SAKURI_NO_NAMEPLATE_SAFE_MASTER_1080P48.mp4,27.75,0.8169960975646973,SAKURI,SAKURI_NO_NAMEPLATE_SAFE_MASTER_1080P48.mp4,28.0,0.7920572757720947,SAKURI,SAKURI_NO_NAMEPLATE_SAFE_MASTER_1080P48.mp4,28.25,0.7803745269775391,SAKURI,SAKURI_NO_NAMEPLATE_SAFE_MASTER_1080P48.mp4,29.0,0.7587742209434509,0.2611791491508484,0.9174017310142517,0.5843586325645447,0.403959721326828,0.23970122635364532,0.2541062831878662
293,73.26332092285156,SAKURI,SAKURI,SAKURI_NO_NAMEPLATE_SAFE_MASTER_1080P48.mp4,27.75,0.9680556654930115,SAKURI,SAKURI_NO_NAMEPLATE_SAFE_MASTER_1080P48.mp4,28.0,0.8880138397216797,SAKURI,SAKURI_NO_NAMEPLATE_SAFE_MASTER_1080P48.mp4,28.25,0.8791694641113281,SAKURI,SAKURI_NO_NAMEPLATE_SAFE_MASTER_1080P48.mp4,27.5,0.85258948802948,SAKURI,SAKURI_NO_NAMEPLATE_SAFE_MASTER_1080P48.mp4,28.75,0.8318037986755371,0.26086100935935974,0.9680556654930115,0.6090330481529236,0.4009212851524353,0.20396742224693298,0.13221170008182526
294,73.51336669921875,SAKURI,SAKURI,SAKURI_NO_NAMEPLATE_SAFE_MASTER_1080P48.mp4,28.0,0.9908918142318726,SAKURI,SAKURI_NO_NAMEPLATE_SAFE_MASTER_1080P48.mp4,28.25,0.9750587940216064,SAKURI,SAKURI_NO_NAMEPLATE_SAFE_MASTER_1080P48.mp4,29.0,0.9271014332771301,SAKURI,SAKURI_NO_NAMEPLATE_SAFE_MASTER_1080P48.mp4,28.75,0.9216194152832031,SAKURI,SAKURI_NO_NAMEPLATE_SAFE_MASTER_1080P48.mp4,28.5,0.914276659488678,0.21998262405395508,0.9908918142318726,0.5369295477867126,0.3544740080833435,0.15592245757579803,0.11738134920597076
295,73.76341247558594,SAKURI,SAKURI,SAKURI_NO_NAMEPLATE_SAFE_MASTER_1080P48.mp4,28.0,0.9599398374557495,SAKURI,SAKURI_NO_NAMEPLATE_SAFE_MASTER_1080P48.mp4,28.25,0.9471797347068787,SAKURI,SAKURI_NO_NAMEPLATE_SAFE_MASTER_1080P48.mp4,29.0,0.8961973190307617,SAKURI,SAKURI_NO_NAMEPLATE_SAFE_MASTER_1080P48.mp4,28.5,0.8896985054016113,SAKURI,SAKURI_NO_NAMEPLATE_SAFE_MASTER_1080P48.mp4,28.75,0.8869901299476624,0.2389007955789566,0.9599398374557495,0.5210910439491272,0.37527453899383545,0.15719780325889587,0.1120249480009079
296,74.01345825195312,SAKURI,SAKURI,SAKURI_NO_NAMEPLATE_SAFE_MASTER_1080P48.mp4,28.0,0.939354658126831,SAKURI,SAKURI_NO_NAMEPLATE_SAFE_MASTER_1080P48.mp4,28.25,0.9132816791534424,SAKURI,SAKURI_NO_NAMEPLATE_SAFE_MASTER_1080P48.mp4,28.5,0.875190019607544,SAKURI,SAKURI_NO_NAMEPLATE_SAFE_MASTER_1080P48.mp4,29.0,0.8538318872451782,SAKURI,SAKURI_NO_NAMEPLATE_SAFE_MASTER_1080P48.mp4,27.75,0.8524287939071655,0.21698668599128723,0.939354658126831,0.48346346616744995,0.3663257956504822,0.15684857964515686,0.11427642405033112
297,74.26350402832031,SAKURI,SAKURI,SAKURI_NO_NAMEPLATE_SAFE_MASTER_1080P48.mp4,28.75,0.9290676116943359,SAKURI,SAKURI_NO_NAMEPLATE_SAFE_MASTER_1080P48.mp4,28.0,0.9267444610595703,SAKURI,SAKURI_NO_NAMEPLATE_SAFE_MASTER_1080P48.mp4,28.25,0.9133958220481873,SAKURI,SAKURI_NO_NAMEPLATE_SAFE_MASTER_1080P48.mp4,29.0,0.8737170696258545,SAKURI,SAKURI_NO_NAMEPLATE_SAFE_MASTER_1080P48.mp4,27.75,0.8569192886352539,0.202002614736557,0.9290676116943359,0.5338797569274902,0.32288700342178345,0.14994116127490997,0.12207360565662384
298,74.5135498046875,SAKURI,SAKURI,SAKURI_NO_NAMEPLATE_SAFE_MASTER_1080P48.mp4,28.0,0.93413245677948,SAKURI,SAKURI_NO_NAMEPLATE_SAFE_MASTER_1080P48.mp4,29.0,0.9303220510482788,SAKURI,SAKURI_NO_NAMEPLATE_SAFE_MASTER_1080P48.mp4,28.25,0.928321123123169,SAKURI,SAKURI_NO_NAMEPLATE_SAFE_MASTER_1080P48.mp4,28.75,0.8839114904403687,SAKURI,SAKURI_NO_NAMEPLATE_SAFE_MASTER_1080P48.mp4,27.75,0.8720577955245972,0.22757261991500854,0.93413245677948,0.5077688097953796,0.33930569887161255,0.1383609026670456,0.1587987095117569
299,74.76359558105469,SAKURI,SAKURI,SAKURI_NO_NAMEPLATE_SAFE_MASTER_1080P48.mp4,28.0,0.8876627683639526,SAKURI,SAKURI_NO_NAMEPLATE_SAFE_MASTER_1080P48.mp4,29.0,0.887436032295227,SAKURI,SAKURI_NO_NAMEPLATE_SAFE_MASTER_1080P48.mp4,28.25,0.8661594986915588,SAKURI,SAKURI_NO_NAMEPLATE_SAFE_MASTER_1080P48.mp4,29.25,0.8567084074020386,SAKURI,SAKURI_NO_NAMEPLATE_SAFE_MASTER_1080P48.mp4,27.75,0.8429006934165955,0.2514020502567291,0.8876627683639526,0.4972755014896393,0.30385714769363403,0.1483287513256073,0.15444375574588776
300,75.01364135742188,SAKURI,SAKURI,SAKURI_NO_NAMEPLATE_SAFE_MASTER_1080P48.mp4,29.5,0.9339016675949097,SAKURI,SAKURI_NO_NAMEPLATE_SAFE_MASTER_1080P48.mp4,29.25,0.8484270572662354,SAKURI,SAKURI_NO_NAMEPLATE_SAFE_MASTER_1080P48.mp4,29.75,0.8348650932312012,SAKURI,SAKURI_NO_NAMEPLATE_SAFE_MASTER_1080P48.mp4,29.0,0.8038228750228882,SAKURI,SAKURI_NO_NAMEPLATE_SAFE_MASTER_1080P48.mp4,30.25,0.7780649065971375,0.20135822892189026,0.9339016675949097,0.4761047959327698,0.3151450455188751,0.1362992525100708,0.10811088979244232
301,75.26368713378906,SAKURI,SAKURI,SAKURI_NO_NAMEPLATE_SAFE_MASTER_1080P48.mp4,29.75,0.9900420904159546,SAKURI,SAKURI_NO_NAMEPLATE_SAFE_MASTER_1080P48.mp4,30.25,0.9619901180267334,SAKURI,SAKURI_NO_NAMEPLATE_SAFE_MASTER_1080P48.mp4,30.0,0.9185956716537476,SAKURI,SAKURI_NO_NAMEPLATE_SAFE_MASTER_1080P48.mp4,29.5,0.8981173038482666,SAKURI,SAKURI_NO_NAMEPLATE_SAFE_MASTER_1080P48.mp4,29.25,0.7970237731933594,0.20852164924144745,0.9900420904159546,0.4061397314071655,0.343801885843277,0.19397248327732086,0.10778702795505524
302,75.51373291015625,SAKURI,SAKURI,SAKURI_NO_NAMEPLATE_SAFE_MASTER_1080P48.mp4,30.0,0.9973609447479248,SAKURI,SAKURI_NO_NAMEPLATE_SAFE_MASTER_1080P48.mp4,30.25,0.9682464599609375,SAKURI,SAKURI_NO_NAMEPLATE_SAFE_MASTER_1080P48.mp4,29.75,0.9641416072845459,SAKURI,SAKURI_NO_NAMEPLATE_SAFE_MASTER_1080P48.mp4,29.5,0.7901894450187683,SAKURI,One continuous four-second macro fabric repair shot connecti.mp4,3.5,0.699899435043335,0.19131438434123993,0.9973609447479248,0.3495903015136719,0.32503557205200195,0.22382482886314392,0.12982022762298584
303,75.76377868652344,SAKURI,SAKURI,SAKURI_NO_NAMEPLATE_SAFE_MASTER_1080P48.mp4,30.25,0.9912182092666626,SAKURI,SAKURI_NO_NAMEPLATE_SAFE_MASTER_1080P48.mp4,30.0,0.9823931455612183,SAKURI,SAKURI_NO_NAMEPLATE_SAFE_MASTER_1080P48.mp4,29.75,0.9668407440185547,SAKURI,SAKURI_NO_NAMEPLATE_SAFE_MASTER_1080P48.mp4,29.5,0.7828903794288635,SAKURI,One continuous four-second macro fabric repair shot connecti.mp4,3.5,0.6845484972000122,0.19061674177646637,0.9912182092666626,0.3472927510738373,0.3376266658306122,0.22677376866340637,0.1320687234401703
304,76.01382446289062,SAKURI,SAKURI,SAKURI_NO_NAMEPLATE_SAFE_MASTER_1080P48.mp4,29.75,0.8940398693084717,SAKURI,SAKURI_NO_NAMEPLATE_SAFE_MASTER_1080P48.mp4,30.25,0.8884565830230713,SAKURI,SAKURI_NO_NAMEPLATE_SAFE_MASTER_1080P48.mp4,30.0,0.8193503618240356,SAKURI,SAKURI_NO_NAMEPLATE_SAFE_MASTER_1080P48.mp4,29.5,0.8176993131637573,SAKURI,SAKURI_NO_NAMEPLATE_SAFE_MASTER_1080P48.mp4,30.5,0.8067542910575867,0.23401886224746704,0.8940398693084717,0.41732630133628845,0.3401396870613098,0.17012518644332886,0.19670364260673523
305,76.26386260986328,SAKURI,SAKURI,One continuous four-second macro fabric repair shot connecti.mp4,0.0,0.7179040908813477,SAKURI,SAKURI_NO_NAMEPLATE_SAFE_MASTER_1080P48.mp4,30.75,0.7139589786529541,SAKURI,SAKURI_NO_NAMEPLATE_SAFE_MASTER_1080P48.mp4,29.0,0.6818581819534302,SAKURI,SAKURI_NO_NAMEPLATE_SAFE_MASTER_1080P48.mp4,28.0,0.6581069827079773,SAKURI,SAKURI_NO_NAMEPLATE_SAFE_MASTER_1080P48.mp4,30.5,0.6477974653244019,0.31586289405822754,0.7179040908813477,0.5627090930938721,0.34807753562927246,0.22026146948337555,0.2337614744901657
306,76.51390838623047,TSUKUYOMI,TSUKUYOMI,Create one continuous 4-second cinematic transition between.mp4,0.0,0.9232546091079712,TSUKUYOMI,Create one continuous 4-second cinematic transition between.mp4,0.25,0.826525092124939,SAKURI,SAKURI_NO_NAMEPLATE_SAFE_MASTER_1080P48.mp4,27.0,0.813929557800293,SAKURI,SAKURI_NO_NAMEPLATE_SAFE_MASTER_1080P48.mp4,30.75,0.6912096738815308,SAKURI,One continuous four-second macro fabric repair shot connecti.mp4,4.0,0.6785310506820679,0.3560202717781067,0.813929557800293,0.9232546091079712,0.4529745280742645,0.42485201358795166,0.3542681336402893
307,76.76395416259766,TSUKUYOMI,TSUKUYOMI,Create one continuous 4-second cinematic transition between.mp4,0.25,0.8834741115570068,TSUKUYOMI,Create one continuous 4-second cinematic transition between.mp4,0.5,0.7267869114875793,TSUKUYOMI,Create one continuous 4-second cinematic transition between.mp4,0.0,0.6159486174583435,SAKURI,SAKURI_NO_NAMEPLATE_SAFE_MASTER_1080P48.mp4,27.0,0.5707026124000549,SAKURI,Single continuous 4-second closing take_ Begin exactly at th.mp4,3.0,0.5282276272773743,0.23648376762866974,0.5707026124000549,0.8834741115570068,0.3613511025905609,0.3704392611980438,0.2979136109352112
308,77.01399993896484,TSUKUYOMI,TSUKUYOMI,Create one continuous 4-second cinematic transition between.mp4,0.5,0.9107435941696167,TSUKUYOMI,Create one continuous 4-second cinematic transition between.mp4,0.75,0.7521194219589233,TSUKUYOMI,Create one continuous 4-second cinematic transition between.mp4,0.25,0.5590829849243164,SAKURI,One continuous four-second macro fabric repair shot connecti.mp4,0.25,0.4328431487083435,SAKURI,Single continuous 4-second closing take_ Begin exactly at th.mp4,3.0,0.43058833479881287,0.17429889738559723,0.4328431487083435,0.9107435941696167,0.3091801702976227,0.37209972739219666,0.32816118001937866
309,77.26404571533203,TSUKUYOMI,TSUKUYOMI,Create one continuous 4-second cinematic transition between.mp4,0.75,0.8747142553329468,TSUKUYOMI,Create one continuous 4-second cinematic transition between.mp4,1.0,0.5376258492469788,TSUKUYOMI,Create one continuous 4-second cinematic transition between.mp4,0.5,0.4915526807308197,SETSUKA,Create a seamless transition from the supplied snowy forest.mp4,2.0,0.35887765884399414,MAGIC,One continuous five-second invitation gesture from the suppl.mp4,2.5,0.33636921644210815,0.15292388200759888,0.3048616945743561,0.8747142553329468,0.33009982109069824,0.35887765884399414,0.33636921644210815
310,77.51409149169922,TSUKUYOMI,TSUKUYOMI,Create one continuous 4-second cinematic transition between.mp4,1.0,0.6268289089202881,TSUKUYOMI,Create one continuous 4-second cinematic transition between.mp4,0.5,0.3230423629283905,SAKURI,Single continuous 4-second closing take_ Begin exactly at th.mp4,2.0,0.3158884644508362,TSUKUYOMI,Single continuous cinematic shot of the exact same adult wom.mp4,0.75,0.2738286852836609,TSUKUYOMI,Single continuous cinematic shot of the exact same adult wom.mp4,1.0,0.26611387729644775,0.14005999267101288,0.3158884644508362,0.6268289089202881,0.2452021986246109,0.2073933184146881,0.2566133141517639
311,77.7641372680664,TSUKUYOMI,TSUKUYOMI,Create one continuous 4-second cinematic transition between.mp4,1.25,0.7856279015541077,TSUKUYOMI,Create one continuous 4-second cinematic transition between.mp4,1.75,0.35568198561668396,TSUKUYOMI,Create one continuous 4-second cinematic transition between.mp4,0.75,0.32335054874420166,TSUKUYOMI,Create one continuous 4-second cinematic transition between.mp4,2.5,0.2882891297340393,TSUKUYOMI,Single continuous cinematic shot of the exact same adult wom.mp4,2.5,0.27010253071784973,0.19815167784690857,0.16777130961418152,0.7856279015541077,0.2632390856742859,0.22251573204994202,0.24886475503444672
312,78.0141830444336,TSUKUYOMI,TSUKUYOMI,Create one continuous 4-second cinematic transition between.mp4,1.5,0.5658515095710754,TSUKUYOMI,Single continuous cinematic shot of the exact same adult wom.mp4,0.75,0.532329797744751,TSUKUYOMI,Single continuous cinematic shot of the exact same adult wom.mp4,0.5,0.5321829915046692,TSUKUYOMI,Create one continuous 4-second cinematic transition between.mp4,1.75,0.5063000917434692,TSUKUYOMI,Single continuous cinematic shot of the exact same adult wom.mp4,0.25,0.49801498651504517,0.1873096376657486,0.2459718883037567,0.5658515095710754,0.2881631553173065,0.22655721008777618,0.2664291560649872
313,78.26422882080078,TSUKUYOMI,TSUKUYOMI,Create one continuous 4-second cinematic transition between.mp4,1.75,0.7948687076568604,TSUKUYOMI,Single continuous cinematic shot of the exact same adult wom.mp4,0.5,0.5220107436180115,TSUKUYOMI,Single continuous cinematic shot of the exact same adult wom.mp4,0.75,0.5082805156707764,TSUKUYOMI,Single continuous cinematic shot of the exact same adult wom.mp4,0.25,0.500048041343689,TSUKUYOMI,Create one continuous 4-second cinematic transition between.mp4,3.75,0.48853668570518494,0.14959965646266937,0.23620036244392395,0.7948687076568604,0.22092434763908386,0.2772912085056305,0.2835761606693268
314,78.51427459716797,TSUKUYOMI,TSUKUYOMI,Create one continuous 4-second cinematic transition between.mp4,1.75,0.5627599954605103,TSUKUYOMI,Create one continuous 4-second cinematic transition between.mp4,2.5,0.46978461742401123,TSUKUYOMI,Single continuous cinematic shot of the exact same adult wom.mp4,0.5,0.4623853266239166,TSUKUYOMI,Single continuous cinematic shot of the exact same adult wom.mp4,0.75,0.4472900331020355,TSUKUYOMI,Single continuous cinematic shot of the exact same adult wom.mp4,0.25,0.440279483795166,0.20255091786384583,0.2031603753566742,0.5627599954605103,0.1447783261537552,0.24296104907989502,0.24608364701271057
315,78.76432037353516,TSUKUYOMI,TSUKUYOMI,Create one continuous 4-second cinematic transition between.mp4,1.75,0.4405595362186432,TSUKUYOMI,Create one continuous 4-second cinematic transition between.mp4,3.25,0.43670663237571716,TSUKUYOMI,Single continuous cinematic shot of the exact same adult wom.mp4,0.5,0.4336204528808594,TSUKUYOMI,Single continuous cinematic shot of the exact same adult wom.mp4,0.75,0.41500452160835266,TSUKUYOMI,Single continuous cinematic shot of the exact same adult wom.mp4,1.0,0.4133600890636444,0.1086660623550415,0.3129134476184845,0.4405595362186432,0.21209318935871124,0.26127052307128906,0.17598015069961548
316,79.01436614990234,TSUKUYOMI,TSUKUYOMI,Create one continuous 4-second cinematic transition between.mp4,2.5,0.5934485197067261,TSUKUYOMI,Create one continuous 4-second cinematic transition between.mp4,1.75,0.5425951480865479,TSUKUYOMI,Create one continuous 4-second cinematic transition between.mp4,3.5,0.5050883889198303,TSUKUYOMI,Single continuous cinematic shot of the exact same adult wom.mp4,0.5,0.49278944730758667,TSUKUYOMI,Single continuous cinematic shot of the exact same adult wom.mp4,0.25,0.48849329352378845,0.15600740909576416,0.24442341923713684,0.5934485197067261,0.23113320767879486,0.2526938021183014,0.31367433071136475
317,79.26441192626953,TSUKUYOMI,TSUKUYOMI,Create one continuous 4-second cinematic transition between.mp4,2.75,0.5214994549751282,TSUKUYOMI,Create one continuous 4-second cinematic transition between.mp4,3.0,0.4701381027698517,TSUKUYOMI,Create one continuous 4-second cinematic transition between.mp4,3.75,0.420270174741745,TSUKUYOMI,Single continuous cinematic shot of the exact same adult wom.mp4,0.25,0.41513359546661377,TSUKUYOMI,Single continuous cinematic shot of the exact same adult wom.mp4,0.0,0.41134676337242126,0.12792569398880005,0.28042876720428467,0.5214994549751282,0.21223647892475128,0.32683372497558594,0.20344239473342896
318,79.51445770263672,TSUKUYOMI,TSUKUYOMI,Create one continuous 4-second cinematic transition between.mp4,3.25,0.6020063757896423,TSUKUYOMI,Create one continuous 4-second cinematic transition between.mp4,3.5,0.57432621717453,TSUKUYOMI,Create one continuous 4-second cinematic transition between.mp4,3.0,0.5668131113052368,TSUKUYOMI,Create one continuous 4-second cinematic transition between.mp4,3.75,0.5612158179283142,TSUKUYOMI,Single continuous cinematic shot of the exact same adult wom.mp4,0.25,0.5591933131217957,0.20761394500732422,0.23758938908576965,0.6020063757896423,0.3741394579410553,0.40712547302246094,0.17935508489608765
319,79.7645034790039,TSUKUYOMI,TSUKUYOMI,Create one continuous 4-second cinematic transition between.mp4,3.25,0.7683053016662598,TSUKUYOMI,Create one continuous 4-second cinematic transition between.mp4,3.5,0.7626377940177917,TSUKUYOMI,Create one continuous 4-second cinematic transition between.mp4,3.75,0.7602983117103577,TSUKUYOMI,Single continuous cinematic shot of the exact same adult wom.mp4,0.25,0.759758710861206,TSUKUYOMI,Single continuous cinematic shot of the exact same adult wom.mp4,0.0,0.7485178709030151,0.25707316398620605,0.2885919511318207,0.7683053016662598,0.39405912160873413,0.3903605341911316,0.29378384351730347
320,80.0145492553711,TSUKUYOMI,TSUKUYOMI,Create one continuous 4-second cinematic transition between.mp4,3.75,0.9802058339118958,TSUKUYOMI,Create one continuous 4-second cinematic transition between.mp4,4.0,0.9717296361923218,TSUKUYOMI,Single continuous cinematic shot of the exact same adult wom.mp4,0.0,0.969323992729187,TSUKUYOMI,Single continuous cinematic shot of the exact same adult wom.mp4,0.25,0.964313805103302,TSUKUYOMI,Create one continuous 4-second cinematic transition between.mp4,3.5,0.924410879611969,0.254696249961853,0.29433155059814453,0.9802058339118958,0.3645351529121399,0.2933494746685028,0.33508768677711487
321,80.26459503173828,TSUKUYOMI,TSUKUYOMI,Create one continuous 4-second cinematic transition between.mp4,3.75,0.9980573654174805,TSUKUYOMI,Create one continuous 4-second cinematic transition between.mp4,4.0,0.9950167536735535,TSUKUYOMI,Single continuous cinematic shot of the exact same adult wom.mp4,0.0,0.9924628734588623,TSUKUYOMI,Single continuous cinematic shot of the exact same adult wom.mp4,0.25,0.9751214385032654,TSUKUYOMI,Create one continuous 4-second cinematic transition between.mp4,3.5,0.9240456819534302,0.2079392373561859,0.2909855246543884,0.9980573654174805,0.3647115230560303,0.2853536009788513,0.34883126616477966
322,80.51464080810547,TSUKUYOMI,TSUKUYOMI,Create one continuous 4-second cinematic transition between.mp4,3.75,0.9947940707206726,TSUKUYOMI,Create one continuous 4-second cinematic transition between.mp4,4.0,0.9935183525085449,TSUKUYOMI,Single continuous cinematic shot of the exact same adult wom.mp4,0.0,0.9930712580680847,TSUKUYOMI,Single continuous cinematic shot of the exact same adult wom.mp4,0.25,0.9783547520637512,TSUKUYOMI,Create one continuous 4-second cinematic transition between.mp4,3.5,0.9239944815635681,0.209283247590065,0.29137957096099854,0.9947940707206726,0.3601982295513153,0.28532806038856506,0.33943358063697815
323,80.76468658447266,TSUKUYOMI,TSUKUYOMI,Single continuous cinematic shot of the exact same adult wom.mp4,0.25,0.9881199598312378,TSUKUYOMI,Single continuous cinematic shot of the exact same adult wom.mp4,0.5,0.9756362438201904,TSUKUYOMI,Create one continuous 4-second cinematic transition between.mp4,3.75,0.957293689250946,TSUKUYOMI,Single continuous cinematic shot of the exact same adult wom.mp4,0.0,0.9409558176994324,TSUKUYOMI,Create one continuous 4-second cinematic transition between.mp4,4.0,0.9396055936813354,0.2250433713197708,0.29822999238967896,0.9881199598312378,0.3376196324825287,0.3264598548412323,0.3512507379055023
324,81.01473236083984,TSUKUYOMI,TSUKUYOMI,Single continuous cinematic shot of the exact same adult wom.mp4,0.5,0.9907419085502625,TSUKUYOMI,Single continuous cinematic shot of the exact same adult wom.mp4,0.75,0.9708118438720703,TSUKUYOMI,Single continuous cinematic shot of the exact same adult wom.mp4,0.25,0.926922619342804,TSUKUYOMI,Create one continuous 4-second cinematic transition between.mp4,3.75,0.878960371017456,TSUKUYOMI,Single continuous cinematic shot of the exact same adult wom.mp4,1.0,0.8700962066650391,0.25228387117385864,0.31961023807525635,0.9907419085502625,0.3079777956008911,0.3350115418434143,0.3762345612049103
325,81.26477813720703,TSUKUYOMI,TSUKUYOMI,Single continuous cinematic shot of the exact same adult wom.mp4,0.75,0.9870142936706543,TSUKUYOMI,Single continuous cinematic shot of the exact same adult wom.mp4,1.0,0.9617012739181519,TSUKUYOMI,Single continuous cinematic shot of the exact same adult wom.mp4,0.5,0.9166540503501892,TSUKUYOMI,Single continuous cinematic shot of the exact same adult wom.mp4,1.25,0.8204436302185059,TSUKUYOMI,Single continuous cinematic shot of the exact same adult wom.mp4,0.25,0.8185063600540161,0.2959718406200409,0.3411731719970703,0.9870142936706543,0.3089728355407715,0.3225366473197937,0.3995979428291321
326,81.51482391357422,TSUKUYOMI,TSUKUYOMI,Single continuous cinematic shot of the exact same adult wom.mp4,1.0,0.9817758202552795,TSUKUYOMI,Single continuous cinematic shot of the exact same adult wom.mp4,1.25,0.9298543334007263,TSUKUYOMI,Single continuous cinematic shot of the exact same adult wom.mp4,0.75,0.8938827514648438,TSUKUYOMI,Single continuous cinematic shot of the exact same adult wom.mp4,0.5,0.8124375343322754,TSUKUYOMI,Single continuous cinematic shot of the exact same adult wom.mp4,1.5,0.7682997584342957,0.2999361455440521,0.323965847492218,0.9817758202552795,0.31906983256340027,0.3133313059806824,0.38407573103904724
327,81.7648696899414,TSUKUYOMI,TSUKUYOMI,Single continuous cinematic shot of the exact same adult wom.mp4,1.25,0.9694681763648987,TSUKUYOMI,Single continuous cinematic shot of the exact same adult wom.mp4,1.5,0.9271975159645081,TSUKUYOMI,Single continuous cinematic shot of the exact same adult wom.mp4,1.0,0.8177255392074585,TSUKUYOMI,Single continuous cinematic shot of the exact same adult wom.mp4,0.75,0.7564280033111572,TSUKUYOMI,Single continuous cinematic shot of the exact same adult wom.mp4,1.75,0.7514438033103943,0.28070107102394104,0.3163386881351471,0.9694681763648987,0.3760905861854553,0.31753119826316833,0.3871545195579529
328,82.0149154663086,TSUKUYOMI,TSUKUYOMI,Single continuous cinematic shot of the exact same adult wom.mp4,1.5,0.9862763285636902,TSUKUYOMI,Single continuous cinematic shot of the exact same adult wom.mp4,1.75,0.9281373023986816,TSUKUYOMI,Single continuous cinematic shot of the exact same adult wom.mp4,1.25,0.8093757033348083,TSUKUYOMI,Single continuous cinematic shot of the exact same adult wom.mp4,2.0,0.7382979989051819,TSUKUYOMI,Single continuous cinematic shot of the exact same adult wom.mp4,1.0,0.7352429628372192,0.3200688064098358,0.32265523076057434,0.9862763285636902,0.37927207350730896,0.35217806696891785,0.4000593423843384
329,82.26495361328125,TSUKUYOMI,TSUKUYOMI,Single continuous cinematic shot of the exact same adult wom.mp4,1.75,0.9729564785957336,TSUKUYOMI,Single continuous cinematic shot of the exact same adult wom.mp4,2.0,0.9253794550895691,TSUKUYOMI,Single continuous cinematic shot of the exact same adult wom.mp4,1.5,0.8055829405784607,TSUKUYOMI,Single continuous cinematic shot of the exact same adult wom.mp4,2.25,0.7043318748474121,TSUKUYOMI,Single continuous cinematic shot of the exact same adult wom.mp4,1.25,0.6746402978897095,0.323005348443985,0.3079546093940735,0.9729564785957336,0.30903542041778564,0.34570470452308655,0.3683041036128998
330,82.51499938964844,TSUKUYOMI,TSUKUYOMI,Single continuous cinematic shot of the exact same adult wom.mp4,2.0,0.9709905982017517,TSUKUYOMI,Single continuous cinematic shot of the exact same adult wom.mp4,2.25,0.9395739436149597,TSUKUYOMI,Single continuous cinematic shot of the exact same adult wom.mp4,2.5,0.7830171585083008,TSUKUYOMI,Single continuous cinematic shot of the exact same adult wom.mp4,1.75,0.7722206115722656,TSUKUYOMI,Single continuous cinematic shot of the exact same adult wom.mp4,1.5,0.6547508835792542,0.3488162159919739,0.32809925079345703,0.9709905982017517,0.30880680680274963,0.2986817955970764,0.3242254853248596
331,82.76504516601562,TSUKUYOMI,TSUKUYOMI,Single continuous cinematic shot of the exact same adult wom.mp4,2.25,0.985741376876831,TSUKUYOMI,Single continuous cinematic shot of the exact same adult wom.mp4,2.5,0.9556345343589783,TSUKUYOMI,Single continuous cinematic shot of the exact same adult wom.mp4,2.75,0.8196027278900146,TSUKUYOMI,Single continuous cinematic shot of the exact same adult wom.mp4,2.0,0.81025230884552,TSUKUYOMI,Single continuous cinematic shot of the exact same adult wom.mp4,3.0,0.7222231030464172,0.32393118739128113,0.33666354417800903,0.985741376876831,0.27403584122657776,0.26472538709640503,0.2761791944503784
332,83.01509094238281,TSUKUYOMI,TSUKUYOMI,Single continuous cinematic shot of the exact same adult wom.mp4,2.5,0.9820110201835632,TSUKUYOMI,Single continuous cinematic shot of the exact same adult wom.mp4,2.75,0.969488799571991,TSUKUYOMI,Single continuous cinematic shot of the exact same adult wom.mp4,3.0,0.8908368349075317,TSUKUYOMI,Single continuous cinematic shot of the exact same adult wom.mp4,2.25,0.8622333407402039,TSUKUYOMI,Single continuous cinematic shot of the exact same adult wom.mp4,3.25,0.7913990616798401,0.3125663697719574,0.3279968202114105,0.9820110201835632,0.2545125186443329,0.2911107540130615,0.2361154854297638
333,83.26513671875,TSUKUYOMI,TSUKUYOMI,Single continuous cinematic shot of the exact same adult wom.mp4,2.75,0.9929871559143066,TSUKUYOMI,Single continuous cinematic shot of the exact same adult wom.mp4,3.0,0.9770697355270386,TSUKUYOMI,Single continuous cinematic shot of the exact same adult wom.mp4,3.25,0.9039144515991211,TSUKUYOMI,Single continuous cinematic shot of the exact same adult wom.mp4,2.5,0.900244414806366,TSUKUYOMI,Single continuous cinematic shot of the exact same adult wom.mp4,3.5,0.8466662168502808,0.3067673444747925,0.31716665625572205,0.9929871559143066,0.2489059865474701,0.3088839054107666,0.22375819087028503
334,83.51518249511719,TSUKUYOMI,TSUKUYOMI,Single continuous cinematic shot of the exact same adult wom.mp4,3.0,0.9888696670532227,TSUKUYOMI,Single continuous cinematic shot of the exact same adult wom.mp4,3.25,0.9842897653579712,TSUKUYOMI,Single continuous cinematic shot of the exact same adult wom.mp4,3.5,0.9543108940124512,TSUKUYOMI,Single continuous cinematic shot of the exact same adult wom.mp4,2.75,0.9290444254875183,TSUKUYOMI,Single continuous cinematic shot of the exact same adult wom.mp4,3.75,0.9131858348846436,0.3032575845718384,0.3054691255092621,0.9888696670532227,0.2569340169429779,0.30937710404396057,0.21763436496257782
335,83.76522827148438,TSUKUYOMI,TSUKUYOMI,Single continuous cinematic shot of the exact same adult wom.mp4,3.25,0.9946140050888062,TSUKUYOMI,Single continuous cinematic shot of the exact same adult wom.mp4,3.5,0.9874591827392578,TSUKUYOMI,Single continuous cinematic shot of the exact same adult wom.mp4,3.75,0.9637930393218994,TSUKUYOMI,Single continuous cinematic shot of the exact same adult wom.mp4,3.0,0.9520261883735657,TSUKUYOMI,Single continuous cinematic shot_ continuing from the suppli.mp4,0.0,0.9428802728652954,0.2971813380718231,0.30157190561294556,0.9946140050888062,0.24925950169563293,0.302602082490921,0.21321804821491241
336,84.01527404785156,TSUKUYOMI,TSUKUYOMI,Single continuous cinematic shot of the exact same adult wom.mp4,3.5,0.995915412902832,TSUKUYOMI,Single continuous cinematic shot of the exact same adult wom.mp4,3.75,0.9944266080856323,TSUKUYOMI,Single continuous cinematic shot_ continuing from the suppli.mp4,0.0,0.9822969436645508,TSUKUYOMI,Single continuous cinematic shot of the exact same adult wom.mp4,4.0,0.9805338978767395,TSUKUYOMI,Single continuous cinematic shot of the exact same adult wom.mp4,3.25,0.9752188920974731,0.2827717363834381,0.28982672095298767,0.995915412902832,0.2482072412967682,0.3066140413284302,0.23265638947486877
337,84.26531982421875,TSUKUYOMI,TSUKUYOMI,Single continuous cinematic shot of the exact same adult wom.mp4,3.75,0.9971871376037598,TSUKUYOMI,Single continuous cinematic shot_ continuing from the suppli.mp4,0.0,0.9938156604766846,TSUKUYOMI,Single continuous cinematic shot of the exact same adult wom.mp4,4.0,0.9919866919517517,TSUKUYOMI,Single continuous cinematic shot of the exact same adult wom.mp4,3.5,0.9818663597106934,TSUKUYOMI,Single continuous cinematic shot of the exact same adult wom.mp4,3.25,0.9480414390563965,0.2802673280239105,0.27654576301574707,0.9971871376037598,0.2480144202709198,0.29357779026031494,0.2370942384004593
338,84.51536560058594,TSUKUYOMI,TSUKUYOMI,Single continuous cinematic shot_ continuing from the suppli.mp4,0.0,0.9962188005447388,TSUKUYOMI,Single continuous cinematic shot of the exact same adult wom.mp4,4.0,0.9960492849349976,TSUKUYOMI,Single continuous cinematic shot of the exact same adult wom.mp4,3.75,0.987246572971344,TSUKUYOMI,Single continuous cinematic shot of the exact same adult wom.mp4,3.5,0.9638206958770752,TSUKUYOMI,Single continuous cinematic shot_ continuing from the suppli.mp4,0.25,0.9334833025932312,0.2766258418560028,0.27046340703964233,0.9962188005447388,0.24120141565799713,0.2907083332538605,0.24460092186927795
339,84.76541137695312,TSUKUYOMI,TSUKUYOMI,Single continuous cinematic shot_ continuing from the suppli.mp4,0.25,0.9892789721488953,TSUKUYOMI,Single continuous cinematic shot of the exact same adult wom.mp4,4.0,0.8952329158782959,TSUKUYOMI,Single continuous cinematic shot_ continuing from the suppli.mp4,0.0,0.8940812349319458,TSUKUYOMI,Single continuous cinematic shot of the exact same adult wom.mp4,3.75,0.8760174512863159,TSUKUYOMI,Single continuous cinematic shot of the exact same adult wom.mp4,3.5,0.8441151976585388,0.241766095161438,0.22755683958530426,0.9892789721488953,0.22708065807819366,0.25069811940193176,0.2489984929561615
340,85.01545715332031,TSUKUYOMI,TSUKUYOMI,Single continuous cinematic shot_ continuing from the suppli.mp4,0.5,0.980291485786438,TSUKUYOMI,Single continuous cinematic shot_ continuing from the suppli.mp4,0.75,0.8024787902832031,TSUKUYOMI,Single continuous cinematic shot_ continuing from the suppli.mp4,0.25,0.7014022469520569,TSUKUYOMI,Single continuous cinematic shot of the exact same adult wom.mp4,4.0,0.6195203065872192,TSUKUYOMI,Single continuous cinematic shot_ continuing from the suppli.mp4,0.0,0.6181925535202026,0.13343103229999542,0.2412933111190796,0.980291485786438,0.2531662583351135,0.294403612613678,0.23170679807662964
341,85.2655029296875,TSUKUYOMI,TSUKUYOMI,Single continuous cinematic shot_ continuing from the suppli.mp4,0.75,0.9667626619338989,TSUKUYOMI,Single continuous cinematic shot_ continuing from the suppli.mp4,1.0,0.8571237325668335,TSUKUYOMI,Single continuous cinematic shot_ continuing from the suppli.mp4,0.5,0.7026890516281128,TSUKUYOMI,Single continuous cinematic shot_ continuing from the suppli.mp4,1.25,0.5946617722511292,TSUKUYOMI,Single continuous cinematic shot_ continuing from the suppli.mp4,0.25,0.5313340425491333,0.11062634736299515,0.20369577407836914,0.9667626619338989,0.2792503237724304,0.23903228342533112,0.21621450781822205
342,85.51554870605469,TSUKUYOMI,TSUKUYOMI,Single continuous cinematic shot_ continuing from the suppli.mp4,1.0,0.9892512559890747,TSUKUYOMI,Single continuous cinematic shot_ continuing from the suppli.mp4,1.25,0.7945631742477417,TSUKUYOMI,Single continuous cinematic shot_ continuing from the suppli.mp4,0.75,0.736464262008667,TSUKUYOMI,Single continuous cinematic shot_ continuing from the suppli.mp4,1.5,0.5385572910308838,TSUKUYOMI,Single continuous cinematic shot_ continuing from the suppli.mp4,0.5,0.5311004519462585,0.11416691541671753,0.22875119745731354,0.9892512559890747,0.26087379455566406,0.2587810754776001,0.23872922360897064
343,85.76559448242188,TSUKUYOMI,TSUKUYOMI,Single continuous cinematic shot_ continuing from the suppli.mp4,1.25,0.9889272451400757,TSUKUYOMI,Single continuous cinematic shot_ continuing from the suppli.mp4,1.5,0.8774194717407227,TSUKUYOMI,Single continuous cinematic shot_ continuing from the suppli.mp4,1.0,0.7122398614883423,TSUKUYOMI,Single continuous cinematic shot_ continuing from the suppli.mp4,1.75,0.6657902002334595,TSUKUYOMI,Single continuous cinematic shot_ continuing from the suppli.mp4,0.75,0.5287260413169861,0.1266024261713028,0.2246655523777008,0.9889272451400757,0.17459122836589813,0.27391162514686584,0.3124152719974518
344,86.01564025878906,TSUKUYOMI,TSUKUYOMI,Single continuous cinematic shot_ continuing from the suppli.mp4,1.5,0.9936161041259766,TSUKUYOMI,Single continuous cinematic shot_ continuing from the suppli.mp4,1.75,0.8198838829994202,TSUKUYOMI,Single continuous cinematic shot_ continuing from the suppli.mp4,1.25,0.8050840497016907,TSUKUYOMI,Single continuous cinematic shot_ continuing from the suppli.mp4,2.0,0.5429075956344604,TSUKUYOMI,Single continuous cinematic shot_ continuing from the suppli.mp4,1.0,0.49821174144744873,0.10590356588363647,0.1833515614271164,0.9936161041259766,0.17161986231803894,0.25055992603302,0.35322850942611694
345,86.26568603515625,TSUKUYOMI,TSUKUYOMI,Single continuous cinematic shot_ continuing from the suppli.mp4,1.75,0.9877264499664307,TSUKUYOMI,Single continuous cinematic shot_ continuing from the suppli.mp4,1.5,0.7527307271957397,TSUKUYOMI,Single continuous cinematic shot_ continuing from the suppli.mp4,2.0,0.735223114490509,TSUKUYOMI,Single continuous cinematic shot_ continuing from the suppli.mp4,1.25,0.6193482875823975,TSUKUYOMI,Single continuous cinematic shot_ continuing from the suppli.mp4,2.25,0.5477336645126343,0.15684106945991516,0.2639883756637573,0.9877264499664307,0.26495781540870667,0.23005759716033936,0.40271979570388794
346,86.51573181152344,TSUKUYOMI,TSUKUYOMI,Single continuous cinematic shot_ continuing from the suppli.mp4,2.0,0.9602929353713989,TSUKUYOMI,Single continuous cinematic shot_ continuing from the suppli.mp4,2.25,0.81472247838974,TSUKUYOMI,Single continuous cinematic shot_ continuing from the suppli.mp4,1.75,0.6149548292160034,TSUKUYOMI,Single continuous cinematic shot_ continuing from the suppli.mp4,1.25,0.48698586225509644,TSUKUYOMI,Single continuous cinematic shot_ continuing from the suppli.mp4,1.5,0.48486432433128357,0.1373612880706787,0.3121795058250427,0.9602929353713989,0.24773064255714417,0.21364131569862366,0.3646121025085449
347,86.76577758789062,TSUKUYOMI,TSUKUYOMI,Single continuous cinematic shot_ continuing from the suppli.mp4,2.25,0.9907836318016052,TSUKUYOMI,Single continuous cinematic shot_ continuing from the suppli.mp4,2.0,0.6917633414268494,TSUKUYOMI,Single continuous cinematic shot_ continuing from the suppli.mp4,1.75,0.49805933237075806,TSUKUYOMI,Single continuous cinematic shot_ continuing from the suppli.mp4,1.25,0.45613881945610046,TSUKUYOMI,Single continuous cinematic shot_ continuing from the suppli.mp4,1.0,0.39272141456604004,0.1605406552553177,0.32435062527656555,0.9907836318016052,0.2793327867984772,0.2445075809955597,0.3804016411304474
348,87.01582336425781,TSUKUYOMI,TSUKUYOMI,Single continuous cinematic shot_ continuing from the suppli.mp4,2.5,0.990458607673645,TSUKUYOMI,Single continuous cinematic shot_ continuing from the suppli.mp4,2.75,0.8996084332466125,TSUKUYOMI,Single continuous cinematic shot_ continuing from the suppli.mp4,3.0,0.6961291432380676,TSUKUYOMI,Single continuous cinematic shot_ continuing from the suppli.mp4,3.25,0.5190410614013672,MAGIC,One continuous five-second invitation gesture from the suppl (1).mp4,4.0,0.4877922534942627,0.31829506158828735,0.29383906722068787,0.990458607673645,0.3699173927307129,0.43604934215545654,0.4877922534942627
349,87.265869140625,TSUKUYOMI,TSUKUYOMI,Single continuous cinematic shot_ continuing from the suppli.mp4,2.75,0.987747311592102,TSUKUYOMI,Single continuous cinematic shot_ continuing from the suppli.mp4,2.5,0.8458784818649292,TSUKUYOMI,Single continuous cinematic shot_ continuing from the suppli.mp4,3.0,0.8405849933624268,TSUKUYOMI,Single continuous cinematic shot_ continuing from the suppli.mp4,3.25,0.649899423122406,TSUKUYOMI,Single continuous cinematic shot from the supplied start fra.mp4,1.25,0.5522553324699402,0.32830166816711426,0.28730309009552,0.987747311592102,0.3555314540863037,0.4337323307991028,0.498661071062088
350,87.51591491699219,TSUKUYOMI,TSUKUYOMI,Single continuous cinematic shot_ continuing from the suppli.mp4,3.0,0.9903464317321777,TSUKUYOMI,Single continuous cinematic shot_ continuing from the suppli.mp4,3.25,0.8804239630699158,TSUKUYOMI,Single continuous cinematic shot_ continuing from the suppli.mp4,2.75,0.7883458733558655,TSUKUYOMI,Single continuous cinematic shot_ continuing from the suppli.mp4,3.5,0.751609206199646,TSUKUYOMI,Single continuous cinematic shot from the supplied start fra.mp4,1.0,0.6926543712615967,0.32692751288414,0.285167396068573,0.9903464317321777,0.34161439538002014,0.38392385840415955,0.5255962014198303
351,87.76596069335938,TSUKUYOMI,TSUKUYOMI,Single continuous cinematic shot_ continuing from the suppli.mp4,3.25,0.9839154481887817,TSUKUYOMI,Single continuous cinematic shot_ continuing from the suppli.mp4,3.5,0.9484323263168335,TSUKUYOMI,Single continuous cinematic shot_ continuing from the suppli.mp4,3.75,0.8698922395706177,TSUKUYOMI,Single continuous cinematic shot_ continuing from the suppli.mp4,4.0,0.8267952799797058,TSUKUYOMI,Single continuous cinematic shot_ continuing from the suppli.mp4,3.0,0.8070913553237915,0.33004307746887207,0.3215504288673401,0.9839154481887817,0.34046223759651184,0.42429715394973755,0.4494347870349884
352,88.01600646972656,TSUKUYOMI,TSUKUYOMI,Single continuous cinematic shot_ continuing from the suppli.mp4,3.5,0.9972776770591736,TSUKUYOMI,Single continuous cinematic shot_ continuing from the suppli.mp4,3.75,0.9649263620376587,TSUKUYOMI,Single continuous cinematic shot_ continuing from the suppli.mp4,4.0,0.9171990156173706,TSUKUYOMI,Single continuous cinematic shot_ continuing from the suppli.mp4,3.25,0.8981867432594299,TSUKUYOMI,Single continuous cinematic shot_ continuing from the suppli.mp4,4.25,0.8849539756774902,0.3370576500892639,0.3237689435482025,0.9972776770591736,0.33911314606666565,0.37986359000205994,0.39514097571372986
353,88.26604461669922,TSUKUYOMI,TSUKUYOMI,Single continuous cinematic shot_ continuing from the suppli.mp4,3.75,0.9961596131324768,TSUKUYOMI,Single continuous cinematic shot_ continuing from the suppli.mp4,4.0,0.980097770690918,TSUKUYOMI,Single continuous cinematic shot_ continuing from the suppli.mp4,4.25,0.9462066888809204,TSUKUYOMI,Single continuous cinematic shot_ continuing from the suppli.mp4,3.5,0.943919837474823,TSUKUYOMI,Single continuous cinematic shot_ continuing from the suppli.mp4,4.5,0.9343188405036926,0.3292492628097534,0.31872695684432983,0.9961596131324768,0.3280903995037079,0.3594326972961426,0.3685753643512726
354,88.5160903930664,TSUKUYOMI,TSUKUYOMI,Single continuous cinematic shot_ continuing from the suppli.mp4,4.0,0.995612382888794,TSUKUYOMI,Single continuous cinematic shot_ continuing from the suppli.mp4,4.25,0.9831862449645996,TSUKUYOMI,Single continuous cinematic shot_ continuing from the suppli.mp4,3.75,0.9685553312301636,TSUKUYOMI,Single continuous cinematic shot_ continuing from the suppli.mp4,4.5,0.9685431122779846,TSUKUYOMI,Single continuous cinematic shot_ continuing from the suppli.mp4,4.75,0.9580273628234863,0.316794216632843,0.3178909122943878,0.995612382888794,0.3144615590572357,0.3503662049770355,0.3481064438819885
355,88.7661361694336,TSUKUYOMI,TSUKUYOMI,Single continuous cinematic shot_ continuing from the suppli.mp4,4.25,0.995930552482605,TSUKUYOMI,Single continuous cinematic shot_ continuing from the suppli.mp4,4.5,0.9916318655014038,TSUKUYOMI,Single continuous cinematic shot_ continuing from the suppli.mp4,4.75,0.9806480407714844,TSUKUYOMI,Single continuous cinematic shot_ continuing from the suppli.mp4,4.0,0.9762898683547974,TSUKUYOMI,Single continuous cinematic shot from the supplied start fra.mp4,0.25,0.9754928350448608,0.30498144030570984,0.3155682384967804,0.995930552482605,0.3105403184890747,0.34454306960105896,0.3473043441772461
356,89.01618194580078,TSUKUYOMI,TSUKUYOMI,Single continuous cinematic shot_ continuing from the suppli.mp4,4.5,0.9951216578483582,TSUKUYOMI,Single continuous cinematic shot_ continuing from the suppli.mp4,4.75,0.9931851029396057,TSUKUYOMI,Single continuous cinematic shot_ continuing from the suppli.mp4,5.0,0.9895170331001282,TSUKUYOMI,Single continuous cinematic shot from the supplied start fra.mp4,0.0,0.9889293909072876,TSUKUYOMI,Single continuous cinematic shot from the supplied start fra.mp4,0.25,0.9887511730194092,0.2938467860221863,0.31276240944862366,0.9951216578483582,0.303006112575531,0.3398602604866028,0.34652918577194214
357,89.26622772216797,TSUKUYOMI,TSUKUYOMI,Single continuous cinematic shot_ continuing from the suppli.mp4,4.75,0.9967237114906311,TSUKUYOMI,Single continuous cinematic shot_ continuing from the suppli.mp4,5.0,0.9961612224578857,TSUKUYOMI,Single continuous cinematic shot from the supplied start fra.mp4,0.0,0.9958349466323853,TSUKUYOMI,Single continuous cinematic shot from the supplied start fra.mp4,0.25,0.9941874742507935,TSUKUYOMI,Single continuous cinematic shot_ continuing from the suppli.mp4,4.5,0.9911872744560242,0.28793397545814514,0.31572872400283813,0.9967237114906311,0.29942750930786133,0.3403276801109314,0.35115891695022583
358,89.51627349853516,TSUKUYOMI,TSUKUYOMI,Single continuous cinematic shot_ continuing from the suppli.mp4,5.0,0.9987133741378784,TSUKUYOMI,Single continuous cinematic shot from the supplied start fra.mp4,0.0,0.9985999464988708,TSUKUYOMI,Single continuous cinematic shot_ continuing from the suppli.mp4,4.75,0.9970329403877258,TSUKUYOMI,Single continuous cinematic shot from the supplied start fra.mp4,0.25,0.995651364326477,TSUKUYOMI,Single continuous cinematic shot_ continuing from the suppli.mp4,4.5,0.9883639812469482,0.28728699684143066,0.31611368060112,0.9987133741378784,0.2958259582519531,0.34167298674583435,0.35631388425827026
359,89.76631927490234,TSUKUYOMI,TSUKUYOMI,Single continuous cinematic shot from the supplied start fra.mp4,0.25,0.9970989227294922,TSUKUYOMI,Single continuous cinematic shot_ continuing from the suppli.mp4,5.0,0.9959616661071777,TSUKUYOMI,Single continuous cinematic shot from the supplied start fra.mp4,0.0,0.9956173300743103,TSUKUYOMI,Single continuous cinematic shot_ continuing from the suppli.mp4,4.75,0.9944857954978943,TSUKUYOMI,Single continuous cinematic shot from the supplied start fra.mp4,0.5,0.9929555654525757,0.2867998480796814,0.3264992833137512,0.9970989227294922,0.3008539378643036,0.34688109159469604,0.35674619674682617
360,90.01636505126953,TSUKUYOMI,TSUKUYOMI,Single continuous cinematic shot from the supplied start fra.mp4,0.5,0.9988179206848145,TSUKUYOMI,Single continuous cinematic shot from the supplied start fra.mp4,0.25,0.9957031011581421,TSUKUYOMI,Single continuous cinematic shot from the supplied start fra.mp4,0.0,0.9885112047195435,TSUKUYOMI,Single continuous cinematic shot_ continuing from the suppli.mp4,4.75,0.9883562922477722,TSUKUYOMI,Single continuous cinematic shot_ continuing from the suppli.mp4,5.0,0.9882645606994629,0.2901226878166199,0.33393537998199463,0.9988179206848145,0.30790165066719055,0.3527781069278717,0.37377697229385376
361,90.26641082763672,TSUKUYOMI,TSUKUYOMI,Single continuous cinematic shot from the supplied start fra.mp4,0.75,0.9978715181350708,TSUKUYOMI,Single continuous cinematic shot from the supplied start fra.mp4,0.5,0.9787271022796631,TSUKUYOMI,Single continuous cinematic shot from the supplied start fra.mp4,0.25,0.9641745090484619,TSUKUYOMI,Single continuous cinematic shot from the supplied start fra.mp4,1.0,0.9558690190315247,TSUKUYOMI,Single continuous cinematic shot from the supplied start fra.mp4,0.0,0.9518384337425232,0.2852934002876282,0.3288421332836151,0.9978715181350708,0.29947441816329956,0.3545745611190796,0.39355114102363586
362,90.5164566040039,TSUKUYOMI,TSUKUYOMI,Single continuous cinematic shot from the supplied start fra.mp4,1.0,0.9977824091911316,TSUKUYOMI,Single continuous cinematic shot from the supplied start fra.mp4,0.75,0.9578555822372437,TSUKUYOMI,Single continuous cinematic shot from the supplied start fra.mp4,1.25,0.9208883047103882,TSUKUYOMI,Single continuous cinematic shot from the supplied start fra.mp4,0.5,0.9104037880897522,TSUKUYOMI,Single continuous cinematic shot from the supplied start fra.mp4,0.25,0.8910778760910034,0.2838633358478546,0.29392069578170776,0.9977824091911316,0.31346505880355835,0.37122422456741333,0.42131438851356506
363,90.7665023803711,TSUKUYOMI,TSUKUYOMI,Single continuous cinematic shot from the supplied start fra.mp4,1.25,0.9975069165229797,TSUKUYOMI,Single continuous cinematic shot from the supplied start fra.mp4,1.5,0.9397108554840088,TSUKUYOMI,Single continuous cinematic shot from the supplied start fra.mp4,1.0,0.9217536449432373,TSUKUYOMI,Single continuous cinematic shot from the supplied start fra.mp4,1.75,0.8588637113571167,TSUKUYOMI,Single continuous cinematic shot from the supplied start fra.mp4,0.75,0.8376649022102356,0.3027729094028473,0.24943853914737701,0.9975069165229797,0.32764777541160583,0.35888218879699707,0.4712628424167633
364,91.01654815673828,TSUKUYOMI,TSUKUYOMI,Single continuous cinematic shot from the supplied start fra.mp4,1.5,0.9978349208831787,TSUKUYOMI,Single continuous cinematic shot from the supplied start fra.mp4,1.25,0.9416869282722473,TSUKUYOMI,Single continuous cinematic shot from the supplied start fra.mp4,1.75,0.8797910809516907,TSUKUYOMI,Single continuous cinematic shot from the supplied start fra.mp4,1.0,0.8624687194824219,TSUKUYOMI,Single continuous cinematic shot from the supplied start fra.mp4,2.0,0.8426356911659241,0.27758491039276123,0.2483234703540802,0.9978349208831787,0.3105011582374573,0.35370388627052307,0.4934720993041992
365,91.26659393310547,TSUKUYOMI,TSUKUYOMI,Single continuous cinematic shot from the supplied start fra.mp4,1.75,0.9977190494537354,TSUKUYOMI,Single continuous cinematic shot from the supplied start fra.mp4,2.0,0.9257948994636536,TSUKUYOMI,Single continuous cinematic shot from the supplied start fra.mp4,1.5,0.8808766603469849,TSUKUYOMI,Single continuous cinematic shot from the supplied start fra.mp4,1.25,0.8615582585334778,TSUKUYOMI,Single continuous cinematic shot from the supplied start fra.mp4,1.0,0.8319042921066284,0.2471836805343628,0.2764996588230133,0.9977190494537354,0.2883855998516083,0.3711017966270447,0.4210657477378845
366,91.51663970947266,TSUKUYOMI,TSUKUYOMI,Single continuous cinematic shot from the supplied start fra.mp4,2.0,0.997670590877533,TSUKUYOMI,Single continuous cinematic shot from the supplied start fra.mp4,1.75,0.9265592694282532,TSUKUYOMI,Single continuous cinematic shot from the supplied start fra.mp4,2.25,0.9156023263931274,TSUKUYOMI,Single continuous cinematic shot from the supplied start fra.mp4,2.5,0.8572439551353455,TSUKUYOMI,Single continuous cinematic shot from the supplied start fra.mp4,1.5,0.8447667360305786,0.24618777632713318,0.29836416244506836,0.997670590877533,0.288754940032959,0.3579428791999817,0.3962411880493164
367,91.76668548583984,TSUKUYOMI,TSUKUYOMI,Single continuous cinematic shot from the supplied start fra.mp4,2.25,0.9969415664672852,TSUKUYOMI,Single continuous cinematic shot from the supplied start fra.mp4,2.5,0.9649581909179688,TSUKUYOMI,Single continuous cinematic shot from the supplied start fra.mp4,2.0,0.9180406332015991,TSUKUYOMI,Single continuous cinematic shot from the supplied start fra.mp4,2.75,0.9176009893417358,TSUKUYOMI,Single continuous cinematic shot from the supplied start fra.mp4,3.0,0.8987741470336914,0.2635504901409149,0.32194629311561584,0.9969415664672852,0.2856087386608124,0.3735697567462921,0.42532071471214294
368,92.01673126220703,TSUKUYOMI,TSUKUYOMI,Single continuous cinematic shot from the supplied start fra.mp4,2.5,0.9989646673202515,TSUKUYOMI,Single continuous cinematic shot from the supplied start fra.mp4,2.75,0.9765443205833435,TSUKUYOMI,Single continuous cinematic shot from the supplied start fra.mp4,2.25,0.9666601419448853,TSUKUYOMI,Single continuous cinematic shot from the supplied start fra.mp4,3.0,0.9592112898826599,TSUKUYOMI,Single continuous cinematic shot from the supplied start fra.mp4,3.25,0.9333577156066895,0.2765132784843445,0.3374001681804657,0.9989646673202515,0.2997552752494812,0.38173654675483704,0.45389777421951294
369,92.26677703857422,TSUKUYOMI,TSUKUYOMI,Single continuous cinematic shot from the supplied start fra.mp4,2.75,0.9973564743995667,TSUKUYOMI,Single continuous cinematic shot from the supplied start fra.mp4,3.0,0.9931530952453613,TSUKUYOMI,Single continuous cinematic shot from the supplied start fra.mp4,2.5,0.9770624041557312,TSUKUYOMI,Single continuous cinematic shot from the supplied start fra.mp4,3.25,0.9736514091491699,TSUKUYOMI,Single continuous cinematic shot from the supplied start fra.mp4,3.5,0.9594611525535583,0.2918846309185028,0.3355388641357422,0.9973564743995667,0.31087881326675415,0.40650397539138794,0.48102912306785583
370,92.5168228149414,TSUKUYOMI,TSUKUYOMI,Single continuous cinematic shot from the supplied start fra.mp4,3.0,0.9976717829704285,TSUKUYOMI,Single continuous cinematic shot from the supplied start fra.mp4,2.75,0.9917925596237183,TSUKUYOMI,Single continuous cinematic shot from the supplied start fra.mp4,3.25,0.98520827293396,TSUKUYOMI,Single continuous cinematic shot from the supplied start fra.mp4,3.5,0.9705235362052917,TSUKUYOMI,Single continuous cinematic shot from the supplied start fra.mp4,2.5,0.9587897062301636,0.2994321286678314,0.3442330062389374,0.9976717829704285,0.31373125314712524,0.42211323976516724,0.4893741309642792
371,92.7668685913086,TSUKUYOMI,TSUKUYOMI,Single continuous cinematic shot from the supplied start fra.mp4,3.25,0.9965906143188477,TSUKUYOMI,Single continuous cinematic shot from the supplied start fra.mp4,3.0,0.9861078262329102,TSUKUYOMI,Single continuous cinematic shot from the supplied start fra.mp4,3.5,0.9824448823928833,TSUKUYOMI,Single continuous cinematic shot from the supplied start fra.mp4,2.75,0.9729259610176086,TSUKUYOMI,Single continuous cinematic shot from the supplied start fra.mp4,3.75,0.9629201292991638,0.3133804500102997,0.34570619463920593,0.9965906143188477,0.32136744260787964,0.4495207667350769,0.5030730962753296
372,93.01691436767578,TSUKUYOMI,TSUKUYOMI,Single continuous cinematic shot from the supplied start fra.mp4,3.5,0.9976378679275513,TSUKUYOMI,Single continuous cinematic shot from the supplied start fra.mp4,3.75,0.9843026995658875,TSUKUYOMI,Single continuous cinematic shot from the supplied start fra.mp4,3.25,0.9831775426864624,TSUKUYOMI,Single continuous cinematic shot from the supplied start fra.mp4,4.0,0.975290060043335,TSUKUYOMI,Single continuous cinematic shot from the supplied start fra.mp4,3.0,0.9716055393218994,0.3132016956806183,0.3622254431247711,0.9976378679275513,0.33014339208602905,0.4293518364429474,0.49591562151908875
373,93.26696014404297,TSUKUYOMI,TSUKUYOMI,Single continuous cinematic shot from the supplied start fra.mp4,3.75,0.9968807697296143,TSUKUYOMI,Single continuous cinematic shot from the supplied start fra.mp4,4.0,0.9900364875793457,TSUKUYOMI,Single continuous cinematic shot from the supplied start fra.mp4,3.5,0.9862256050109863,TSUKUYOMI,Single continuous cinematic shot from the supplied start fra.mp4,4.25,0.9663347601890564,TSUKUYOMI,Single continuous cinematic shot from the supplied start fra.mp4,3.25,0.9650872349739075,0.32451602816581726,0.3678540587425232,0.9968807697296143,0.3206729590892792,0.41679131984710693,0.4925144612789154
374,93.51700592041016,TSUKUYOMI,TSUKUYOMI,Single continuous cinematic shot from the supplied start fra.mp4,4.0,0.9972511529922485,TSUKUYOMI,Single continuous cinematic shot from the supplied start fra.mp4,3.75,0.9898403882980347,TSUKUYOMI,Single continuous cinematic shot from the supplied start fra.mp4,4.25,0.9821017980575562,TSUKUYOMI,Single continuous cinematic shot from the supplied start fra.mp4,4.5,0.9777052402496338,TSUKUYOMI,Single continuous cinematic shot from the supplied start fra.mp4,3.5,0.9762085676193237,0.33312898874282837,0.3760766386985779,0.9972511529922485,0.32155317068099976,0.41329967975616455,0.49435293674468994
375,93.76705169677734,TSUKUYOMI,TSUKUYOMI,Single continuous cinematic shot from the supplied start fra.mp4,4.25,0.9969222545623779,TSUKUYOMI,Single continuous cinematic shot from the supplied start fra.mp4,4.5,0.9882094860076904,TSUKUYOMI,Single continuous cinematic shot from the supplied start fra.mp4,4.0,0.9826379418373108,TSUKUYOMI,Single continuous cinematic shot from the supplied start fra.mp4,4.75,0.9718451499938965,TSUKUYOMI,Single continuous cinematic shot from the supplied start fra (1).mp4,0.0,0.9667778015136719,0.34986135363578796,0.3903076648712158,0.9969222545623779,0.3316158652305603,0.412585973739624,0.5083831548690796
376,94.01709747314453,TSUKUYOMI,TSUKUYOMI,Single continuous cinematic shot from the supplied start fra.mp4,4.5,0.9989241361618042,TSUKUYOMI,Single continuous cinematic shot from the supplied start fra.mp4,4.25,0.990006685256958,TSUKUYOMI,Single continuous cinematic shot from the supplied start fra.mp4,4.75,0.9815479516983032,TSUKUYOMI,Single continuous cinematic shot from the supplied start fra.mp4,4.0,0.9793250560760498,TSUKUYOMI,Single continuous cinematic shot from the supplied start fra (1).mp4,0.25,0.9775757193565369,0.3582315146923065,0.393667995929718,0.9989241361618042,0.3319389820098877,0.40693581104278564,0.520233154296875
377,94.26714324951172,TSUKUYOMI,TSUKUYOMI,Single continuous cinematic shot from the supplied start fra.mp4,4.75,0.9987772107124329,TSUKUYOMI,Single continuous cinematic shot from the supplied start fra (1).mp4,0.0,0.9954835176467896,TSUKUYOMI,Single continuous cinematic shot from the supplied start fra (1).mp4,0.25,0.9954367876052856,TSUKUYOMI,Single continuous cinematic shot from the supplied start fra.mp4,5.0,0.9951335191726685,TSUKUYOMI,Single continuous cinematic shot from the supplied start fra (1).mp4,0.5,0.9919416308403015,0.3663276433944702,0.3815027177333832,0.9987772107124329,0.33555012941360474,0.4157676696777344,0.540701150894165
378,94.51718139648438,TSUKUYOMI,TSUKUYOMI,Single continuous cinematic shot from the supplied start fra.mp4,5.0,0.998436689376831,TSUKUYOMI,Single continuous cinematic shot from the supplied start fra (1).mp4,0.0,0.9982324242591858,TSUKUYOMI,Single continuous cinematic shot from the supplied start fra (1).mp4,0.25,0.996557891368866,TSUKUYOMI,Single continuous cinematic shot from the supplied start fra.mp4,4.75,0.9962040185928345,TSUKUYOMI,Single continuous cinematic shot from the supplied start fra (1).mp4,0.5,0.9936381578445435,0.36572331190109253,0.37609538435935974,0.998436689376831,0.34142792224884033,0.41476818919181824,0.5484362244606018
379,94.76722717285156,TSUKUYOMI,TSUKUYOMI,Single continuous cinematic shot from the supplied start fra (1).mp4,0.0,0.9985685348510742,TSUKUYOMI,Single continuous cinematic shot from the supplied start fra.mp4,5.0,0.9982815980911255,TSUKUYOMI,Single continuous cinematic shot from the supplied start fra (1).mp4,0.25,0.9980261325836182,TSUKUYOMI,Single continuous cinematic shot from the supplied start fra.mp4,4.75,0.9969871044158936,TSUKUYOMI,Single continuous cinematic shot from the supplied start fra (1).mp4,0.5,0.995615541934967,0.36776986718177795,0.38062989711761475,0.9985685348510742,0.3420291244983673,0.41401877999305725,0.5500153303146362
380,95.01727294921875,TSUKUYOMI,TSUKUYOMI,Single continuous cinematic shot from the supplied start fra (1).mp4,0.5,0.9978275895118713,TSUKUYOMI,Single continuous cinematic shot from the supplied start fra (1).mp4,0.25,0.9966356754302979,TSUKUYOMI,Single continuous cinematic shot from the supplied start fra.mp4,5.0,0.9962396025657654,TSUKUYOMI,Single continuous cinematic shot from the supplied start fra (1).mp4,0.0,0.9962265491485596,TSUKUYOMI,Single continuous cinematic shot from the supplied start fra.mp4,4.75,0.9941941499710083,0.36544403433799744,0.38124924898147583,0.9978275895118713,0.3355545997619629,0.40874749422073364,0.5448436141014099
381,95.26731872558594,TSUKUYOMI,TSUKUYOMI,Single continuous cinematic shot from the supplied start fra (1).mp4,0.75,0.9966187477111816,TSUKUYOMI,Single continuous cinematic shot from the supplied start fra (1).mp4,0.5,0.9944738149642944,TSUKUYOMI,Single continuous cinematic shot from the supplied start fra (1).mp4,0.25,0.9883671998977661,TSUKUYOMI,Single continuous cinematic shot from the supplied start fra.mp4,5.0,0.987147867679596,TSUKUYOMI,Single continuous cinematic shot from the supplied start fra (1).mp4,0.0,0.9869499802589417,0.3566621243953705,0.38308635354042053,0.9966187477111816,0.3153083622455597,0.4063624143600464,0.5354002118110657
382,95.51736450195312,TSUKUYOMI,TSUKUYOMI,Single continuous cinematic shot from the supplied start fra (1).mp4,1.0,0.9969993829727173,TSUKUYOMI,Single continuous cinematic shot from the supplied start fra (1).mp4,0.75,0.9851527810096741,TSUKUYOMI,Single continuous cinematic shot from the supplied start fra (1).mp4,1.25,0.9709191918373108,TSUKUYOMI,Single continuous cinematic shot from the supplied start fra (1).mp4,0.5,0.9701199531555176,TSUKUYOMI,Single continuous cinematic shot from the supplied start fra (1).mp4,0.25,0.9599101543426514,0.33779025077819824,0.375387579202652,0.9969993829727173,0.3385779857635498,0.4067494869232178,0.5150133371353149
383,95.76741027832031,TSUKUYOMI,TSUKUYOMI,Single continuous cinematic shot from the supplied start fra (1).mp4,1.25,0.9947909116744995,TSUKUYOMI,Single continuous cinematic shot from the supplied start fra (1).mp4,1.0,0.9863103032112122,TSUKUYOMI,Single continuous cinematic shot from the supplied start fra (1).mp4,1.5,0.9702622890472412,TSUKUYOMI,Single continuous cinematic shot from the supplied start fra (1).mp4,0.75,0.9512193202972412,TSUKUYOMI,Single continuous cinematic shot from the supplied start fra (1).mp4,0.5,0.9298421740531921,0.3180968761444092,0.36749202013015747,0.9947909116744995,0.3560115694999695,0.4174572229385376,0.4835590124130249
384,96.0174560546875,TSUKUYOMI,TSUKUYOMI,Single continuous cinematic shot from the supplied start fra (1).mp4,1.5,0.9986779689788818,TSUKUYOMI,Single continuous cinematic shot from the supplied start fra (1).mp4,1.25,0.9870710372924805,TSUKUYOMI,Single continuous cinematic shot from the supplied start fra (1).mp4,1.75,0.9763695597648621,TSUKUYOMI,Single continuous cinematic shot from the supplied start fra (1).mp4,1.0,0.9469337463378906,TSUKUYOMI,Single continuous cinematic shot from the supplied start fra (1).mp4,2.0,0.9324475526809692,0.2976137697696686,0.37806054949760437,0.9986779689788818,0.36347711086273193,0.4293277859687805,0.44387125968933105
385,96.26750183105469,TSUKUYOMI,TSUKUYOMI,Single continuous cinematic shot from the supplied start fra (1).mp4,1.75,0.997611939907074,TSUKUYOMI,Single continuous cinematic shot from the supplied start fra (1).mp4,1.5,0.9850224256515503,TSUKUYOMI,Single continuous cinematic shot from the supplied start fra (1).mp4,2.0,0.9663971662521362,TSUKUYOMI,Single continuous cinematic shot from the supplied start fra (1).mp4,1.25,0.9496927857398987,TSUKUYOMI,Single continuous cinematic shot from the supplied start fra (1).mp4,2.25,0.9012879133224487,0.2775387465953827,0.3668798506259918,0.997611939907074,0.3596397936344147,0.43001556396484375,0.40704917907714844
386,96.51754760742188,TSUKUYOMI,TSUKUYOMI,Single continuous cinematic shot from the supplied start fra (1).mp4,2.0,0.9967128038406372,TSUKUYOMI,Single continuous cinematic shot from the supplied start fra (1).mp4,1.75,0.9791545867919922,TSUKUYOMI,Single continuous cinematic shot from the supplied start fra (1).mp4,2.25,0.9512300491333008,TSUKUYOMI,Single continuous cinematic shot from the supplied start fra (1).mp4,1.5,0.944644033908844,TSUKUYOMI,Single continuous cinematic shot from the supplied start fra (1).mp4,1.25,0.9053800702095032,0.2540237307548523,0.36581799387931824,0.9967128038406372,0.36915022134780884,0.42729026079177856,0.3865058422088623
387,96.76759338378906,TSUKUYOMI,TSUKUYOMI,Single continuous cinematic shot from the supplied start fra (1).mp4,2.25,0.9963879585266113,TSUKUYOMI,Single continuous cinematic shot from the supplied start fra (1).mp4,2.0,0.9688372611999512,TSUKUYOMI,Single continuous cinematic shot from the supplied start fra (1).mp4,2.5,0.9315750002861023,TSUKUYOMI,Single continuous cinematic shot from the supplied start fra (1).mp4,1.75,0.9167919158935547,TSUKUYOMI,Single continuous cinematic shot from the supplied start fra (1).mp4,1.5,0.8811779618263245,0.25275278091430664,0.40176230669021606,0.9963879585266113,0.3717068135738373,0.40279701352119446,0.37126150727272034
388,97.01763916015625,TSUKUYOMI,TSUKUYOMI,Single continuous cinematic shot from the supplied start fra (1).mp4,2.5,0.9870188236236572,TSUKUYOMI,Single continuous cinematic shot from the supplied start fra (1).mp4,2.25,0.968934178352356,TSUKUYOMI,Single continuous cinematic shot from the supplied start fra (1).mp4,2.0,0.9103775024414062,TSUKUYOMI,Single continuous cinematic shot from the supplied start fra (1).mp4,2.75,0.8992933630943298,TSUKUYOMI,Single continuous cinematic shot from the supplied start fra (1).mp4,1.75,0.857053816318512,0.2793162763118744,0.42253366112709045,0.9870188236236572,0.3658123314380646,0.39485692977905273,0.3704526126384735
389,97.26768493652344,TSUKUYOMI,TSUKUYOMI,Single continuous cinematic shot from the supplied start fra (1).mp4,2.75,0.994533896446228,TSUKUYOMI,Single continuous cinematic shot from the supplied start fra (1).mp4,2.5,0.9476779699325562,TSUKUYOMI,Single continuous cinematic shot from the supplied start fra (1).mp4,2.25,0.8578650951385498,TSUKUYOMI,Single continuous cinematic shot from the supplied start fra (1).mp4,3.0,0.8557194471359253,TSUKUYOMI,Single continuous cinematic shot from the supplied start fra (1).mp4,2.0,0.8237568140029907,0.304903507232666,0.40057629346847534,0.994533896446228,0.32977741956710815,0.38842564821243286,0.3694620430469513
390,97.51773071289062,TSUKUYOMI,TSUKUYOMI,Single continuous cinematic shot from the supplied start fra (1).mp4,3.0,0.9919673204421997,TSUKUYOMI,Single continuous cinematic shot from the supplied start fra (1).mp4,2.75,0.8883007764816284,TSUKUYOMI,Single continuous cinematic shot from the supplied start fra (1).mp4,2.5,0.8387336134910583,TSUKUYOMI,Single continuous cinematic shot from the supplied start fra (1).mp4,3.25,0.8354267477989197,TSUKUYOMI,Single continuous cinematic shot from the supplied start fra (1).mp4,2.25,0.790988564491272,0.27765631675720215,0.4133976697921753,0.9919673204421997,0.3669118285179138,0.41838425397872925,0.35772889852523804
391,97.76777648925781,TSUKUYOMI,TSUKUYOMI,Single continuous cinematic shot from the supplied start fra (1).mp4,3.25,0.9831377267837524,TSUKUYOMI,Single continuous cinematic shot from the supplied start fra (1).mp4,3.5,0.8702876567840576,TSUKUYOMI,Single continuous cinematic shot from the supplied start fra (1).mp4,3.0,0.8618876338005066,TSUKUYOMI,Single continuous cinematic shot from the supplied start fra (1).mp4,3.75,0.8279209733009338,TSUKUYOMI,Single continuous cinematic transition from the exact suppli.mp4,0.25,0.813508152961731,0.2908308207988739,0.41238150000572205,0.9831377267837524,0.4303528666496277,0.4122421443462372,0.39373573660850525
392,98.017822265625,TSUKUYOMI,TSUKUYOMI,Single continuous cinematic shot from the supplied start fra (1).mp4,3.5,0.9948976635932922,TSUKUYOMI,Single continuous cinematic shot from the supplied start fra (1).mp4,3.75,0.9608278274536133,TSUKUYOMI,Single continuous cinematic transition from the exact suppli.mp4,0.0,0.9416506290435791,TSUKUYOMI,Single continuous cinematic shot from the supplied start fra (1).mp4,4.0,0.9401112794876099,TSUKUYOMI,Single continuous cinematic transition from the exact suppli.mp4,0.25,0.9387634992599487,0.29404330253601074,0.39195677638053894,0.9948976635932922,0.39467206597328186,0.39090776443481445,0.39707469940185547
393,98.26786804199219,TSUKUYOMI,TSUKUYOMI,Single continuous cinematic shot from the supplied start fra (1).mp4,3.75,0.9969989657402039,TSUKUYOMI,Single continuous cinematic shot from the supplied start fra (1).mp4,4.0,0.9847187995910645,TSUKUYOMI,Single continuous cinematic transition from the exact suppli.mp4,0.0,0.9846338033676147,TSUKUYOMI,Single continuous cinematic transition from the exact suppli.mp4,0.25,0.9789314866065979,TSUKUYOMI,Single continuous cinematic shot from the supplied start fra (1).mp4,3.5,0.9776076078414917,0.276396781206131,0.4037644565105438,0.9969989657402039,0.3817320168018341,0.3881695866584778,0.4132765829563141
394,98.51791381835938,TSUKUYOMI,TSUKUYOMI,Single continuous cinematic shot from the supplied start fra (1).mp4,4.0,0.9975811243057251,TSUKUYOMI,Single continuous cinematic transition from the exact suppli.mp4,0.0,0.9967225790023804,TSUKUYOMI,Single continuous cinematic shot from the supplied start fra (1).mp4,3.75,0.9903433918952942,TSUKUYOMI,Single continuous cinematic transition from the exact suppli.mp4,0.25,0.9894087314605713,TSUKUYOMI,Single continuous cinematic shot from the supplied start fra (1).mp4,3.5,0.9509678483009338,0.26896628737449646,0.4102596640586853,0.9975811243057251,0.3630307614803314,0.37799713015556335,0.4315089285373688
395,98.76795959472656,TSUKUYOMI,TSUKUYOMI,Single continuous cinematic shot from the supplied start fra (1).mp4,4.0,0.9978493452072144,TSUKUYOMI,Single continuous cinematic transition from the exact suppli.mp4,0.0,0.9978379011154175,TSUKUYOMI,Single continuous cinematic transition from the exact suppli.mp4,0.25,0.9918114542961121,TSUKUYOMI,Single continuous cinematic shot from the supplied start fra (1).mp4,3.75,0.9871447086334229,TSUKUYOMI,Single continuous cinematic shot from the supplied start fra (1).mp4,3.5,0.9459540247917175,0.26520270109176636,0.41251540184020996,0.9978493452072144,0.3563396632671356,0.3737400472164154,0.4293997883796692
396,99.01800537109375,TSUKUYOMI,TSUKUYOMI,Single continuous cinematic transition from the exact suppli.mp4,0.5,0.9838488101959229,TSUKUYOMI,Single continuous cinematic transition from the exact suppli.mp4,0.25,0.9586931467056274,TSUKUYOMI,Single continuous cinematic transition from the exact suppli.mp4,0.0,0.9404183030128479,TSUKUYOMI,Single continuous cinematic shot from the supplied start fra (1).mp4,4.0,0.9400272965431213,TSUKUYOMI,Single continuous cinematic shot from the supplied start fra (1).mp4,3.75,0.9262235760688782,0.2846735715866089,0.3834635615348816,0.9838488101959229,0.3138899803161621,0.36808788776397705,0.4690415561199188
397,99.26805114746094,TSUKUYOMI,TSUKUYOMI,Single continuous cinematic transition from the exact suppli.mp4,0.75,0.9650498628616333,TSUKUYOMI,Single continuous cinematic transition from the exact suppli.mp4,0.5,0.9439046382904053,TSUKUYOMI,Single continuous cinematic transition from the exact suppli.mp4,0.25,0.8828421235084534,TSUKUYOMI,Single continuous cinematic shot from the supplied start fra (1).mp4,4.0,0.8640776872634888,TSUKUYOMI,Single continuous cinematic transition from the exact suppli.mp4,0.0,0.8627877235412598,0.30984145402908325,0.33082908391952515,0.9650498628616333,0.28776171803474426,0.32760000228881836,0.4770258069038391
398,99.51809692382812,TSUKUYOMI,TSUKUYOMI,Single continuous cinematic transition from the exact suppli.mp4,1.0,0.8893440365791321,TSUKUYOMI,Single continuous cinematic transition from the exact suppli.mp4,0.75,0.8532833456993103,TSUKUYOMI,Single continuous cinematic transition from the exact suppli.mp4,0.5,0.8110920190811157,TSUKUYOMI,Single continuous cinematic transition from the exact suppli.mp4,1.25,0.7326197028160095,TSUKUYOMI,Single continuous cinematic transition from the exact suppli.mp4,0.25,0.7324258089065552,0.2885289490222931,0.2886222302913666,0.8893440365791321,0.2908326983451843,0.3748999834060669,0.5229676365852356
399,99.76814270019531,TSUKUYOMI,TSUKUYOMI,Single continuous cinematic transition from the exact suppli.mp4,1.25,0.9715506434440613,TSUKUYOMI,Single continuous cinematic transition from the exact suppli.mp4,1.5,0.9126298427581787,TSUKUYOMI,Create one continuous 4-second cinematic transition using th.mp4,0.0,0.8965006470680237,TSUKUYOMI,Create one continuous 4-second cinematic transition using th (1).mp4,0.0,0.8961179852485657,TSUKUYOMI,Create one continuous 4-second cinematic transition using th.mp4,0.25,0.8930259346961975,0.3823598623275757,0.3225700557231903,0.9715506434440613,0.35499194264411926,0.4419925808906555,0.4537067115306854
400,100.0181884765625,TSUKUYOMI,TSUKUYOMI,Single continuous cinematic transition from the exact suppli.mp4,1.5,0.9924237728118896,TSUKUYOMI,Create one continuous 4-second cinematic transition using th (1).mp4,0.0,0.9833627343177795,TSUKUYOMI,Create one continuous 4-second cinematic transition using th.mp4,0.0,0.9831725358963013,TSUKUYOMI,Single continuous cinematic transition from the exact suppli.mp4,1.75,0.9786184430122375,TSUKUYOMI,Create one continuous 4-second cinematic transition using th (1).mp4,0.25,0.9756830930709839,0.3730056881904602,0.3317633867263794,0.9924237728118896,0.36576640605926514,0.4661988615989685,0.47836068272590637
401,100.26823425292969,TSUKUYOMI,TSUKUYOMI,Create one continuous 4-second cinematic transition using th (1).mp4,0.0,0.9978526830673218,TSUKUYOMI,Create one continuous 4-second cinematic transition using th.mp4,0.0,0.9975287318229675,TSUKUYOMI,Create one continuous 4-second cinematic transition using th (1).mp4,0.25,0.9941293597221375,TSUKUYOMI,Single continuous cinematic transition from the exact suppli.mp4,1.75,0.9939538240432739,TSUKUYOMI,Single continuous cinematic transition from the exact suppli.mp4,1.5,0.9913321137428284,0.37471070885658264,0.33267900347709656,0.9978526830673218,0.3730214834213257,0.4374311566352844,0.4593024253845215
402,100.51827239990234,TSUKUYOMI,TSUKUYOMI,Create one continuous 4-second cinematic transition using th (1).mp4,0.25,0.998857855796814,TSUKUYOMI,Create one continuous 4-second cinematic transition using th.mp4,0.0,0.9968656301498413,TSUKUYOMI,Create one continuous 4-second cinematic transition using th (1).mp4,0.0,0.996843159198761,TSUKUYOMI,Create one continuous 4-second cinematic transition using th (1).mp4,0.5,0.9936243295669556,TSUKUYOMI,Single continuous cinematic transition from the exact suppli.mp4,1.75,0.9933318495750427,0.375763475894928,0.33328256011009216,0.998857855796814,0.3861488699913025,0.4129273295402527,0.45967817306518555
403,100.76831817626953,TSUKUYOMI,TSUKUYOMI,Create one continuous 4-second cinematic transition using th (1).mp4,0.5,0.9986917972564697,TSUKUYOMI,Create one continuous 4-second cinematic transition using th (1).mp4,0.25,0.9952610731124878,TSUKUYOMI,Create one continuous 4-second cinematic transition using th.mp4,0.0,0.9882039427757263,TSUKUYOMI,Create one continuous 4-second cinematic transition using th (1).mp4,0.0,0.9879171848297119,TSUKUYOMI,Single continuous cinematic transition from the exact suppli.mp4,1.75,0.9847466349601746,0.3746088445186615,0.33180123567581177,0.9986917972564697,0.3944043219089508,0.38676750659942627,0.462837278842926
404,101.01836395263672,TSUKUYOMI,TSUKUYOMI,Create one continuous 4-second cinematic transition using th (1).mp4,0.75,0.9980323314666748,TSUKUYOMI,Create one continuous 4-second cinematic transition using th (1).mp4,0.5,0.8998721837997437,TSUKUYOMI,Create one continuous 4-second cinematic transition using th (1).mp4,0.0,0.8965069651603699,TSUKUYOMI,Create one continuous 4-second cinematic transition using th.mp4,0.0,0.8957308530807495,TSUKUYOMI,Create one continuous 4-second cinematic transition using th (1).mp4,0.25,0.8946571946144104,0.2884925901889801,0.3309912383556366,0.9980323314666748,0.4159387946128845,0.39354637265205383,0.46979066729545593
405,101.2684097290039,TSUKUYOMI,TSUKUYOMI,Create one continuous 4-second cinematic transition using th (1).mp4,1.0,0.9974665641784668,TSUKUYOMI,Create one continuous 4-second cinematic transition using th (1).mp4,0.75,0.6180484294891357,TSUKUYOMI,Create one continuous 4-second cinematic transition using th (1).mp4,0.0,0.583718478679657,TSUKUYOMI,Create one continuous 4-second cinematic transition using th.mp4,0.0,0.5831632018089294,TSUKUYOMI,Create one continuous 4-second cinematic transition using th (1).mp4,0.5,0.5806044340133667,0.27832481265068054,0.2855519652366638,0.9974665641784668,0.37005987763404846,0.2931351065635681,0.41234299540519714
406,101.5184555053711,TSUKUYOMI,TSUKUYOMI,Create one continuous 4-second cinematic transition using th (1).mp4,1.25,0.9987083077430725,TSUKUYOMI,Create one continuous 4-second cinematic transition using th.mp4,1.5,0.5094292759895325,TSUKUYOMI,Create one continuous 4-second cinematic transition using th (1).mp4,0.0,0.48973211646080017,TSUKUYOMI,Create one continuous 4-second cinematic transition using th.mp4,0.0,0.4883396625518799,TSUKUYOMI,Create one continuous 4-second cinematic transition using th.mp4,0.25,0.4864406883716583,0.23707696795463562,0.22352632880210876,0.9987083077430725,0.41875821352005005,0.3347909450531006,0.4284210801124573
407,101.76850128173828,TSUKUYOMI,TSUKUYOMI,Create one continuous 4-second cinematic transition using th (1).mp4,1.5,0.998629629611969,TSUKUYOMI,Create one continuous 4-second cinematic transition using th.mp4,1.5,0.742476224899292,TSUKUYOMI,Create one continuous 4-second cinematic transition using th.mp4,0.75,0.6827857494354248,TSUKUYOMI,Create one continuous 4-second cinematic transition using th.mp4,0.25,0.6714447140693665,TSUKUYOMI,Create one continuous 4-second cinematic transition using th.mp4,0.5,0.6688517332077026,0.42354440689086914,0.2553393840789795,0.998629629611969,0.31811070442199707,0.5265583395957947,0.5380529165267944
408,102.01854705810547,TSUKUYOMI,TSUKUYOMI,Create one continuous 4-second cinematic transition using th (1).mp4,1.75,0.9991065263748169,TSUKUYOMI,Create one continuous 4-second cinematic transition using th (1).mp4,2.25,0.8449766039848328,TSUKUYOMI,Create one continuous 4-second cinematic transition using th (1).mp4,0.0,0.7332133054733276,TSUKUYOMI,Create one continuous 4-second cinematic transition using th.mp4,0.0,0.7314177751541138,TSUKUYOMI,Single continuous cinematic transition from the exact suppli.mp4,1.5,0.7291170358657837,0.38614267110824585,0.3440237045288086,0.9991065263748169,0.37389060854911804,0.4600856900215149,0.4671110510826111
409,102.26859283447266,TSUKUYOMI,TSUKUYOMI,Create one continuous 4-second cinematic transition using th (1).mp4,2.0,0.9986581802368164,TSUKUYOMI,Create one continuous 4-second cinematic transition using th (1).mp4,0.0,0.6687661409378052,TSUKUYOMI,Create one continuous 4-second cinematic transition using th.mp4,0.0,0.667817234992981,TSUKUYOMI,Create one continuous 4-second cinematic transition using th (1).mp4,0.5,0.6672709584236145,TSUKUYOMI,Create one continuous 4-second cinematic transition using th (1).mp4,0.25,0.6637147665023804,0.32931438088417053,0.3210316002368927,0.9986581802368164,0.278165727853775,0.39619871973991394,0.40555641055107117
410,102.51863861083984,TSUKUYOMI,TSUKUYOMI,Create one continuous 4-second cinematic transition using th (1).mp4,2.25,0.997484564781189,TSUKUYOMI,Create one continuous 4-second cinematic transition using th (1).mp4,1.75,0.8433865308761597,TSUKUYOMI,Create one continuous 4-second cinematic transition using th (1).mp4,0.0,0.6824369430541992,TSUKUYOMI,Create one continuous 4-second cinematic transition using th.mp4,0.0,0.6801770925521851,TSUKUYOMI,Create one continuous 4-second cinematic transition using th.mp4,0.25,0.6742706894874573,0.3703162968158722,0.30019792914390564,0.997484564781189,0.35373347997665405,0.41665005683898926,0.43125173449516296
411,102.76868438720703,TSUKUYOMI,TSUKUYOMI,Create one continuous 4-second cinematic transition using th (1).mp4,2.5,0.9948666095733643,TSUKUYOMI,Create one continuous 4-second cinematic transition using th.mp4,0.25,0.6470965147018433,TSUKUYOMI,Create one continuous 4-second cinematic transition using th.mp4,0.5,0.639690637588501,TSUKUYOMI,Create one continuous 4-second cinematic transition using th.mp4,1.25,0.6310498714447021,TSUKUYOMI,Single continuous cinematic transition from the exact suppli.mp4,2.75,0.6170456409454346,0.4357560873031616,0.3561038076877594,0.9948666095733643,0.3513210117816925,0.48963940143585205,0.5213270783424377
412,103.01873016357422,TSUKUYOMI,TSUKUYOMI,Create one continuous 4-second cinematic transition using th (1).mp4,2.75,0.9938468337059021,TSUKUYOMI,Create one continuous 4-second cinematic transition using th (1).mp4,3.0,0.6062153577804565,MOMIJI,One continuous five-second locked-tripod shot_ Keep the came.mp4,3.5,0.5755457282066345,MOMIJI,One continuous five-second locked-tripod shot_ Keep the came.mp4,3.25,0.5663032531738281,MOMIJI,One continuous five-second locked-tripod shot_ Keep the came.mp4,3.75,0.5635102987289429,0.4577568471431732,0.42649418115615845,0.9938468337059021,0.5755457282066345,0.27278247475624084,0.5110256671905518
413,103.2687759399414,TSUKUYOMI,TSUKUYOMI,Create one continuous 4-second cinematic transition using th (1).mp4,3.0,0.9959908127784729,TSUKUYOMI,Create one continuous 4-second cinematic transition using th (1).mp4,3.25,0.7073658108711243,MOMIJI,agent_generate_video - Cinematic single continuous take_ no cuts_ A woman in an orn_.mp4,1.25,0.6946018934249878,MOMIJI,One continuous five-second locked-tripod shot_ Keep the came.mp4,0.75,0.6932289004325867,MOMIJI,One continuous five-second locked-tripod shot_ Keep the came.mp4,0.5,0.6920136213302612,0.4927988052368164,0.4934174418449402,0.9959908127784729,0.6946018934249878,0.4077817499637604,0.42858177423477173
414,103.5188217163086,TSUKUYOMI,TSUKUYOMI,Create one continuous 4-second cinematic transition using th (1).mp4,3.25,0.996903121471405,MOMIJI,One continuous five-second locked-tripod shot_ Keep the came.mp4,0.25,0.8918439745903015,MOMIJI,One continuous five-second locked-tripod shot_ Keep the came.mp4,0.5,0.8909333944320679,TSUKUYOMI,Create one continuous 4-second cinematic transition using th (1).mp4,4.0,0.8909109234809875,TSUKUYOMI,Create one continuous 4-second cinematic transition using th.mp4,4.0,0.8908737301826477,0.3950561285018921,0.4034067988395691,0.996903121471405,0.8918439745903015,0.34663188457489014,0.41558030247688293
415,103.76886749267578,TSUKUYOMI,TSUKUYOMI,Create one continuous 4-second cinematic transition using th (1).mp4,3.5,0.9970941543579102,MOMIJI,One continuous five-second locked-tripod shot_ Keep the came.mp4,0.25,0.9428052306175232,TSUKUYOMI,Create one continuous 4-second cinematic transition using th (1).mp4,4.0,0.9416197538375854,MOMIJI,agent_generate_video - Cinematic single continuous take_ no cuts_ A woman in an orn_.mp4,0.25,0.9412994980812073,TSUKUYOMI,Create one continuous 4-second cinematic transition using th.mp4,4.0,0.94089674949646,0.3796156942844391,0.3729650676250458,0.9970941543579102,0.9428052306175232,0.2802933156490326,0.3915996253490448
416,104.01891326904297,MOMIJI,MOMIJI,One continuous five-second locked-tripod shot_ Keep the came.mp4,0.25,0.9963876008987427,MOMIJI,One continuous five-second locked-tripod shot_ Keep the came.mp4,0.0,0.9962519407272339,MOMIJI,agent_generate_video - Cinematic single continuous take_ no cuts_ A woman in an orn_.mp4,0.0,0.9952195882797241,TSUKUYOMI,Create one continuous 4-second cinematic transition using th (1).mp4,4.0,0.994722843170166,TSUKUYOMI,Create one continuous 4-second cinematic transition using th.mp4,4.0,0.9945908188819885,0.4042046070098877,0.39139866828918457,0.994722843170166,0.9963876008987427,0.31537196040153503,0.38857805728912354
417,104.26895904541016,MOMIJI,MOMIJI,One continuous five-second locked-tripod shot_ Keep the came.mp4,0.25,0.9953868389129639,MOMIJI,One continuous five-second locked-tripod shot_ Keep the came.mp4,0.5,0.994463324546814,MOMIJI,One continuous five-second locked-tripod shot_ Keep the came.mp4,0.0,0.9938696622848511,MOMIJI,agent_generate_video - Cinematic single continuous take_ no cuts_ A woman in an orn_.mp4,0.0,0.9928926229476929,MOMIJI,One continuous five-second locked-tripod shot_ Keep the came.mp4,0.75,0.992770254611969,0.4064731001853943,0.393749475479126,0.9927343130111694,0.9953868389129639,0.32108402252197266,0.3874335289001465
418,104.51900482177734,MOMIJI,MOMIJI,One continuous five-second locked-tripod shot_ Keep the came.mp4,0.75,0.9949712753295898,MOMIJI,One continuous five-second locked-tripod shot_ Keep the came.mp4,0.5,0.9938656091690063,MOMIJI,One continuous five-second locked-tripod shot_ Keep the came.mp4,0.25,0.992406964302063,MOMIJI,One continuous five-second locked-tripod shot_ Keep the came.mp4,1.0,0.9919103980064392,MOMIJI,agent_generate_video - Cinematic single continuous take_ no cuts_ A woman in an orn_.mp4,0.25,0.9892362356185913,0.4081043303012848,0.39552825689315796,0.9889078140258789,0.9949712753295898,0.3273109793663025,0.38763487339019775
419,104.76905059814453,MOMIJI,MOMIJI,One continuous five-second locked-tripod shot_ Keep the came.mp4,1.0,0.9943020343780518,MOMIJI,One continuous five-second locked-tripod shot_ Keep the came.mp4,0.75,0.9930617809295654,MOMIJI,One continuous five-second locked-tripod shot_ Keep the came.mp4,1.25,0.991651177406311,MOMIJI,One continuous five-second locked-tripod shot_ Keep the came.mp4,0.5,0.989112377166748,MOMIJI,One continuous five-second locked-tripod shot_ Keep the came.mp4,0.25,0.9849684238433838,0.4100755453109741,0.3963785767555237,0.9805131554603577,0.9943020343780518,0.3326686918735504,0.3868406414985657
420,105.01909637451172,MOMIJI,MOMIJI,One continuous five-second locked-tripod shot_ Keep the came.mp4,1.25,0.995405912399292,MOMIJI,One continuous five-second locked-tripod shot_ Keep the came.mp4,1.0,0.9912958145141602,MOMIJI,One continuous five-second locked-tripod shot_ Keep the came.mp4,1.5,0.990939736366272,MOMIJI,One continuous five-second locked-tripod shot_ Keep the came.mp4,0.75,0.9853798747062683,MOMIJI,One continuous five-second locked-tripod shot_ Keep the came.mp4,0.5,0.9782742857933044,0.4137306213378906,0.396525502204895,0.9652847647666931,0.995405912399292,0.33655980229377747,0.3879266381263733
421,105.2691421508789,MOMIJI,MOMIJI,One continuous five-second locked-tripod shot_ Keep the came.mp4,1.5,0.9947801828384399,MOMIJI,One continuous five-second locked-tripod shot_ Keep the came.mp4,1.75,0.9903709888458252,MOMIJI,One continuous five-second locked-tripod shot_ Keep the came.mp4,1.25,0.9894503951072693,MOMIJI,One continuous five-second locked-tripod shot_ Keep the came.mp4,1.0,0.978664755821228,MOMIJI,One continuous five-second locked-tripod shot_ Keep the came.mp4,2.0,0.977109968662262,0.41939789056777954,0.3947218656539917,0.9418064951896667,0.9947801828384399,0.34126734733581543,0.38722172379493713
422,105.5191879272461,MOMIJI,MOMIJI,One continuous five-second locked-tripod shot_ Keep the came.mp4,1.75,0.9946970343589783,MOMIJI,One continuous five-second locked-tripod shot_ Keep the came.mp4,2.0,0.9892191886901855,MOMIJI,One continuous five-second locked-tripod shot_ Keep the came.mp4,1.5,0.9878902435302734,MOMIJI,One continuous five-second locked-tripod shot_ Keep the came.mp4,1.25,0.9750047922134399,MOMIJI,One continuous five-second locked-tripod shot_ Keep the came.mp4,2.25,0.9646656513214111,0.42531824111938477,0.38783663511276245,0.9172694087028503,0.9946970343589783,0.34123510122299194,0.3927221894264221
423,105.76923370361328,MOMIJI,MOMIJI,One continuous five-second locked-tripod shot_ Keep the came.mp4,2.0,0.9938129186630249,MOMIJI,One continuous five-second locked-tripod shot_ Keep the came.mp4,1.75,0.9868859052658081,MOMIJI,One continuous five-second locked-tripod shot_ Keep the came.mp4,1.5,0.9750286936759949,MOMIJI,One continuous five-second locked-tripod shot_ Keep the came.mp4,2.25,0.9742473363876343,MOMIJI,One continuous five-second locked-tripod shot_ Keep the came.mp4,1.25,0.9596362709999084,0.4218406677246094,0.39019671082496643,0.8989382982254028,0.9938129186630249,0.3365365266799927,0.40062975883483887
424,106.01927947998047,MOMIJI,MOMIJI,One continuous five-second locked-tripod shot_ Keep the came.mp4,2.25,0.991141676902771,MOMIJI,One continuous five-second locked-tripod shot_ Keep the came.mp4,2.0,0.9585216641426086,MOMIJI,One continuous five-second locked-tripod shot_ Keep the came.mp4,1.75,0.9547222256660461,MOMIJI,One continuous five-second locked-tripod shot_ Keep the came.mp4,1.5,0.9483279585838318,MOMIJI,One continuous five-second locked-tripod shot_ Keep the came.mp4,1.25,0.935039758682251,0.3971615731716156,0.39633283019065857,0.8824642896652222,0.991141676902771,0.30168449878692627,0.37270915508270264
425,106.26932525634766,MOMIJI,MOMIJI,One continuous five-second locked-tripod shot_ Keep the came.mp4,2.5,0.9831428527832031,MOMIJI,One continuous five-second locked-tripod shot_ Keep the came.mp4,2.0,0.9185463190078735,MOMIJI,One continuous five-second locked-tripod shot_ Keep the came.mp4,1.75,0.9166640043258667,MOMIJI,One continuous five-second locked-tripod shot_ Keep the came.mp4,1.5,0.8999989628791809,MOMIJI,One continuous five-second locked-tripod shot_ Keep the came.mp4,2.25,0.885161280632019,0.4302482604980469,0.38298535346984863,0.8184858560562134,0.9831428527832031,0.30350446701049805,0.3238675594329834
426,106.51936340332031,MOMIJI,MOMIJI,One continuous five-second locked-tripod shot_ Keep the came.mp4,2.75,0.9819085597991943,MOMIJI,One continuous five-second locked-tripod shot_ Keep the came.mp4,2.0,0.8775997757911682,MOMIJI,One continuous five-second locked-tripod shot_ Keep the came.mp4,2.25,0.8761202096939087,MOMIJI,A single continuous five-second shot from a fixed tripod_ Th.mp4,3.0,0.8714231848716736,MOMIJI,One continuous five-second locked-tripod shot_ Keep the came.mp4,1.75,0.8692812323570251,0.41258156299591064,0.39152851700782776,0.796151340007782,0.9819085597991943,0.30002009868621826,0.31856274604797363
427,106.7694091796875,MOMIJI,MOMIJI,One continuous five-second locked-tripod shot_ Keep the came.mp4,3.0,0.9887756109237671,MOMIJI,One continuous five-second locked-tripod shot_ Keep the came.mp4,3.25,0.9432122707366943,MOMIJI,One continuous five-second locked-tripod shot_ Keep the came.mp4,3.5,0.9072697162628174,MOMIJI,One continuous five-second locked-tripod shot_ Keep the came.mp4,2.25,0.8888402581214905,MOMIJI,One continuous five-second locked-tripod shot_ Keep the came.mp4,2.0,0.8866675496101379,0.44706565141677856,0.3913731276988983,0.8373286724090576,0.9887756109237671,0.28567802906036377,0.38309067487716675
428,107.01945495605469,MOMIJI,MOMIJI,One continuous five-second locked-tripod shot_ Keep the came.mp4,3.25,0.9947301149368286,MOMIJI,One continuous five-second locked-tripod shot_ Keep the came.mp4,3.5,0.9770745635032654,MOMIJI,One continuous five-second locked-tripod shot_ Keep the came.mp4,3.75,0.9472225904464722,MOMIJI,One continuous five-second locked-tripod shot_ Keep the came.mp4,4.0,0.9261587858200073,MOMIJI,One continuous five-second locked-tripod shot_ Keep the came.mp4,1.25,0.9240584969520569,0.4531376361846924,0.4000667333602905,0.8992498517036438,0.9947301149368286,0.3021203279495239,0.4346699118614197
429,107.26950073242188,MOMIJI,MOMIJI,One continuous five-second locked-tripod shot_ Keep the came.mp4,3.5,0.9949321746826172,MOMIJI,One continuous five-second locked-tripod shot_ Keep the came.mp4,3.75,0.9851617813110352,MOMIJI,One continuous five-second locked-tripod shot_ Keep the came.mp4,4.0,0.9663072824478149,MOMIJI,One continuous five-second locked-tripod shot_ Keep the came.mp4,3.25,0.9651848077774048,MOMIJI,One continuous five-second locked-tripod shot_ Keep the came.mp4,4.25,0.9496186971664429,0.4348394274711609,0.40007296204566956,0.9290342330932617,0.9949321746826172,0.29167503118515015,0.43536239862442017
430,107.51954650878906,MOMIJI,MOMIJI,One continuous five-second locked-tripod shot_ Keep the came.mp4,3.75,0.9958456754684448,MOMIJI,One continuous five-second locked-tripod shot_ Keep the came.mp4,4.0,0.9885979890823364,MOMIJI,One continuous five-second locked-tripod shot_ Keep the came.mp4,3.5,0.9788362383842468,MOMIJI,One continuous five-second locked-tripod shot_ Keep the came.mp4,4.25,0.9743596911430359,MOMIJI,One continuous five-second locked-tripod shot_ Keep the came.mp4,4.5,0.967288076877594,0.4269360899925232,0.3990422785282135,0.9395794868469238,0.9958456754684448,0.2852080464363098,0.41539326310157776
431,107.76959228515625,MOMIJI,MOMIJI,One continuous five-second locked-tripod shot_ Keep the came.mp4,4.0,0.9960300922393799,MOMIJI,One continuous five-second locked-tripod shot_ Keep the came.mp4,4.25,0.9908220171928406,MOMIJI,One continuous five-second locked-tripod shot_ Keep the came.mp4,3.75,0.9850417971611023,MOMIJI,One continuous five-second locked-tripod shot_ Keep the came.mp4,4.5,0.9844740629196167,MOMIJI,One continuous five-second locked-tripod shot_ Keep the came.mp4,4.75,0.9819251298904419,0.41706347465515137,0.3887595534324646,0.9294722080230713,0.9960300922393799,0.27617955207824707,0.3974160850048065
432,108.01963806152344,MOMIJI,MOMIJI,One continuous five-second locked-tripod shot_ Keep the came.mp4,4.25,0.9956178069114685,MOMIJI,One continuous five-second locked-tripod shot_ Keep the came.mp4,4.5,0.9946037530899048,MOMIJI,One continuous five-second locked-tripod shot_ Keep the came.mp4,4.75,0.9936425685882568,MOMIJI,One continuous five-second locked-tripod shot_ Keep the came.mp4,5.0,0.9914953112602234,MOMIJI,One continuous five-second locked-tripod shot_ Keep the came.mp4,4.0,0.9866758584976196,0.4107811152935028,0.38281524181365967,0.9136371612548828,0.9956178069114685,0.2719408869743347,0.3802960216999054
433,108.26968383789062,MOMIJI,MOMIJI,One continuous five-second locked-tripod shot_ Keep the came.mp4,4.5,0.9956094026565552,MOMIJI,One continuous five-second locked-tripod shot_ Keep the came.mp4,4.75,0.99560546875,MOMIJI,One continuous five-second locked-tripod shot_ Keep the came.mp4,5.0,0.9940017461776733,MOMIJI,One continuous five-second locked-tripod shot_ Keep the came.mp4,4.25,0.993731677532196,MOMIJI,A single continuous five-second shot from a fixed tripod_ Th.mp4,4.75,0.9835114479064941,0.4081149697303772,0.380950391292572,0.9049363136291504,0.9956094026565552,0.27192580699920654,0.37513214349746704
434,108.51972961425781,MOMIJI,MOMIJI,One continuous five-second locked-tripod shot_ Keep the came.mp4,4.75,0.995060384273529,MOMIJI,One continuous five-second locked-tripod shot_ Keep the came.mp4,5.0,0.9945254921913147,MOMIJI,One continuous five-second locked-tripod shot_ Keep the came.mp4,4.5,0.9944056868553162,MOMIJI,One continuous five-second locked-tripod shot_ Keep the came.mp4,4.25,0.9913097620010376,MOMIJI,A single continuous five-second shot from a fixed tripod_ Th.mp4,4.75,0.9863682985305786,0.4058869481086731,0.38092437386512756,0.9025434255599976,0.995060384273529,0.2713223695755005,0.370595782995224
435,108.769775390625,MOMIJI,MOMIJI,One continuous five-second locked-tripod shot_ Keep the came.mp4,5.0,0.9948804974555969,MOMIJI,One continuous five-second locked-tripod shot_ Keep the came.mp4,4.75,0.9944712519645691,MOMIJI,One continuous five-second locked-tripod shot_ Keep the came.mp4,4.5,0.9930345416069031,MOMIJI,One continuous five-second locked-tripod shot_ Keep the came.mp4,4.25,0.9887244701385498,MOMIJI,A single continuous five-second shot from a fixed tripod_ Th.mp4,4.75,0.9879454374313354,0.4086135923862457,0.3814429044723511,0.9010501503944397,0.9948804974555969,0.27288252115249634,0.3682871460914612
436,109.01982116699219,MOMIJI,MOMIJI,A single continuous five-second shot from a fixed tripod_ Th.mp4,3.25,0.9533629417419434,MOMIJI,A single continuous five-second shot from a fixed tripod_ Th.mp4,3.5,0.944638729095459,MOMIJI,A single continuous five-second shot from a fixed tripod_ Th.mp4,3.0,0.9377087354660034,MOMIJI,A single continuous five-second shot from a fixed tripod_ Th.mp4,3.75,0.9271230101585388,MOMIJI,A single continuous five-second shot from a fixed tripod_ Th.mp4,4.0,0.9149075746536255,0.3968541622161865,0.37465929985046387,0.8871345520019531,0.9533629417419434,0.2852523624897003,0.33042335510253906
437,109.26986694335938,MOMIJI,MOMIJI,One continuous five-second locked-tripod shot_ Keep the came.mp4,1.5,0.8922817707061768,MOMIJI,One continuous five-second locked-tripod shot_ Keep the came.mp4,1.25,0.8895053863525391,MOMIJI,agent_generate_video - Cinematic single continuous take_ no cuts_ A woman in an orn_.mp4,3.25,0.8873524069786072,MOMIJI,One continuous five-second locked-tripod shot_ Keep the came.mp4,1.0,0.8868767619132996,MOMIJI,One continuous five-second locked-tripod shot_ Keep the came.mp4,1.75,0.8857370018959045,0.4147495925426483,0.36252889037132263,0.8637363910675049,0.8922817707061768,0.30770885944366455,0.3210618495941162
438,109.51991271972656,MOMIJI,MOMIJI,agent_generate_video - Cinematic single continuous take_ no cuts_ A woman in an orn_.mp4,3.5,0.8859554529190063,MOMIJI,agent_generate_video - Cinematic single continuous take_ no cuts_ A woman in an orn_.mp4,3.75,0.846488893032074,MOMIJI,One continuous five-second locked-tripod shot_ Keep the came.mp4,1.75,0.8398745059967041,MOMIJI,One continuous five-second locked-tripod shot_ Keep the came.mp4,2.0,0.8391211032867432,MOMIJI,agent_generate_video - Cinematic single continuous take_ no cuts_ A woman in an orn_.mp4,3.25,0.8328307271003723,0.44200730323791504,0.37250250577926636,0.7735997438430786,0.8859554529190063,0.3221801221370697,0.3724740147590637
439,109.76995849609375,MOMIJI,MOMIJI,agent_generate_video - Cinematic single continuous take_ no cuts_ A woman in an orn_.mp4,3.75,0.8149631023406982,MOMIJI,agent_generate_video - Cinematic single continuous take_ no cuts_ A woman in an orn_.mp4,4.0,0.7994990348815918,MOMIJI,agent_generate_video - Cinematic single continuous take_ no cuts_ A woman in an orn_.mp4,4.25,0.7462324500083923,MOMIJI,agent_generate_video - Cinematic single continuous take_ no cuts_ A woman in an orn_.mp4,3.5,0.7371968030929565,MOMIJI,One continuous five-second locked-tripod shot_ Keep the came.mp4,2.0,0.6817827224731445,0.4229150414466858,0.36765557527542114,0.6083229780197144,0.8149631023406982,0.33555173873901367,0.39448755979537964
440,110.02000427246094,MOMIJI,MOMIJI,agent_generate_video - Cinematic single continuous take_ no cuts_ A woman in an orn_.mp4,4.75,0.6417480111122131,MOMIJI,agent_generate_video - Cinematic single continuous take_ no cuts_ A woman in an orn_.mp4,4.5,0.6219841241836548,MOMIJI,agent_generate_video - Cinematic single continuous take_ no cuts_ A woman in an orn_.mp4,4.25,0.6013332009315491,MOMIJI,agent_generate_video - Cinematic single continuous take_ no cuts_ A woman in an orn_.mp4,5.0,0.5813742876052856,MOMIJI,agent_generate_video - Cinematic single continuous take_ no cuts_ A woman in an orn_.mp4,5.25,0.5748288631439209,0.3288361430168152,0.3072682321071625,0.3507394790649414,0.6417480111122131,0.2352009415626526,0.3871510922908783
441,110.27005004882812,MOMIJI,MOMIJI,E _ one continuous four-second closing take from the exact s.mp4,1.25,0.43080055713653564,MOMIJI,TURN D1 _ one continuous five-second full-body relay shot fr.mp4,1.25,0.3955234885215759,MOMIJI,LOCKED-OFF SINGLE TAKE_ The camera is physically bolted to a.mp4,2.75,0.39453744888305664,MOMIJI,agent_generate_video - Cinematic single continuous take_ no cuts_ A woman in an orn_.mp4,4.5,0.3917471766471863,MOMIJI,D2 _ one continuous five-second full-body turning take from.mp4,2.0,0.39014318585395813,0.2900300920009613,0.3164184093475342,0.2674437463283539,0.43080055713653564,0.21973711252212524,0.29419147968292236
442,110.52009582519531,MOMIJI,SAKURI,One continuous four-second repair shot between two adjacent.mp4,4.0,0.43460431694984436,SAKURI,One continuous four-second conservative repair shot connecti.mp4,4.0,0.4337412714958191,SAKURI,One continuous four-second repair shot between two adjacent.mp4,3.75,0.42608141899108887,SAKURI,Bridge 1A_ One continuous four-second repair shot between th.mp4,3.5,0.4183845818042755,SAKURI,One continuous four-second conservative repair shot connecti.mp4,3.75,0.417319655418396,0.2535606920719147,0.43460431694984436,0.22569189965724945,0.4046139717102051,0.23837606608867645,0.18791741132736206
443,110.7701416015625,MOMIJI,MOMIJI,END E _ one continuous four-second closing transition from t.mp4,1.25,0.48485302925109863,MOMIJI,END E _ one continuous four-second closing transition from t.mp4,1.5,0.4667273759841919,MOMIJI,E _ one continuous four-second closing take from the exact s.mp4,1.25,0.4481755495071411,MOMIJI,END E _ one continuous four-second closing transition from t.mp4,1.0,0.40557125210762024,SAKURI,One continuous four-second repair shot between two adjacent.mp4,3.75,0.3715289235115051,0.2688748836517334,0.3715289235115051,0.33575817942619324,0.48485302925109863,0.24498890340328217,0.09478241205215454
444,111.02018737792969,MOMIJI,YOSHINO,Direct continuation from the supplied last frame_ Same Yoshi.mp4,1.0,0.4785629212856293,YOSHINO,Direct continuation from the supplied last frame_ Same Yoshi.mp4,0.75,0.45725467801094055,YOSHINO,ONE continuous seamless cinematic shot_ never montage_ cross.mp4,1.75,0.4534127414226532,YOSHINO,Direct continuation from the supplied last frame_ Same Yoshi.mp4,1.75,0.445345938205719,YOSHINO,agent_generate_video_edit - Camera pushes forward while arcing toward the front-right of….mp4,3.0,0.4400465488433838,0.4785629212856293,0.4174947738647461,0.39764365553855896,0.4282127022743225,0.3208741247653961,0.3915252387523651
445,111.27023315429688,MOMIJI,MOMIJI,E _ one continuous four-second closing take from the exact s.mp4,2.5,0.665096640586853,MOMIJI,E _ one continuous four-second closing take from the exact s.mp4,1.5,0.4992791414260864,MOMIJI,E _ one continuous four-second closing take from the exact s.mp4,2.0,0.4931192100048065,TSUKUYOMI,Create one continuous 4-second cinematic transition between.mp4,0.0,0.4743707478046417,SAKURI,SAKURI_NO_NAMEPLATE_SAFE_MASTER_1080P48.mp4,27.0,0.4725859761238098,0.4623948037624359,0.4725859761238098,0.4743707478046417,0.665096640586853,0.43633291125297546,0.21867260336875916
446,111.52027893066406,MOMIJI,TSUKUYOMI,Single continuous cinematic shot of the exact same adult wom.mp4,1.5,0.4218955934047699,TSUKUYOMI,Single continuous cinematic shot of the exact same adult wom.mp4,1.75,0.41361144185066223,YOSHINO,A single continuous cinematic shot connecting the exact star.mp4,1.5,0.40668046474456787,TSUKUYOMI,Single continuous cinematic shot of the exact same adult wom.mp4,1.25,0.4059673845767975,TSUKUYOMI,Create one continuous 4-second cinematic transition between.mp4,4.0,0.4009968638420105,0.40668046474456787,0.2703731060028076,0.4218955934047699,0.3524024486541748,0.2933350205421448,0.38754895329475403
447,111.77032470703125,MOMIJI,MOMIJI,Repair only the causal arm-to-sleeve pose at this anchor fra.mp4,0.0,0.3995882272720337,MOMIJI,Repair only the sleeve-sweep physics in this exact shot. At_.mp4,0.0,0.39838990569114685,MOMIJI,TURN D1 _ one continuous five-second full-body relay shot fr.mp4,3.25,0.35580992698669434,MOMIJI,Edit this exact 9_5-second rotation shot while preserving th.mp4,4.0,0.35481026768684387,MOMIJI,Merge the two separate smoke bursts into one single continuo.mp4,0.5,0.3293653428554535,0.32931995391845703,0.3159908652305603,0.17123332619667053,0.3995882272720337,0.2720278203487396,0.20551346242427826
448,112.02037048339844,MOMIJI,MOMIJI,B1 _ one continuous four-second cinematic take from the exac.mp4,0.0,0.7618362903594971,MOMIJI,B1 _ one continuous four-second cinematic take from the exac.mp4,0.25,0.7050771117210388,MOMIJI,B1 _ one continuous four-second cinematic take from the exac.mp4,0.5,0.6062218546867371,MOMIJI,B1 _ one continuous four-second cinematic take from the exac.mp4,0.75,0.5201877951622009,MOMIJI,B1 _ one continuous four-second cinematic take from the exac.mp4,1.0,0.45312607288360596,0.31346768140792847,0.31092607975006104,0.3176470398902893,0.7618362903594971,0.2908327877521515,0.20842164754867554
449,112.27041625976562,MOMIJI,MOMIJI,B1 _ one continuous four-second cinematic take from the exac.mp4,0.0,0.9759288430213928,MOMIJI,B1 _ one continuous four-second cinematic take from the exac.mp4,0.25,0.9188112020492554,MOMIJI,B1 _ one continuous four-second cinematic take from the exac.mp4,0.5,0.7935379147529602,MOMIJI,B1 _ one continuous four-second cinematic take from the exac.mp4,0.75,0.6796247363090515,MOMIJI,B1 _ one continuous four-second cinematic take from the exac.mp4,1.0,0.5908455848693848,0.2778526544570923,0.3437323272228241,0.32977035641670227,0.9759288430213928,0.2867306172847748,0.29866936802864075
450,112.52046203613281,MOMIJI,MOMIJI,B1 _ one continuous four-second cinematic take from the exac.mp4,0.0,0.994025468826294,MOMIJI,B1 _ one continuous four-second cinematic take from the exac.mp4,0.25,0.9510902166366577,MOMIJI,B1 _ one continuous four-second cinematic take from the exac.mp4,0.5,0.8304219841957092,MOMIJI,B1 _ one continuous four-second cinematic take from the exac.mp4,0.75,0.7091784477233887,MOMIJI,B1 _ one continuous four-second cinematic take from the exac.mp4,1.0,0.6045593023300171,0.2652736306190491,0.3323650360107422,0.3178761601448059,0.994025468826294,0.27042871713638306,0.28939369320869446
451,112.77050018310547,MOMIJI,MOMIJI,B1 _ one continuous four-second cinematic take from the exac.mp4,0.0,0.9949311017990112,MOMIJI,B1 _ one continuous four-second cinematic take from the exac.mp4,0.25,0.963567316532135,MOMIJI,B1 _ one continuous four-second cinematic take from the exac.mp4,0.5,0.8499885201454163,MOMIJI,B1 _ one continuous four-second cinematic take from the exac.mp4,0.75,0.724399745464325,MOMIJI,B1 _ one continuous four-second cinematic take from the exac.mp4,1.0,0.6126178503036499,0.26606929302215576,0.32781147956848145,0.31559914350509644,0.9949311017990112,0.2695477306842804,0.291868656873703
452,113.02054595947266,MOMIJI,MOMIJI,B1 _ one continuous four-second cinematic take from the exac.mp4,0.25,0.9962925314903259,MOMIJI,B1 _ one continuous four-second cinematic take from the exac.mp4,0.5,0.9461613893508911,MOMIJI,B1 _ one continuous four-second cinematic take from the exac.mp4,0.0,0.9404796361923218,MOMIJI,B1 _ one continuous four-second cinematic take from the exac.mp4,0.75,0.8226979374885559,MOMIJI,B1 _ one continuous four-second cinematic take from the exac.mp4,1.0,0.6858248710632324,0.26894503831863403,0.302482008934021,0.2885773777961731,0.9962925314903259,0.26292940974235535,0.2927577793598175
453,113.27059173583984,MOMIJI,MOMIJI,B1 _ one continuous four-second cinematic take from the exac.mp4,0.5,0.9951074123382568,MOMIJI,B1 _ one continuous four-second cinematic take from the exac.mp4,0.75,0.9427202939987183,MOMIJI,B1 _ one continuous four-second cinematic take from the exac.mp4,0.25,0.9214667081832886,MOMIJI,B1 _ one continuous four-second cinematic take from the exac.mp4,0.0,0.8145962357521057,MOMIJI,B1 _ one continuous four-second cinematic take from the exac.mp4,1.0,0.7929476499557495,0.3110516667366028,0.3036963939666748,0.2685123383998871,0.9951074123382568,0.2889530658721924,0.2795620858669281
454,113.52063751220703,MOMIJI,MOMIJI,B1 _ one continuous four-second cinematic take from the exac.mp4,0.75,0.9896625280380249,MOMIJI,B1 _ one continuous four-second cinematic take from the exac.mp4,1.0,0.9347105026245117,MOMIJI,B1 _ one continuous four-second cinematic take from the exac.mp4,0.5,0.8929322957992554,MOMIJI,B1 _ one continuous four-second cinematic take from the exac.mp4,0.25,0.7691695690155029,MOMIJI,B1 _ one continuous four-second cinematic take from the exac.mp4,1.25,0.7379621267318726,0.33779576420783997,0.2922307252883911,0.25736719369888306,0.9896625280380249,0.2671657204627991,0.2798292636871338
455,113.77068328857422,MOMIJI,MOMIJI,B1 _ one continuous four-second cinematic take from the exac.mp4,1.0,0.9954573512077332,MOMIJI,B1 _ one continuous four-second cinematic take from the exac.mp4,1.25,0.8846827149391174,MOMIJI,B1 _ one continuous four-second cinematic take from the exac.mp4,0.75,0.874225378036499,MOMIJI,B1 _ one continuous four-second cinematic take from the exac.mp4,0.5,0.7567113637924194,MOMIJI,B1 _ one continuous four-second cinematic take from the exac.mp4,1.5,0.7376736402511597,0.3335106372833252,0.2940371036529541,0.25580841302871704,0.9954573512077332,0.23139525949954987,0.30020254850387573
456,114.0207290649414,MOMIJI,MOMIJI,B1 _ one continuous four-second cinematic take from the exac.mp4,1.25,0.9950533509254456,MOMIJI,B1 _ one continuous four-second cinematic take from the exac.mp4,1.5,0.9307774305343628,MOMIJI,B1 _ one continuous four-second cinematic take from the exac.mp4,1.0,0.8354510068893433,MOMIJI,B1 _ one continuous four-second cinematic take from the exac.mp4,0.75,0.6776251196861267,MOMIJI,B1 _ one continuous four-second cinematic take from the exac.mp4,1.75,0.6732931137084961,0.3347058892250061,0.2856265604496002,0.248190239071846,0.9950533509254456,0.2005789428949356,0.2893262803554535
457,114.2707748413086,MOMIJI,MOMIJI,B1 _ one continuous four-second cinematic take from the exac.mp4,1.5,0.9650571346282959,MOMIJI,B1 _ one continuous four-second cinematic take from the exac.mp4,1.25,0.8361183404922485,MOMIJI,B1 _ one continuous four-second cinematic take from the exac.mp4,1.75,0.8352586627006531,MOMIJI,B1 _ one continuous four-second cinematic take from the exac.mp4,1.0,0.6732620000839233,MOMIJI,B1 _ one continuous four-second cinematic take from the exac.mp4,2.0,0.6248631477355957,0.3011561632156372,0.2770223617553711,0.2811395525932312,0.9650571346282959,0.2102736532688141,0.26535463333129883
458,114.52082061767578,MOMIJI,MOMIJI,B1 _ one continuous four-second cinematic take from the exac.mp4,1.75,0.9917448163032532,MOMIJI,B1 _ one continuous four-second cinematic take from the exac.mp4,2.0,0.8547186255455017,MOMIJI,B1 _ one continuous four-second cinematic take from the exac.mp4,1.5,0.7376694679260254,MOMIJI,B1 _ one continuous four-second cinematic take from the exac.mp4,1.25,0.6400928497314453,MOMIJI,B1 _ one continuous four-second cinematic take from the exac.mp4,2.25,0.6147055625915527,0.2826606035232544,0.24081024527549744,0.3029906153678894,0.9917448163032532,0.2201634645462036,0.28705525398254395
459,114.77086639404297,MOMIJI,MOMIJI,B1 _ one continuous four-second cinematic take from the exac.mp4,2.0,0.9910866022109985,MOMIJI,B1 _ one continuous four-second cinematic take from the exac.mp4,2.25,0.8149158954620361,MOMIJI,B1 _ one continuous four-second cinematic take from the exac.mp4,1.75,0.7990865707397461,MOMIJI,B1 _ one continuous four-second cinematic take from the exac.mp4,2.5,0.6449817419052124,MOMIJI,B1 _ one continuous four-second cinematic take from the exac.mp4,2.75,0.6231924891471863,0.31280550360679626,0.25350356101989746,0.2824525535106659,0.9910866022109985,0.22106808423995972,0.30409732460975647
460,115.02091217041016,MOMIJI,MOMIJI,B1 _ one continuous four-second cinematic take from the exac.mp4,2.25,0.9916638731956482,MOMIJI,B1 _ one continuous four-second cinematic take from the exac.mp4,2.5,0.8773679733276367,MOMIJI,B1 _ one continuous four-second cinematic take from the exac.mp4,2.0,0.7443047761917114,MOMIJI,B1 _ one continuous four-second cinematic take from the exac.mp4,2.75,0.6618438959121704,MOMIJI,B1 _ one continuous four-second cinematic take from the exac.mp4,3.0,0.6590014696121216,0.3475295305252075,0.307368665933609,0.29390525817871094,0.9916638731956482,0.21040701866149902,0.24518097937107086
461,115.27095794677734,MOMIJI,MOMIJI,B1 _ one continuous four-second cinematic take from the exac.mp4,2.5,0.9796062707901001,MOMIJI,B1 _ one continuous four-second cinematic take from the exac.mp4,2.75,0.8719693422317505,MOMIJI,B1 _ one continuous four-second cinematic take from the exac.mp4,2.25,0.777552604675293,MOMIJI,B1 _ one continuous four-second cinematic take from the exac.mp4,3.0,0.702895998954773,MOMIJI,B1 _ one continuous four-second cinematic take from the exac.mp4,3.25,0.6980507969856262,0.35052022337913513,0.34975332021713257,0.33696573972702026,0.9796062707901001,0.23605327308177948,0.293678343296051
462,115.52100372314453,MOMIJI,MOMIJI,B1 _ one continuous four-second cinematic take from the exac.mp4,2.75,0.9791117906570435,MOMIJI,B1 _ one continuous four-second cinematic take from the exac.mp4,3.0,0.8964794874191284,MOMIJI,B1 _ one continuous four-second cinematic take from the exac.mp4,2.5,0.7580984830856323,MOMIJI,B1 _ one continuous four-second cinematic take from the exac.mp4,3.25,0.7567213773727417,MOMIJI,B1 _ one continuous four-second cinematic take from the exac.mp4,3.5,0.7000914812088013,0.3550400137901306,0.37534913420677185,0.3095413148403168,0.9791117906570435,0.3180287182331085,0.33624646067619324
463,115.77104949951172,MOMIJI,MOMIJI,B1 _ one continuous four-second cinematic take from the exac.mp4,3.0,0.9912523031234741,MOMIJI,B1 _ one continuous four-second cinematic take from the exac.mp4,3.25,0.8974278569221497,MOMIJI,B1 _ one continuous four-second cinematic take from the exac.mp4,2.75,0.808549702167511,MOMIJI,B1 _ one continuous four-second cinematic take from the exac.mp4,3.5,0.7659591436386108,MOMIJI,B1 _ one continuous four-second cinematic take from the exac.mp4,3.75,0.7195672988891602,0.3420461416244507,0.3621354103088379,0.29451578855514526,0.9912523031234741,0.33262085914611816,0.30925390124320984
464,116.0210952758789,MOMIJI,MOMIJI,B1 _ one continuous four-second cinematic take from the exac.mp4,3.25,0.9945815801620483,MOMIJI,B1 _ one continuous four-second cinematic take from the exac.mp4,3.5,0.9204210042953491,MOMIJI,B1 _ one continuous four-second cinematic take from the exac.mp4,3.0,0.8431187868118286,MOMIJI,B1 _ one continuous four-second cinematic take from the exac.mp4,3.75,0.8014929890632629,MOMIJI,B1 _ one continuous four-second cinematic take from the exac.mp4,4.0,0.7406303882598877,0.3314260244369507,0.32478874921798706,0.2996251881122589,0.9945815801620483,0.3324469327926636,0.32678237557411194
465,116.2711410522461,MOMIJI,MOMIJI,B1 _ one continuous four-second cinematic take from the exac.mp4,3.5,0.9957513809204102,MOMIJI,B1 _ one continuous four-second cinematic take from the exac.mp4,3.75,0.9219566583633423,MOMIJI,B1 _ one continuous four-second cinematic take from the exac.mp4,3.25,0.882448673248291,MOMIJI,B1 _ one continuous four-second cinematic take from the exac.mp4,4.0,0.8242341876029968,MOMIJI,B1 _ one continuous four-second cinematic take from the exac.mp4,3.0,0.7460837364196777,0.3240916430950165,0.3090815842151642,0.31793704628944397,0.9957513809204102,0.3017329275608063,0.3451928496360779
466,116.52118682861328,MOMIJI,MOMIJI,B1 _ one continuous four-second cinematic take from the exac.mp4,3.75,0.9962477087974548,MOMIJI,B1 _ one continuous four-second cinematic take from the exac.mp4,4.0,0.9609838724136353,MOMIJI,B1 _ one continuous four-second cinematic take from the exac.mp4,3.5,0.8910596370697021,MOMIJI,B1 _ one continuous four-second cinematic take from the exac.mp4,3.25,0.7827143669128418,MOMIJI,B1 _ one continuous four-second cinematic take from the exac.mp4,3.0,0.7058629393577576,0.3424929082393646,0.32266896963119507,0.3255805969238281,0.9962477087974548,0.30026975274086,0.36921027302742004
467,116.77123260498047,MOMIJI,MOMIJI,B1 _ one continuous four-second cinematic take from the exac.mp4,4.0,0.9953188300132751,MOMIJI,B1 _ one continuous four-second cinematic take from the exac.mp4,3.75,0.9599162340164185,MOMIJI,B1 _ one continuous four-second cinematic take from the exac.mp4,3.5,0.8142576813697815,MOMIJI,B1 _ one continuous four-second cinematic take from the exac.mp4,3.25,0.7417430877685547,MOMIJI,B1 _ one continuous four-second cinematic take from the exac.mp4,3.0,0.6789588332176208,0.35520896315574646,0.3308698534965515,0.334045946598053,0.9953188300132751,0.29686999320983887,0.3642892837524414
468,117.02127838134766,MOMIJI,MOMIJI,B1 _ one continuous four-second cinematic take from the exac.mp4,3.75,0.985686182975769,MOMIJI,B1 _ one continuous four-second cinematic take from the exac.mp4,4.0,0.9679160118103027,MOMIJI,B1 _ one continuous four-second cinematic take from the exac.mp4,3.5,0.8687797784805298,MOMIJI,B1 _ one continuous four-second cinematic take from the exac.mp4,3.25,0.7657181024551392,MOMIJI,B1 _ one continuous four-second cinematic take from the exac.mp4,3.0,0.6876662969589233,0.33895307779312134,0.3197977542877197,0.3268052637577057,0.985686182975769,0.2936473488807678,0.3655426502227783
469,117.27132415771484,MOMIJI,MOMIJI,B1 _ one continuous four-second cinematic take from the exac.mp4,3.5,0.9536820650100708,MOMIJI,B1 _ one continuous four-second cinematic take from the exac.mp4,3.75,0.9216794371604919,MOMIJI,B1 _ one continuous four-second cinematic take from the exac.mp4,4.0,0.8346555233001709,MOMIJI,B1 _ one continuous four-second cinematic take from the exac.mp4,3.25,0.8237881660461426,MOMIJI,B1 _ one continuous four-second cinematic take from the exac.mp4,3.0,0.701856255531311,0.3047253489494324,0.31053227186203003,0.2987087070941925,0.9536820650100708,0.3013828992843628,0.3402317762374878
470,117.52136993408203,MOMIJI,MOMIJI,B1 _ one continuous four-second cinematic take from the exac.mp4,3.25,0.9039099216461182,MOMIJI,B1 _ one continuous four-second cinematic take from the exac.mp4,3.5,0.8720555305480957,MOMIJI,B1 _ one continuous four-second cinematic take from the exac.mp4,3.0,0.7651833295822144,MOMIJI,B1 _ one continuous four-second cinematic take from the exac.mp4,3.75,0.7607566118240356,MOMIJI,B1 _ one continuous four-second cinematic take from the exac.mp4,4.0,0.6997948884963989,0.3286033570766449,0.3171776533126831,0.25880706310272217,0.9039099216461182,0.31580981612205505,0.32187581062316895
471,117.77141571044922,MOMIJI,MOMIJI,B1 _ one continuous four-second cinematic take from the exac.mp4,3.0,0.7476738691329956,MOMIJI,B1 _ one continuous four-second cinematic take from the exac.mp4,2.75,0.7202057242393494,MOMIJI,B1 _ one continuous four-second cinematic take from the exac.mp4,3.25,0.6595675945281982,MOMIJI,B1 _ one continuous four-second cinematic take from the exac.mp4,2.5,0.6043219566345215,MOMIJI,B1 _ one continuous four-second cinematic take from the exac.mp4,3.5,0.5921304225921631,0.2647086977958679,0.2852528691291809,0.22251462936401367,0.7476738691329956,0.25913339853286743,0.3312000334262848
472,118.0214614868164,MOMIJI,MOMIJI,B1 _ one continuous four-second cinematic take from the exac.mp4,2.5,0.5945687294006348,MOMIJI,B1 _ one continuous four-second cinematic take from the exac.mp4,2.25,0.5936614274978638,MOMIJI,B1 _ one continuous four-second cinematic take from the exac.mp4,2.75,0.5348106026649475,MOMIJI,B1 _ one continuous four-second cinematic take from the exac.mp4,2.0,0.525181233882904,MOMIJI,B1 _ one continuous four-second cinematic take from the exac.mp4,3.25,0.5107172131538391,0.32798105478286743,0.21935823559761047,0.25091588497161865,0.5945687294006348,0.2995605766773224,0.2457977682352066
473,118.2715072631836,MOMIJI,MOMIJI,B1 _ one continuous four-second cinematic take from the exac.mp4,2.0,0.5432802438735962,MOMIJI,B1 _ one continuous four-second cinematic take from the exac.mp4,2.25,0.5055460929870605,MOMIJI,B1 _ one continuous four-second cinematic take from the exac.mp4,1.75,0.4761127531528473,MOMIJI,B1 _ one continuous four-second cinematic take from the exac.mp4,2.5,0.4495927095413208,MOMIJI,Create one continuous four-second continuity bridge that rep.mp4,0.5,0.4385601282119751,0.3258017897605896,0.24318906664848328,0.2450082004070282,0.5432802438735962,0.34058332443237305,0.2844962477684021
474,118.52155303955078,MOMIJI,MOMIJI,B1 _ one continuous four-second cinematic take from the exac.mp4,1.75,0.5104357600212097,MOMIJI,B1 _ one continuous four-second cinematic take from the exac.mp4,1.5,0.45628923177719116,MOMIJI,B1 _ one continuous four-second cinematic take from the exac.mp4,2.0,0.4551870822906494,MOMIJI,B1 _ one continuous four-second cinematic take from the exac.mp4,2.75,0.44475942850112915,MOMIJI,B1 _ one continuous four-second cinematic take from the exac.mp4,3.25,0.4345373511314392,0.3221670389175415,0.29497894644737244,0.2624220848083496,0.5104357600212097,0.32267603278160095,0.2715492248535156
475,118.77159118652344,MOMIJI,MOMIJI,B1 _ one continuous four-second cinematic take from the exac.mp4,3.25,0.4810244143009186,MOMIJI,B1 _ one continuous four-second cinematic take from the exac.mp4,3.5,0.4676867723464966,MOMIJI,Repair only the sleeve-sweep physics in this exact shot. At_.mp4,2.5,0.45368528366088867,MOMIJI,Repair only the causal arm-to-sleeve pose at this anchor fra.mp4,2.5,0.4453240633010864,MOMIJI,B1 _ one continuous four-second cinematic take from the exac.mp4,2.5,0.4450474977493286,0.28659409284591675,0.2282698154449463,0.2587451934814453,0.4810244143009186,0.23295509815216064,0.3321061134338379
476,119.02163696289062,MOMIJI,MOMIJI,B1 _ one continuous four-second cinematic take from the exac.mp4,2.75,0.4663301706314087,MOMIJI,B1 _ one continuous four-second cinematic take from the exac.mp4,3.0,0.46551141142845154,MOMIJI,B1 _ one continuous four-second cinematic take from the exac.mp4,2.0,0.44599154591560364,MOMIJI,B1 _ one continuous four-second cinematic take from the exac.mp4,2.5,0.4371505379676819,MOMIJI,B1 _ one continuous four-second cinematic take from the exac.mp4,2.25,0.4327811598777771,0.3169173002243042,0.28335100412368774,0.2601638436317444,0.4663301706314087,0.29770034551620483,0.2702289819717407
477,119.27168273925781,MOMIJI,MOMIJI,B1 _ one continuous four-second cinematic take from the exac.mp4,4.0,0.48724377155303955,MOMIJI,B1 _ one continuous four-second cinematic take from the exac.mp4,3.75,0.4684869349002838,MOMIJI,B1 _ one continuous four-second cinematic take from the exac.mp4,3.25,0.4461686611175537,MOMIJI,B1 _ one continuous four-second cinematic take from the exac.mp4,3.5,0.4378780126571655,MOMIJI,B1 _ one continuous four-second cinematic take from the exac.mp4,3.0,0.42550134658813477,0.3876093029975891,0.3593901991844177,0.29946815967559814,0.48724377155303955,0.19663558900356293,0.35652032494544983
478,119.521728515625,MOMIJI,MOMIJI,C1 _ one continuous four-second intimate portrait take from.mp4,0.0,0.5122080445289612,MOMIJI,C1 _ one continuous four-second intimate portrait take from.mp4,0.25,0.48569756746292114,MOMIJI,B1 _ one continuous four-second cinematic take from the exac.mp4,3.25,0.43815237283706665,MOMIJI,C1 _ one continuous four-second intimate portrait take from.mp4,0.5,0.43388497829437256,MOMIJI,B1 _ one continuous four-second cinematic take from the exac.mp4,2.5,0.4230666160583496,0.3249024450778961,0.3312591314315796,0.24320711195468903,0.5122080445289612,0.16275238990783691,0.37563449144363403
479,119.77177429199219,MOMIJI,MOMIJI,C1 _ one continuous four-second intimate portrait take from.mp4,0.0,0.5407372117042542,MOMIJI,C1 _ one continuous four-second intimate portrait take from.mp4,0.25,0.5133174657821655,MOMIJI,C1 _ one continuous four-second intimate portrait take from.mp4,0.5,0.45898890495300293,MOMIJI,B1 _ one continuous four-second cinematic take from the exac.mp4,3.75,0.4511592388153076,MOMIJI,B1 _ one continuous four-second cinematic take from the exac.mp4,3.5,0.4440045952796936,0.3051397204399109,0.2725212275981903,0.24486547708511353,0.5407372117042542,0.21404260396957397,0.35421496629714966
480,120.02182006835938,MOMIJI,MOMIJI,C1 _ one continuous four-second intimate portrait take from.mp4,0.0,0.6046244502067566,MOMIJI,C1 _ one continuous four-second intimate portrait take from.mp4,0.25,0.6026409864425659,MOMIJI,C1 _ one continuous four-second intimate portrait take from.mp4,0.5,0.5716840028762817,MOMIJI,C1 _ one continuous four-second intimate portrait take from.mp4,0.75,0.5175806283950806,MOMIJI,C1 _ one continuous four-second intimate portrait take from.mp4,1.0,0.4734652042388916,0.31784865260124207,0.32332077622413635,0.29340532422065735,0.6046244502067566,0.2984330952167511,0.3690906763076782
481,120.27186584472656,MOMIJI,MOMIJI,C1 _ one continuous four-second intimate portrait take from.mp4,0.0,0.8350228071212769,MOMIJI,C1 _ one continuous four-second intimate portrait take from.mp4,0.25,0.8139902949333191,MOMIJI,C1 _ one continuous four-second intimate portrait take from.mp4,0.5,0.7589343190193176,MOMIJI,C1 _ one continuous four-second intimate portrait take from.mp4,0.75,0.6850184798240662,MOMIJI,C1 _ one continuous four-second intimate portrait take from.mp4,1.0,0.6238328218460083,0.38735073804855347,0.30891287326812744,0.33112961053848267,0.8350228071212769,0.35687193274497986,0.4205467104911804
482,120.52191162109375,MOMIJI,MOMIJI,C1 _ one continuous four-second intimate portrait take from.mp4,0.0,0.9893417358398438,MOMIJI,C1 _ one continuous four-second intimate portrait take from.mp4,0.25,0.9666761755943298,MOMIJI,C1 _ one continuous four-second intimate portrait take from.mp4,0.5,0.8809661865234375,MOMIJI,C1 _ one continuous four-second intimate portrait take from.mp4,0.75,0.7792626619338989,MOMIJI,C1 _ one continuous four-second intimate portrait take from.mp4,1.0,0.6782410740852356,0.34759142994880676,0.303072988986969,0.3502638041973114,0.9893417358398438,0.3489866852760315,0.4564169645309448
483,120.77195739746094,MOMIJI,MOMIJI,C1 _ one continuous four-second intimate portrait take from.mp4,0.0,0.9951099157333374,MOMIJI,C1 _ one continuous four-second intimate portrait take from.mp4,0.25,0.9748710989952087,MOMIJI,C1 _ one continuous four-second intimate portrait take from.mp4,0.5,0.8917803168296814,MOMIJI,C1 _ one continuous four-second intimate portrait take from.mp4,0.75,0.7919336557388306,MOMIJI,C1 _ one continuous four-second intimate portrait take from.mp4,1.0,0.6914848685264587,0.3497210443019867,0.3051511347293854,0.34841734170913696,0.9951099157333374,0.3468593955039978,0.45616716146469116
484,121.02200317382812,MOMIJI,MOMIJI,C1 _ one continuous four-second intimate portrait take from.mp4,0.25,0.9935186505317688,MOMIJI,C1 _ one continuous four-second intimate portrait take from.mp4,0.5,0.973059892654419,MOMIJI,C1 _ one continuous four-second intimate portrait take from.mp4,0.0,0.9514377117156982,MOMIJI,C1 _ one continuous four-second intimate portrait take from.mp4,0.75,0.894576370716095,MOMIJI,C1 _ one continuous four-second intimate portrait take from.mp4,1.0,0.7892516851425171,0.37495243549346924,0.31924623250961304,0.3351761996746063,0.9935186505317688,0.35212352871894836,0.4346808195114136
485,121.27204895019531,MOMIJI,MOMIJI,C1 _ one continuous four-second intimate portrait take from.mp4,0.5,0.9965087175369263,MOMIJI,C1 _ one continuous four-second intimate portrait take from.mp4,0.75,0.9580206871032715,MOMIJI,C1 _ one continuous four-second intimate portrait take from.mp4,0.25,0.9558872580528259,MOMIJI,C1 _ one continuous four-second intimate portrait take from.mp4,0.0,0.8763137459754944,MOMIJI,C1 _ one continuous four-second intimate portrait take from.mp4,1.0,0.8638718128204346,0.3833291530609131,0.32230255007743835,0.317126989364624,0.9965087175369263,0.3440478444099426,0.4389857053756714
486,121.5220947265625,MOMIJI,MOMIJI,C1 _ one continuous four-second intimate portrait take from.mp4,0.75,0.9945129156112671,MOMIJI,C1 _ one continuous four-second intimate portrait take from.mp4,0.5,0.9505067467689514,MOMIJI,C1 _ one continuous four-second intimate portrait take from.mp4,1.0,0.9500759243965149,MOMIJI,C1 _ one continuous four-second intimate portrait take from.mp4,0.25,0.8672618865966797,MOMIJI,C1 _ one continuous four-second intimate portrait take from.mp4,1.25,0.846180260181427,0.3933160901069641,0.313411682844162,0.2961844801902771,0.9945129156112671,0.3452160954475403,0.43956029415130615
487,121.77214050292969,MOMIJI,MOMIJI,C1 _ one continuous four-second intimate portrait take from.mp4,1.0,0.9944658875465393,MOMIJI,C1 _ one continuous four-second intimate portrait take from.mp4,1.25,0.956855297088623,MOMIJI,C1 _ one continuous four-second intimate portrait take from.mp4,0.75,0.9305602312088013,MOMIJI,C1 _ one continuous four-second intimate portrait take from.mp4,1.5,0.8655660152435303,MOMIJI,C1 _ one continuous four-second intimate portrait take from.mp4,0.5,0.8453717231750488,0.3915567398071289,0.2842627763748169,0.32898157835006714,0.9944658875465393,0.36424559354782104,0.45936039090156555
488,122.02218627929688,MOMIJI,MOMIJI,C1 _ one continuous four-second intimate portrait take from.mp4,1.25,0.9911883473396301,MOMIJI,C1 _ one continuous four-second intimate portrait take from.mp4,1.5,0.9590898752212524,MOMIJI,C1 _ one continuous four-second intimate portrait take from.mp4,1.0,0.9360228776931763,MOMIJI,C1 _ one continuous four-second intimate portrait take from.mp4,1.75,0.8398554921150208,MOMIJI,C1 _ one continuous four-second intimate portrait take from.mp4,0.75,0.8200234174728394,0.36480748653411865,0.2820706069469452,0.3435271978378296,0.9911883473396301,0.3515932559967041,0.45753365755081177
489,122.27223205566406,MOMIJI,MOMIJI,C1 _ one continuous four-second intimate portrait take from.mp4,1.5,0.9894006252288818,MOMIJI,C1 _ one continuous four-second intimate portrait take from.mp4,1.75,0.9521255493164062,MOMIJI,C1 _ one continuous four-second intimate portrait take from.mp4,1.25,0.9291664361953735,MOMIJI,C1 _ one continuous four-second intimate portrait take from.mp4,2.0,0.8351434469223022,MOMIJI,C1 _ one continuous four-second intimate portrait take from.mp4,1.0,0.8202863931655884,0.3433072566986084,0.2919372022151947,0.34009575843811035,0.9894006252288818,0.33347439765930176,0.46136412024497986
490,122.52227783203125,MOMIJI,MOMIJI,C1 _ one continuous four-second intimate portrait take from.mp4,1.75,0.9929658770561218,MOMIJI,C1 _ one continuous four-second intimate portrait take from.mp4,2.0,0.9331252574920654,MOMIJI,C1 _ one continuous four-second intimate portrait take from.mp4,1.5,0.920577883720398,MOMIJI,C1 _ one continuous four-second intimate portrait take from.mp4,1.25,0.8169468641281128,MOMIJI,C1 _ one continuous four-second intimate portrait take from.mp4,2.25,0.7554835677146912,0.3171486258506775,0.3235357403755188,0.3105705976486206,0.9929658770561218,0.3155631124973297,0.4522664546966553
491,122.77232360839844,MOMIJI,MOMIJI,C1 _ one continuous four-second intimate portrait take from.mp4,2.0,0.9941553473472595,MOMIJI,C1 _ one continuous four-second intimate portrait take from.mp4,1.75,0.9286466836929321,MOMIJI,C1 _ one continuous four-second intimate portrait take from.mp4,2.25,0.8897386193275452,MOMIJI,C1 _ one continuous four-second intimate portrait take from.mp4,1.5,0.8120211958885193,MOMIJI,C1 _ one continuous four-second intimate portrait take from.mp4,2.5,0.7322917580604553,0.3246847093105316,0.33701592683792114,0.2679482698440552,0.9941553473472595,0.3058362901210785,0.43595418334007263
492,123.02236938476562,MOMIJI,MOMIJI,C1 _ one continuous four-second intimate portrait take from.mp4,2.25,0.9935654401779175,MOMIJI,C1 _ one continuous four-second intimate portrait take from.mp4,2.5,0.9300585985183716,MOMIJI,C1 _ one continuous four-second intimate portrait take from.mp4,2.0,0.8789039850234985,MOMIJI,C1 _ one continuous four-second intimate portrait take from.mp4,2.75,0.7836244702339172,MOMIJI,C1 _ one continuous four-second intimate portrait take from.mp4,1.75,0.7327446937561035,0.33469462394714355,0.3286653161048889,0.32948142290115356,0.9935654401779175,0.3040546476840973,0.39833104610443115
493,123.27241516113281,MOMIJI,MOMIJI,C1 _ one continuous four-second intimate portrait take from.mp4,2.5,0.9876413345336914,MOMIJI,C1 _ one continuous four-second intimate portrait take from.mp4,2.75,0.9483147859573364,MOMIJI,C1 _ one continuous four-second intimate portrait take from.mp4,2.25,0.8747413158416748,MOMIJI,C1 _ one continuous four-second intimate portrait take from.mp4,3.0,0.8402788043022156,MOMIJI,C1 _ one continuous four-second intimate portrait take from.mp4,3.25,0.7424677610397339,0.31780529022216797,0.30746394395828247,0.3565969467163086,0.9876413345336914,0.28932932019233704,0.350917786359787
494,123.5224609375,MOMIJI,MOMIJI,C1 _ one continuous four-second intimate portrait take from.mp4,2.75,0.9906163215637207,MOMIJI,C1 _ one continuous four-second intimate portrait take from.mp4,3.0,0.964402973651886,MOMIJI,C1 _ one continuous four-second intimate portrait take from.mp4,2.5,0.8867900371551514,MOMIJI,C1 _ one continuous four-second intimate portrait take from.mp4,3.25,0.8599790334701538,MOMIJI,C1 _ one continuous four-second intimate portrait take from.mp4,3.5,0.7626832127571106,0.3003503680229187,0.2995750308036804,0.3381727933883667,0.9906163215637207,0.26648592948913574,0.3371322751045227
495,123.77250671386719,MOMIJI,MOMIJI,C1 _ one continuous four-second intimate portrait take from.mp4,3.0,0.9963963627815247,MOMIJI,C1 _ one continuous four-second intimate portrait take from.mp4,3.25,0.9429661631584167,MOMIJI,C1 _ one continuous four-second intimate portrait take from.mp4,2.75,0.9387891292572021,MOMIJI,C1 _ one continuous four-second intimate portrait take from.mp4,3.5,0.8502784967422485,MOMIJI,C1 _ one continuous four-second intimate portrait take from.mp4,2.5,0.7953343987464905,0.2841240465641022,0.3032127618789673,0.35549092292785645,0.9963963627815247,0.2579531967639923,0.3427293300628662
496,124.02255249023438,MOMIJI,MOMIJI,C1 _ one continuous four-second intimate portrait take from.mp4,3.25,0.9949367046356201,MOMIJI,C1 _ one continuous four-second intimate portrait take from.mp4,3.5,0.9615709781646729,MOMIJI,C1 _ one continuous four-second intimate portrait take from.mp4,3.0,0.9259594678878784,MOMIJI,C1 _ one continuous four-second intimate portrait take from.mp4,3.75,0.887978196144104,MOMIJI,C2 _ one continuous four-second intimate take from the exact.mp4,0.5,0.8433295488357544,0.28237056732177734,0.33504581451416016,0.3598702549934387,0.9949367046356201,0.2365470826625824,0.33628609776496887
497,124.27259826660156,MOMIJI,MOMIJI,C1 _ one continuous four-second intimate portrait take from.mp4,3.5,0.9959431886672974,MOMIJI,C1 _ one continuous four-second intimate portrait take from.mp4,3.75,0.9646260738372803,MOMIJI,C1 _ one continuous four-second intimate portrait take from.mp4,3.25,0.9463613033294678,MOMIJI,C2 _ one continuous four-second intimate take from the exact.mp4,0.25,0.9113349318504333,MOMIJI,C2 _ one continuous four-second intimate take from the exact.mp4,0.5,0.8973931074142456,0.26321715116500854,0.3397793173789978,0.3538193702697754,0.9959431886672974,0.2382616251707077,0.3388746976852417
498,124.52264404296875,MOMIJI,MOMIJI,C1 _ one continuous four-second intimate portrait take from.mp4,3.75,0.9965569972991943,MOMIJI,C2 _ one continuous four-second intimate take from the exact.mp4,0.25,0.9730613231658936,MOMIJI,C1 _ one continuous four-second intimate portrait take from.mp4,4.0,0.9702715873718262,MOMIJI,C2 _ one continuous four-second intimate take from the exact.mp4,0.0,0.9695026874542236,MOMIJI,C1 _ one continuous four-second intimate portrait take from.mp4,3.5,0.9514375925064087,0.26930469274520874,0.32571423053741455,0.3690080940723419,0.9965569972991943,0.2316572070121765,0.33199018239974976
499,124.7726821899414,MOMIJI,MOMIJI,C1 _ one continuous four-second intimate portrait take from.mp4,4.0,0.9962393045425415,MOMIJI,C2 _ one continuous four-second intimate take from the exact.mp4,0.0,0.9957857728004456,MOMIJI,C2 _ one continuous four-second intimate take from the exact.mp4,0.25,0.9802775382995605,MOMIJI,C1 _ one continuous four-second intimate portrait take from.mp4,3.75,0.9689589142799377,MOMIJI,C2 _ one continuous four-second intimate take from the exact.mp4,0.5,0.9289425611495972,0.27840396761894226,0.3138427138328552,0.36563703417778015,0.9962393045425415,0.21941959857940674,0.328294038772583
500,125.0227279663086,MOMIJI,MOMIJI,C2 _ one continuous four-second intimate take from the exact.mp4,0.25,0.9964206218719482,MOMIJI,C2 _ one continuous four-second intimate take from the exact.mp4,0.5,0.9774154424667358,MOMIJI,C1 _ one continuous four-second intimate portrait take from.mp4,4.0,0.9714663028717041,MOMIJI,C2 _ one continuous four-second intimate take from the exact.mp4,0.0,0.9710533022880554,MOMIJI,C1 _ one continuous four-second intimate portrait take from.mp4,3.75,0.9692208170890808,0.28297972679138184,0.31427672505378723,0.3782939910888672,0.9964206218719482,0.2267264574766159,0.32104864716529846
501,125.27277374267578,MOMIJI,MOMIJI,C2 _ one continuous four-second intimate take from the exact.mp4,0.5,0.9961549043655396,MOMIJI,C2 _ one continuous four-second intimate take from the exact.mp4,0.75,0.9845762252807617,MOMIJI,"Repair only the smoking gesture. At the anchor frame, move t.mp4",0.0,0.9830777645111084,MOMIJI,Merge the two separate smoke bursts into one single continuo.mp4,0.0,0.9808339476585388,MOMIJI,C2 _ one continuous four-second intimate take from the exact.mp4,0.25,0.9668197631835938,0.2857738137245178,0.30507025122642517,0.38815760612487793,0.9961549043655396,0.23135074973106384,0.3226616680622101
502,125.52281951904297,MOMIJI,MOMIJI,C2 _ one continuous four-second intimate take from the exact.mp4,0.75,0.993896484375,MOMIJI,"Repair only the smoking gesture. At the anchor frame, move t.mp4",0.0,0.9897691011428833,MOMIJI,Merge the two separate smoke bursts into one single continuo.mp4,0.0,0.988046407699585,MOMIJI,C2 _ one continuous four-second intimate take from the exact.mp4,1.0,0.9739413857460022,MOMIJI,C2 _ one continuous four-second intimate take from the exact.mp4,0.5,0.9721193909645081,0.2868824601173401,0.29403215646743774,0.3722749948501587,0.993896484375,0.21855813264846802,0.33541765809059143
503,125.77286529541016,MOMIJI,MOMIJI,"Repair only the smoking gesture. At the anchor frame, move t.mp4",0.25,0.9917927980422974,MOMIJI,Merge the two separate smoke bursts into one single continuo.mp4,0.25,0.9914153218269348,MOMIJI,C2 _ one continuous four-second intimate take from the exact.mp4,1.0,0.9653575420379639,MOMIJI,Merge the two separate smoke bursts into one single continuo.mp4,0.5,0.953683614730835,MOMIJI,"Repair only the smoking gesture. At the anchor frame, move t.mp4",0.5,0.9503581523895264,0.2793145775794983,0.31423982977867126,0.4034176766872406,0.9917927980422974,0.2586037516593933,0.34885838627815247
504,126.02291107177734,MOMIJI,MOMIJI,C2 _ one continuous four-second intimate take from the exact.mp4,1.25,0.9600524306297302,MOMIJI,Merge the two separate smoke bursts into one single continuo.mp4,0.5,0.954377293586731,MOMIJI,"Repair only the smoking gesture. At the anchor frame, move t.mp4",0.5,0.9511427879333496,MOMIJI,Merge the two separate smoke bursts into one single continuo.mp4,0.25,0.8511629104614258,MOMIJI,"Repair only the smoking gesture. At the anchor frame, move t.mp4",0.25,0.8488249778747559,0.2795446515083313,0.31796926259994507,0.3708694279193878,0.9600524306297302,0.26689445972442627,0.3179531693458557
505,126.27295684814453,MOMIJI,MOMIJI,C2 _ one continuous four-second intimate take from the exact.mp4,1.5,0.9201223850250244,MOMIJI,Merge the two separate smoke bursts into one single continuo.mp4,0.75,0.8628199100494385,MOMIJI,"Repair only the smoking gesture. At the anchor frame, move t.mp4",0.75,0.8610349297523499,MOMIJI,Merge the two separate smoke bursts into one single continuo.mp4,1.0,0.7204311490058899,MOMIJI,"Repair only the smoking gesture. At the anchor frame, move t.mp4",1.0,0.7037943005561829,0.3187186121940613,0.31076139211654663,0.34057241678237915,0.9201223850250244,0.3685745298862457,0.3604344129562378
506,126.52300262451172,MOMIJI,MOMIJI,C2 _ one continuous four-second intimate take from the exact.mp4,1.75,0.9624617099761963,MOMIJI,"Repair only the smoking gesture. At the anchor frame, move t.mp4",1.0,0.9263788461685181,MOMIJI,Merge the two separate smoke bursts into one single continuo.mp4,1.0,0.925837516784668,MOMIJI,Merge the two separate smoke bursts into one single continuo.mp4,1.25,0.7455641031265259,MOMIJI,"Repair only the smoking gesture. At the anchor frame, move t.mp4",1.25,0.7413400411605835,0.333080917596817,0.29501235485076904,0.31235527992248535,0.9624617099761963,0.32498544454574585,0.3930306136608124
507,126.7730484008789,MOMIJI,MOMIJI,C2 _ one continuous four-second intimate take from the exact.mp4,2.0,0.9684605598449707,MOMIJI,Merge the two separate smoke bursts into one single continuo.mp4,1.25,0.9261601567268372,MOMIJI,"Repair only the smoking gesture. At the anchor frame, move t.mp4",1.25,0.9204884767532349,MOMIJI,"Repair only the smoking gesture. At the anchor frame, move t.mp4",1.5,0.8246122002601624,MOMIJI,Merge the two separate smoke bursts into one single continuo.mp4,1.5,0.8235459327697754,0.369259238243103,0.3569785952568054,0.3817153573036194,0.9684605598449707,0.32377466559410095,0.41492968797683716
508,127.0230941772461,MOMIJI,MOMIJI,Merge the two separate smoke bursts into one single continuo.mp4,1.5,0.9654003381729126,MOMIJI,C2 _ one continuous four-second intimate take from the exact.mp4,2.25,0.9635940790176392,MOMIJI,"Repair only the smoking gesture. At the anchor frame, move t.mp4",1.5,0.9529197216033936,MOMIJI,Merge the two separate smoke bursts into one single continuo.mp4,1.75,0.9344159364700317,MOMIJI,"Repair only the smoking gesture. At the anchor frame, move t.mp4",1.75,0.9338497519493103,0.34718838334083557,0.27345702052116394,0.34570881724357605,0.9654003381729126,0.280548632144928,0.4218255877494812
509,127.27313995361328,MOMIJI,MOMIJI,C2 _ one continuous four-second intimate take from the exact.mp4,2.5,0.9773757457733154,MOMIJI,Merge the two separate smoke bursts into one single continuo.mp4,1.75,0.9761912822723389,MOMIJI,Merge the two separate smoke bursts into one single continuo.mp4,2.0,0.97312331199646,MOMIJI,"Repair only the smoking gesture. At the anchor frame, move t.mp4",1.75,0.969828724861145,MOMIJI,"Repair only the smoking gesture. At the anchor frame, move t.mp4",2.0,0.9646598100662231,0.3143339157104492,0.3004327714443207,0.2939440906047821,0.9773757457733154,0.26131463050842285,0.4285445213317871
510,127.52318572998047,MOMIJI,MOMIJI,Merge the two separate smoke bursts into one single continuo.mp4,2.0,0.9796426892280579,MOMIJI,Merge the two separate smoke bursts into one single continuo.mp4,2.25,0.9684392213821411,MOMIJI,C2 _ one continuous four-second intimate take from the exact.mp4,2.75,0.9662098288536072,MOMIJI,"Repair only the smoking gesture. At the anchor frame, move t.mp4",2.0,0.9637105464935303,MOMIJI,"Repair only the smoking gesture. At the anchor frame, move t.mp4",2.25,0.9493280053138733,0.3070482611656189,0.31514227390289307,0.27052655816078186,0.9796426892280579,0.2379840761423111,0.42293691635131836
511,127.77323150634766,MOMIJI,MOMIJI,Merge the two separate smoke bursts into one single continuo.mp4,2.25,0.9852279424667358,MOMIJI,Merge the two separate smoke bursts into one single continuo.mp4,2.5,0.9766569137573242,MOMIJI,"Repair only the smoking gesture. At the anchor frame, move t.mp4",2.25,0.9762295484542847,MOMIJI,C2 _ one continuous four-second intimate take from the exact.mp4,3.0,0.9717819094657898,MOMIJI,Merge the two separate smoke bursts into one single continuo.mp4,2.0,0.962884247303009,0.3110917806625366,0.3082848787307739,0.28102391958236694,0.9852279424667358,0.23388323187828064,0.41412508487701416
512,128.0232696533203,MOMIJI,MOMIJI,Merge the two separate smoke bursts into one single continuo.mp4,2.5,0.9914331436157227,MOMIJI,Merge the two separate smoke bursts into one single continuo.mp4,2.75,0.988710880279541,MOMIJI,Merge the two separate smoke bursts into one single continuo.mp4,3.0,0.967872142791748,MOMIJI,Merge the two separate smoke bursts into one single continuo.mp4,3.25,0.9622704386711121,MOMIJI,"Repair only the smoking gesture. At the anchor frame, move t.mp4",2.5,0.9617577195167542,0.3357142210006714,0.30178213119506836,0.2906941771507263,0.9914331436157227,0.22784638404846191,0.4183506965637207
513,128.2733154296875,MOMIJI,MOMIJI,Merge the two separate smoke bursts into one single continuo.mp4,2.75,0.9934284090995789,MOMIJI,Merge the two separate smoke bursts into one single continuo.mp4,3.0,0.9915450811386108,MOMIJI,Merge the two separate smoke bursts into one single continuo.mp4,3.25,0.984574556350708,MOMIJI,Merge the two separate smoke bursts into one single continuo.mp4,2.5,0.9650751352310181,MOMIJI,"Repair only the smoking gesture. At the anchor frame, move t.mp4",2.5,0.9357268810272217,0.34309160709381104,0.30323055386543274,0.28551673889160156,0.9934284090995789,0.2315543293952942,0.4221583604812622
514,128.5233612060547,MOMIJI,MOMIJI,Merge the two separate smoke bursts into one single continuo.mp4,3.0,0.9938423037528992,MOMIJI,Merge the two separate smoke bursts into one single continuo.mp4,3.25,0.9893584251403809,MOMIJI,Merge the two separate smoke bursts into one single continuo.mp4,2.75,0.9825089573860168,MOMIJI,Merge the two separate smoke bursts into one single continuo.mp4,2.5,0.9443218111991882,MOMIJI,"Repair only the smoking gesture. At the anchor frame, move t.mp4",2.75,0.9247494339942932,0.3471534252166748,0.3025965094566345,0.28463131189346313,0.9938423037528992,0.23362477123737335,0.4197116196155548
515,128.77340698242188,MOMIJI,MOMIJI,Merge the two separate smoke bursts into one single continuo.mp4,3.25,0.9920526742935181,MOMIJI,Merge the two separate smoke bursts into one single continuo.mp4,3.0,0.9857137203216553,MOMIJI,Merge the two separate smoke bursts into one single continuo.mp4,2.75,0.9762452244758606,MOMIJI,Merge the two separate smoke bursts into one single continuo.mp4,2.5,0.941511869430542,MOMIJI,"Repair only the smoking gesture. At the anchor frame, move t.mp4",2.75,0.9360068440437317,0.3630370795726776,0.3025028109550476,0.3010856509208679,0.9920526742935181,0.24569754302501678,0.4197229743003845
516,129.02345275878906,MOMIJI,MOMIJI,Merge the two separate smoke bursts into one single continuo.mp4,3.5,0.9482814073562622,MOMIJI,"Repair only the smoking gesture. At the anchor frame, move t.mp4",3.5,0.904242992401123,MOMIJI,Merge the two separate smoke bursts into one single continuo.mp4,3.75,0.8779934644699097,MOMIJI,Merge the two separate smoke bursts into one single continuo.mp4,3.25,0.8654389381408691,MOMIJI,Merge the two separate smoke bursts into one single continuo.mp4,3.0,0.8635997772216797,0.3455262780189514,0.32609379291534424,0.3334311842918396,0.9482814073562622,0.2917332053184509,0.43059977889060974
517,129.27349853515625,MOMIJI,MOMIJI,Merge the two separate smoke bursts into one single continuo.mp4,3.75,0.9442720413208008,MOMIJI,"Repair only the smoking gesture. At the anchor frame, move t.mp4",3.75,0.9193094968795776,MOMIJI,Merge the two separate smoke bursts into one single continuo.mp4,4.0,0.9152829647064209,MOMIJI,"Repair only the smoking gesture. At the anchor frame, move t.mp4",4.0,0.9050012230873108,MOMIJI,Merge the two separate smoke bursts into one single continuo.mp4,3.5,0.7755996584892273,0.4061874747276306,0.41777390241622925,0.3051888644695282,0.9442720413208008,0.29145488142967224,0.3725799322128296
518,129.52354431152344,MOMIJI,MOMIJI,Merge the two separate smoke bursts into one single continuo.mp4,4.0,0.952713668346405,MOMIJI,"Repair only the smoking gesture. At the anchor frame, move t.mp4",4.0,0.9429688453674316,MOMIJI,Merge the two separate smoke bursts into one single continuo.mp4,4.25,0.8773420453071594,MOMIJI,"Repair only the smoking gesture. At the anchor frame, move t.mp4",4.25,0.8678463697433472,MOMIJI,Merge the two separate smoke bursts into one single continuo.mp4,3.75,0.7777209281921387,0.40440112352371216,0.45980459451675415,0.3261660635471344,0.952713668346405,0.3114897906780243,0.3534526824951172
519,129.77359008789062,MOMIJI,MOMIJI,Merge the two separate smoke bursts into one single continuo.mp4,4.25,0.9266020655632019,MOMIJI,"Repair only the smoking gesture. At the anchor frame, move t.mp4",4.25,0.9144995212554932,MOMIJI,Merge the two separate smoke bursts into one single continuo.mp4,4.5,0.8044732809066772,MOMIJI,"Repair only the smoking gesture. At the anchor frame, move t.mp4",4.5,0.7925642728805542,MOMIJI,Merge the two separate smoke bursts into one single continuo.mp4,4.0,0.7828501462936401,0.38040995597839355,0.4228034019470215,0.2659602761268616,0.9266020655632019,0.30950725078582764,0.44402027130126953
520,130.0236358642578,MOMIJI,MOMIJI,Merge the two separate smoke bursts into one single continuo.mp4,4.5,0.8282229900360107,MOMIJI,"Repair only the smoking gesture. At the anchor frame, move t.mp4",4.5,0.8281376361846924,MOMIJI,"Repair only the smoking gesture. At the anchor frame, move t.mp4",4.25,0.6826046109199524,MOMIJI,Merge the two separate smoke bursts into one single continuo.mp4,4.25,0.6822707653045654,MOMIJI,Merge the two separate smoke bursts into one single continuo.mp4,4.75,0.6035762429237366,0.31446659564971924,0.3008153438568115,0.30201780796051025,0.8282229900360107,0.33555904030799866,0.3310977816581726
521,130.273681640625,MOMIJI,MOMIJI,"Repair only the smoking gesture. At the anchor frame, move t.mp4",4.75,0.7189772725105286,MOMIJI,Merge the two separate smoke bursts into one single continuo.mp4,4.75,0.7079375982284546,MOMIJI,C2 _ one continuous four-second intimate take from the exact.mp4,2.5,0.484722375869751,MOMIJI,C2 _ one continuous four-second intimate take from the exact.mp4,2.75,0.4839180111885071,MOMIJI,"Repair only the smoking gesture. At the anchor frame, move t.mp4",2.0,0.47572213411331177,0.3292778432369232,0.41964471340179443,0.4240761399269104,0.7189772725105286,0.3782314360141754,0.40070804953575134
522,130.5237274169922,MOMIJI,MOMIJI,E _ one continuous four-second closing take from the exact s.mp4,2.5,0.552910327911377,SAKURI,SAKURI_NO_NAMEPLATE_SAFE_MASTER_1080P48.mp4,0.5,0.5476208925247192,SAKURI,Create one continuous cinematic transition shot connecting t.mp4,0.5,0.5473501682281494,SAKURI,SAKURI_NO_NAMEPLATE_SAFE_MASTER_1080P48.mp4,0.0,0.512391209602356,SAKURI,Create one continuous cinematic transition shot connecting t.mp4,0.0,0.5118812918663025,0.5071163773536682,0.5476208925247192,0.4941729009151459,0.552910327911377,0.40027567744255066,0.2799144983291626
523,130.77377319335938,MOMIJI,MOMIJI,E _ one continuous four-second closing take from the exact s.mp4,2.5,0.6660799384117126,MOMIJI,E _ one continuous four-second closing take from the exact s.mp4,1.5,0.5952015519142151,SAKURI,Create a single continuous four-second cinematic bridge from.mp4,2.5,0.5647069811820984,TSUKUYOMI,Create one continuous 4-second cinematic transition using th (1).mp4,3.0,0.5441091656684875,SAKURI,Create one continuous cinematic transition shot connecting t.mp4,0.75,0.5327634215354919,0.4528387486934662,0.5647069811820984,0.5441091656684875,0.6660799384117126,0.4824850559234619,0.3346145451068878
524,131.02381896972656,MOMIJI,SAKURI,Bridge 2A_ Create one continuous four-second practical in-ca.mp4,3.25,0.48026275634765625,SAKURI,Create one continuous cinematic transition shot connecting t.mp4,1.0,0.4589821398258209,SAKURI,SAKURI_NO_NAMEPLATE_SAFE_MASTER_1080P48.mp4,1.0,0.45757800340652466,SAKURI,Create one continuous cinematic transition shot connecting t.mp4,1.25,0.4496876001358032,SAKURI,SAKURI_NO_NAMEPLATE_SAFE_MASTER_1080P48.mp4,1.25,0.4496583938598633,0.4051259160041809,0.48026275634765625,0.43013614416122437,0.4068709909915924,0.3747345209121704,0.2608858644962311
525,131.27386474609375,MOMIJI,MOMIJI,Repair only the sleeve-sweep physics in this exact shot. At_.mp4,2.25,0.5157723426818848,MOMIJI,Repair only the causal arm-to-sleeve pose at this anchor fra.mp4,2.25,0.5040515661239624,MOMIJI,agent_generate_video - Cinematic single continuous take_ no cuts_ A woman in an orn_.mp4,6.25,0.49356865882873535,MOMIJI,agent_generate_video - Cinematic single continuous take_ no cuts_ A woman in an orn_.mp4,6.0,0.48175936937332153,MOMIJI,Repair only the sleeve-sweep physics in this exact shot. At_.mp4,2.5,0.46829789876937866,0.4080386161804199,0.4641251564025879,0.44273632764816284,0.5157723426818848,0.28678634762763977,0.35673391819000244
526,131.52391052246094,MOMIJI,YOSHINO,A single continuous cinematic shot connecting the exact star.mp4,1.5,0.37999188899993896,SETSUKA,Create one continuous cinematic 4-second transition using th.mp4,3.0,0.37259531021118164,MOMIJI,C2 _ one continuous four-second intimate take from the exact.mp4,1.75,0.36521241068840027,MOMIJI,Merge the two separate smoke bursts into one single continuo.mp4,1.0,0.36342737078666687,MOMIJI,"Repair only the smoking gesture. At the anchor frame, move t.mp4",1.0,0.35127511620521545,0.37999188899993896,0.28290194272994995,0.2940048575401306,0.36521241068840027,0.37259531021118164,0.24045886099338531
527,131.77395629882812,MOMIJI,MOMIJI,"Repair only the hand-to-fabric contact. At the anchor frame,.mp4",0.0,0.5864967107772827,MOMIJI,D1 _ one continuous four-second full-body preparation take f.mp4,0.75,0.5815625190734863,MOMIJI,"Repair only the hand-to-fabric contact. At the anchor frame,.mp4",0.25,0.5794166922569275,MOMIJI,"Repair only the hand-to-fabric contact. At the anchor frame,.mp4",0.5,0.5624693036079407,MOMIJI,"Repair only the hand-to-fabric contact. At the anchor frame,.mp4",0.75,0.5281836986541748,0.39465445280075073,0.39652395248413086,0.3082873225212097,0.5864967107772827,0.3033795952796936,0.22085897624492645
528,132.0240020751953,MOMIJI,MOMIJI,D1 _ one continuous four-second full-body preparation take f.mp4,0.0,0.5885114669799805,MOMIJI,"Repair only the hand-to-fabric contact. At the anchor frame,.mp4",0.0,0.5773797035217285,MOMIJI,"Repair only the hand-to-fabric contact. At the anchor frame,.mp4",0.25,0.5654544830322266,MOMIJI,D1 _ one continuous four-second full-body preparation take f.mp4,0.75,0.5641679763793945,MOMIJI,D1 _ one continuous four-second full-body preparation take f.mp4,0.25,0.5611106753349304,0.3698897659778595,0.3672034740447998,0.29255205392837524,0.5885114669799805,0.25827035307884216,0.23958392441272736
529,132.2740478515625,MOMIJI,MOMIJI,D1 _ one continuous four-second full-body preparation take f.mp4,0.0,0.7445471286773682,MOMIJI,D1 _ one continuous four-second full-body preparation take f.mp4,0.25,0.6415673494338989,MOMIJI,"Repair only the hand-to-fabric contact. At the anchor frame,.mp4",0.0,0.6177448034286499,MOMIJI,"Repair only the hand-to-fabric contact. At the anchor frame,.mp4",0.25,0.5997885465621948,MOMIJI,D1 _ one continuous four-second full-body preparation take f.mp4,0.75,0.5821765065193176,0.32313036918640137,0.32809746265411377,0.2622118294239044,0.7445471286773682,0.2538880407810211,0.27233895659446716
530,132.5240936279297,MOMIJI,MOMIJI,D1 _ one continuous four-second full-body preparation take f.mp4,0.0,0.9343947172164917,MOMIJI,D1 _ one continuous four-second full-body preparation take f.mp4,0.25,0.7839533090591431,MOMIJI,"Repair only the hand-to-fabric contact. At the anchor frame,.mp4",0.0,0.6971434950828552,MOMIJI,"Repair only the hand-to-fabric contact. At the anchor frame,.mp4",0.25,0.6656468510627747,MOMIJI,"Repair only the hand-to-fabric contact. At the anchor frame,.mp4",0.5,0.6540598273277283,0.2544845640659332,0.2512747049331665,0.22084924578666687,0.9343947172164917,0.22465725243091583,0.274336576461792
531,132.77413940429688,MOMIJI,MOMIJI,D1 _ one continuous four-second full-body preparation take f.mp4,0.0,0.9890908002853394,MOMIJI,D1 _ one continuous four-second full-body preparation take f.mp4,0.25,0.9028626680374146,MOMIJI,"Repair only the hand-to-fabric contact. At the anchor frame,.mp4",0.0,0.7358689904212952,MOMIJI,D1 _ one continuous four-second full-body preparation take f.mp4,0.5,0.7261278629302979,MOMIJI,"Repair only the hand-to-fabric contact. At the anchor frame,.mp4",0.25,0.6927237510681152,0.2508544623851776,0.21511855721473694,0.26223793625831604,0.9890908002853394,0.22808416187763214,0.27436143159866333
532,133.02418518066406,MOMIJI,MOMIJI,D1 _ one continuous four-second full-body preparation take f.mp4,0.25,0.9908924102783203,MOMIJI,D1 _ one continuous four-second full-body preparation take f.mp4,0.5,0.8912763595581055,MOMIJI,D1 _ one continuous four-second full-body preparation take f.mp4,0.0,0.8557807207107544,MOMIJI,D1 _ one continuous four-second full-body preparation take f.mp4,0.75,0.773574709892273,MOMIJI,"Repair only the hand-to-fabric contact. At the anchor frame,.mp4",0.0,0.7673375606536865,0.29961952567100525,0.24053624272346497,0.29703572392463684,0.9908924102783203,0.23315918445587158,0.28167498111724854
533,133.27423095703125,MOMIJI,MOMIJI,D1 _ one continuous four-second full-body preparation take f.mp4,0.5,0.8988167643547058,MOMIJI,D1 _ one continuous four-second full-body preparation take f.mp4,0.75,0.8280767202377319,MOMIJI,D1 _ one continuous four-second full-body preparation take f.mp4,0.25,0.7656317949295044,MOMIJI,"Repair only the hand-to-fabric contact. At the anchor frame,.mp4",0.0,0.6592310070991516,MOMIJI,D1 _ one continuous four-second full-body preparation take f.mp4,1.0,0.6554654240608215,0.3614934980869293,0.33434849977493286,0.3022478222846985,0.8988167643547058,0.2726365923881531,0.2863459885120392
534,133.52427673339844,MOMIJI,MOMIJI,D1 _ one continuous four-second full-body preparation take f.mp4,0.75,0.5836814641952515,MOMIJI,"Repair only the hand-to-fabric contact. At the anchor frame,.mp4",0.0,0.5247745513916016,MOMIJI,"Repair only the hand-to-fabric contact. At the anchor frame,.mp4",0.25,0.5245946645736694,MOMIJI,D1 _ one continuous four-second full-body preparation take f.mp4,0.5,0.5204598903656006,MOMIJI,"Repair only the hand-to-fabric contact. At the anchor frame,.mp4",0.5,0.5141409635543823,0.404879093170166,0.3116602301597595,0.34191030263900757,0.5836814641952515,0.4061117470264435,0.4034046232700348
535,133.77432250976562,MOMIJI,MOMIJI,"Repair only the hand-to-fabric contact. At the anchor frame,.mp4",1.0,0.6378803849220276,MOMIJI,"Repair only the hand-to-fabric contact. At the anchor frame,.mp4",1.25,0.6082947254180908,MOMIJI,D2 _ one continuous five-second full-body turning take from.mp4,0.75,0.603661298751831,MOMIJI,Create a continuous four-second motion bridge between these.mp4,0.75,0.598666787147522,MOMIJI,Create a continuous four-second motion bridge between these.mp4,0.5,0.5982206463813782,0.31487855315208435,0.2613104581832886,0.2521316707134247,0.6378803849220276,0.3327691853046417,0.30448809266090393
536,134.0243682861328,MOMIJI,MOMIJI,"Repair only the hand-to-fabric contact. At the anchor frame,.mp4",1.0,0.9903734922409058,MOMIJI,Create a continuous four-second motion bridge between these.mp4,1.25,0.9728298783302307,MOMIJI,Create a continuous four-second motion bridge between these.mp4,1.0,0.9661263823509216,MOMIJI,Create a continuous four-second motion bridge between these.mp4,1.5,0.9628264307975769,MOMIJI,"Repair only the hand-to-fabric contact. At the anchor frame,.mp4",1.25,0.9564782381057739,0.24726982414722443,0.2837941646575928,0.29037797451019287,0.9903734922409058,0.3011793792247772,0.2812429368495941
537,134.2744140625,MOMIJI,MOMIJI,"Repair only the hand-to-fabric contact. At the anchor frame,.mp4",1.5,0.9697287678718567,MOMIJI,"Repair only the hand-to-fabric contact. At the anchor frame,.mp4",1.25,0.9684849381446838,MOMIJI,Create a continuous four-second motion bridge between these.mp4,2.0,0.9469018578529358,MOMIJI,Create a continuous four-second motion bridge between these.mp4,2.25,0.9379839897155762,MOMIJI,Create a continuous four-second motion bridge between these.mp4,1.75,0.9268199801445007,0.2609446048736572,0.3023771345615387,0.3635077476501465,0.9697287678718567,0.2805873155593872,0.32248562574386597
538,134.5244598388672,MOMIJI,MOMIJI,"Repair only the hand-to-fabric contact. At the anchor frame,.mp4",1.5,0.9883606433868408,MOMIJI,"Repair only the hand-to-fabric contact. At the anchor frame,.mp4",1.75,0.9772022366523743,MOMIJI,"Repair only the hand-to-fabric contact. At the anchor frame,.mp4",2.0,0.9559168815612793,MOMIJI,"Repair only the hand-to-fabric contact. At the anchor frame,.mp4",2.25,0.921865701675415,MOMIJI,"Repair only the hand-to-fabric contact. At the anchor frame,.mp4",1.25,0.9198746681213379,0.2461572289466858,0.28114670515060425,0.3390573263168335,0.9883606433868408,0.25664442777633667,0.3185863494873047
539,134.77450561523438,MOMIJI,MOMIJI,"Repair only the hand-to-fabric contact. At the anchor frame,.mp4",1.75,0.9938291311264038,MOMIJI,"Repair only the hand-to-fabric contact. At the anchor frame,.mp4",2.0,0.9855352640151978,MOMIJI,"Repair only the hand-to-fabric contact. At the anchor frame,.mp4",1.5,0.9553540945053101,MOMIJI,"Repair only the hand-to-fabric contact. At the anchor frame,.mp4",2.25,0.9342904090881348,MOMIJI,"Repair only the hand-to-fabric contact. At the anchor frame,.mp4",1.25,0.9114513397216797,0.2318989336490631,0.2838425636291504,0.32341429591178894,0.9938291311264038,0.25935712456703186,0.29727602005004883
540,135.02455139160156,MOMIJI,MOMIJI,"Repair only the hand-to-fabric contact. At the anchor frame,.mp4",2.0,0.9828263521194458,MOMIJI,"Repair only the hand-to-fabric contact. At the anchor frame,.mp4",2.25,0.9753293991088867,MOMIJI,"Repair only the hand-to-fabric contact. At the anchor frame,.mp4",1.75,0.9542229175567627,MOMIJI,"Repair only the hand-to-fabric contact. At the anchor frame,.mp4",1.5,0.9180710911750793,MOMIJI,"Repair only the hand-to-fabric contact. At the anchor frame,.mp4",2.5,0.9100743532180786,0.2280033677816391,0.25618356466293335,0.29273509979248047,0.9828263521194458,0.2449408918619156,0.27810898423194885
541,135.27459716796875,MOMIJI,MOMIJI,"Repair only the hand-to-fabric contact. At the anchor frame,.mp4",2.25,0.9942558407783508,MOMIJI,"Repair only the hand-to-fabric contact. At the anchor frame,.mp4",2.5,0.9759281873703003,MOMIJI,"Repair only the hand-to-fabric contact. At the anchor frame,.mp4",2.0,0.9317834377288818,MOMIJI,"Repair only the hand-to-fabric contact. At the anchor frame,.mp4",2.75,0.9245131015777588,MOMIJI,"Repair only the hand-to-fabric contact. At the anchor frame,.mp4",1.75,0.9179595112800598,0.24747303128242493,0.2650696039199829,0.2897070050239563,0.9942558407783508,0.25875619053840637,0.28796279430389404
542,135.52464294433594,MOMIJI,MOMIJI,"Repair only the hand-to-fabric contact. At the anchor frame,.mp4",2.5,0.9923276901245117,MOMIJI,"Repair only the hand-to-fabric contact. At the anchor frame,.mp4",2.75,0.9802408218383789,MOMIJI,"Repair only the hand-to-fabric contact. At the anchor frame,.mp4",2.25,0.9472357034683228,MOMIJI,"Repair only the hand-to-fabric contact. At the anchor frame,.mp4",3.0,0.9066544771194458,MOMIJI,"Repair only the hand-to-fabric contact. At the anchor frame,.mp4",2.0,0.8693658113479614,0.27128905057907104,0.30481958389282227,0.2748142182826996,0.9923276901245117,0.2715710997581482,0.29881221055984497
543,135.77468872070312,MOMIJI,MOMIJI,"Repair only the hand-to-fabric contact. At the anchor frame,.mp4",2.75,0.9862697124481201,MOMIJI,"Repair only the hand-to-fabric contact. At the anchor frame,.mp4",3.0,0.9702869057655334,MOMIJI,"Repair only the hand-to-fabric contact. At the anchor frame,.mp4",2.5,0.9477466344833374,MOMIJI,"Repair only the hand-to-fabric contact. At the anchor frame,.mp4",3.25,0.9320722818374634,MOMIJI,"Repair only the hand-to-fabric contact. At the anchor frame,.mp4",2.25,0.9032745361328125,0.27692657709121704,0.3073497712612152,0.2623070180416107,0.9862697124481201,0.28552430868148804,0.2866705656051636
544,136.0247344970703,MOMIJI,MOMIJI,"Repair only the hand-to-fabric contact. At the anchor frame,.mp4",3.0,0.9960528612136841,MOMIJI,"Repair only the hand-to-fabric contact. At the anchor frame,.mp4",3.25,0.9898234605789185,MOMIJI,"Repair only the hand-to-fabric contact. At the anchor frame,.mp4",3.5,0.9665629267692566,MOMIJI,"Repair only the hand-to-fabric contact. At the anchor frame,.mp4",3.75,0.9270341396331787,MOMIJI,"Repair only the hand-to-fabric contact. At the anchor frame,.mp4",2.75,0.9257956743240356,0.25600001215934753,0.3228951096534729,0.21971377730369568,0.9960528612136841,0.29924875497817993,0.26212430000305176
545,136.2747802734375,MOMIJI,MOMIJI,"Repair only the hand-to-fabric contact. At the anchor frame,.mp4",3.25,0.9979152679443359,MOMIJI,"Repair only the hand-to-fabric contact. At the anchor frame,.mp4",3.5,0.9907761812210083,MOMIJI,"Repair only the hand-to-fabric contact. At the anchor frame,.mp4",3.0,0.9768853783607483,MOMIJI,"Repair only the hand-to-fabric contact. At the anchor frame,.mp4",3.75,0.9493086934089661,MOMIJI,"Repair only the hand-to-fabric contact. At the anchor frame,.mp4",2.75,0.8968586921691895,0.24801450967788696,0.3152332305908203,0.20883548259735107,0.9979152679443359,0.32318639755249023,0.26529547572135925
546,136.5248260498047,MOMIJI,MOMIJI,"Repair only the hand-to-fabric contact. At the anchor frame,.mp4",3.5,0.9945533275604248,MOMIJI,"Repair only the hand-to-fabric contact. At the anchor frame,.mp4",3.25,0.9800025224685669,MOMIJI,"Repair only the hand-to-fabric contact. At the anchor frame,.mp4",3.75,0.9793877601623535,MOMIJI,"Repair only the hand-to-fabric contact. At the anchor frame,.mp4",3.0,0.9426043033599854,MOMIJI,TURN D1 _ one continuous five-second full-body relay shot fr.mp4,1.0,0.8868613243103027,0.23324118554592133,0.3095911741256714,0.18438760936260223,0.9945533275604248,0.3327116370201111,0.2608386278152466
547,136.77487182617188,MOMIJI,MOMIJI,"Repair only the hand-to-fabric contact. At the anchor frame,.mp4",3.75,0.9843398332595825,MOMIJI,TURN D1 _ one continuous five-second full-body relay shot fr.mp4,1.0,0.9491350650787354,MOMIJI,"Repair only the hand-to-fabric contact. At the anchor frame,.mp4",3.5,0.9471639394760132,MOMIJI,"Repair only the hand-to-fabric contact. At the anchor frame,.mp4",3.25,0.9366668462753296,MOMIJI,"Repair only the hand-to-fabric contact. At the anchor frame,.mp4",3.0,0.9152083992958069,0.24413636326789856,0.2877017855644226,0.16791588068008423,0.9843398332595825,0.3271997570991516,0.26475557684898376
548,137.02491760253906,MOMIJI,MOMIJI,TURN D1 _ one continuous five-second full-body relay shot fr.mp4,1.25,0.9744178652763367,MOMIJI,"Repair only the hand-to-fabric contact. At the anchor frame,.mp4",2.75,0.8424444794654846,MOMIJI,Edit this exact 9_5-second rotation shot while preserving th.mp4,2.25,0.8376571536064148,MOMIJI,"Repair only the hand-to-fabric contact. At the anchor frame,.mp4",2.5,0.8374373912811279,MOMIJI,"Repair only the hand-to-fabric contact. At the anchor frame,.mp4",2.25,0.8357606530189514,0.24626603722572327,0.27218568325042725,0.22620800137519836,0.9744178652763367,0.21450266242027283,0.27958035469055176
549,137.27496337890625,MOMIJI,MOMIJI,TURN D1 _ one continuous five-second full-body relay shot fr.mp4,1.5,0.9677624702453613,MOMIJI,Edit this exact 9_5-second rotation shot while preserving th.mp4,2.25,0.9406541585922241,MOMIJI,TURN D1 _ one continuous five-second full-body relay shot fr.mp4,1.25,0.7404054999351501,MOMIJI,Edit this exact 9_5-second rotation shot while preserving th.mp4,2.5,0.6689932346343994,MOMIJI,D1 _ one continuous four-second full-body preparation take f.mp4,1.5,0.6624423861503601,0.19182103872299194,0.29792794585227966,0.2419537901878357,0.9677624702453613,0.201398566365242,0.25566816329956055
550,137.52500915527344,MOMIJI,MOMIJI,TURN D1 _ one continuous five-second full-body relay shot fr.mp4,1.75,0.8599117994308472,MOMIJI,Edit this exact 9_5-second rotation shot while preserving th.mp4,2.5,0.7976891994476318,MOMIJI,Edit this exact 9_5-second rotation shot while preserving th.mp4,2.75,0.795095682144165,MOMIJI,TURN D1 _ one continuous five-second full-body relay shot fr.mp4,2.0,0.7615421414375305,MOMIJI,TURN D1 _ one continuous five-second full-body relay shot fr.mp4,3.0,0.6943991184234619,0.321685254573822,0.2897107005119324,0.29459962248802185,0.8599117994308472,0.3290256857872009,0.21351027488708496
551,137.77505493164062,MOMIJI,MOMIJI,TURN D1 _ one continuous five-second full-body relay shot fr.mp4,2.0,0.9345290660858154,MOMIJI,Edit this exact 9_5-second rotation shot while preserving th.mp4,2.75,0.8601292967796326,MOMIJI,Edit this exact 9_5-second rotation shot while preserving th.mp4,3.0,0.841414749622345,MOMIJI,TURN D1 _ one continuous five-second full-body relay shot fr.mp4,2.25,0.8248234987258911,MOMIJI,Edit this exact 9_5-second rotation shot while preserving th.mp4,4.0,0.7842381596565247,0.19548743963241577,0.27211442589759827,0.25856494903564453,0.9345290660858154,0.20663639903068542,0.19815555214881897
552,138.0251007080078,MOMIJI,MOMIJI,TURN D1 _ one continuous five-second full-body relay shot fr.mp4,2.25,0.8580224514007568,MOMIJI,Edit this exact 9_5-second rotation shot while preserving th.mp4,3.0,0.7892464399337769,MOMIJI,Edit this exact 9_5-second rotation shot while preserving th.mp4,3.25,0.7782294154167175,MOMIJI,TURN D1 _ one continuous five-second full-body relay shot fr.mp4,2.5,0.7566215395927429,MOMIJI,Edit this exact 9_5-second rotation shot while preserving th.mp4,4.25,0.7339468002319336,0.22184747457504272,0.28452420234680176,0.2926878333091736,0.8580224514007568,0.20660878717899323,0.11491556465625763
553,138.275146484375,MOMIJI,MOMIJI,TURN D1 _ one continuous five-second full-body relay shot fr.mp4,2.5,0.9150543212890625,MOMIJI,Edit this exact 9_5-second rotation shot while preserving th.mp4,3.5,0.8786271214485168,MOMIJI,Edit this exact 9_5-second rotation shot while preserving th.mp4,3.25,0.8594914674758911,MOMIJI,TURN D1 _ one continuous five-second full-body relay shot fr.mp4,2.75,0.7962949872016907,MOMIJI,Edit this exact 9_5-second rotation shot while preserving th.mp4,3.75,0.6468969583511353,0.3187966048717499,0.3450738191604614,0.2977043092250824,0.9150543212890625,0.2818593680858612,0.20670315623283386
554,138.5251922607422,MOMIJI,MOMIJI,TURN D1 _ one continuous five-second full-body relay shot fr.mp4,2.75,0.9085283279418945,MOMIJI,Edit this exact 9_5-second rotation shot while preserving th.mp4,3.5,0.8025968074798584,MOMIJI,Edit this exact 9_5-second rotation shot while preserving th.mp4,3.75,0.7960473299026489,MOMIJI,TURN D1 _ one continuous five-second full-body relay shot fr.mp4,3.0,0.7828097939491272,MOMIJI,TURN D1 _ one continuous five-second full-body relay shot fr.mp4,2.5,0.7624969482421875,0.2846599817276001,0.2790488600730896,0.2681668996810913,0.9085283279418945,0.31954634189605713,0.2630864381790161
555,138.77523803710938,MOMIJI,MOMIJI,TURN D1 _ one continuous five-second full-body relay shot fr.mp4,2.0,0.8252743482589722,MOMIJI,TURN D1 _ one continuous five-second full-body relay shot fr.mp4,3.0,0.7970975637435913,MOMIJI,Edit this exact 9_5-second rotation shot while preserving th.mp4,4.0,0.7771681547164917,MOMIJI,Edit this exact 9_5-second rotation shot while preserving th.mp4,2.75,0.7733606696128845,MOMIJI,Edit this exact 9_5-second rotation shot while preserving th.mp4,3.75,0.7423317432403564,0.24013900756835938,0.2719382345676422,0.206900954246521,0.8252743482589722,0.21514984965324402,0.1874917447566986
556,139.02528381347656,MOMIJI,MOMIJI,TURN D1 _ one continuous five-second full-body relay shot fr.mp4,3.25,0.8539271950721741,MOMIJI,TURN D1 _ one continuous five-second full-body relay shot fr.mp4,2.25,0.8371150493621826,MOMIJI,Edit this exact 9_5-second rotation shot while preserving th.mp4,3.0,0.7867847084999084,MOMIJI,Edit this exact 9_5-second rotation shot while preserving th.mp4,4.0,0.7258749008178711,MOMIJI,Edit this exact 9_5-second rotation shot while preserving th.mp4,4.25,0.7006711363792419,0.2753959596157074,0.3213856816291809,0.23409858345985413,0.8539271950721741,0.23493120074272156,0.11239728331565857
557,139.27532958984375,MOMIJI,MOMIJI,Edit this exact 9_5-second rotation shot while preserving th.mp4,4.5,0.7766874432563782,MOMIJI,TURN D1 _ one continuous five-second full-body relay shot fr.mp4,3.5,0.7555579543113708,MOMIJI,Edit this exact 9_5-second rotation shot while preserving th.mp4,4.25,0.6600576639175415,MOMIJI,TURN D1 _ one continuous five-second full-body relay shot fr.mp4,3.75,0.6461297869682312,MOMIJI,TURN D1 _ one continuous five-second full-body relay shot fr.mp4,2.5,0.6074924468994141,0.19665150344371796,0.2783060669898987,0.28039878606796265,0.7766874432563782,0.22544752061367035,0.18250803649425507
558,139.52537536621094,MOMIJI,MOMIJI,TURN D1 _ one continuous five-second full-body relay shot fr.mp4,4.0,0.9637196063995361,MOMIJI,Edit this exact 9_5-second rotation shot while preserving th.mp4,4.75,0.8752090930938721,MOMIJI,TURN D1 _ one continuous five-second full-body relay shot fr.mp4,3.75,0.8601915836334229,MOMIJI,TURN D1 _ one continuous five-second full-body relay shot fr.mp4,4.25,0.8413565158843994,MOMIJI,Create one continuous four-second continuity bridge that rep.mp4,3.5,0.7633661031723022,0.29880213737487793,0.25298646092414856,0.2578144073486328,0.9637196063995361,0.22839772701263428,0.3050864040851593
559,139.77542114257812,MOMIJI,MOMIJI,TURN D1 _ one continuous five-second full-body relay shot fr.mp4,4.25,0.9879329204559326,MOMIJI,TURN D1 _ one continuous five-second full-body relay shot fr.mp4,4.5,0.9621012210845947,MOMIJI,Edit this exact 9_5-second rotation shot while preserving th.mp4,4.75,0.9466536045074463,MOMIJI,Edit this exact 9_5-second rotation shot while preserving th.mp4,5.0,0.9204443693161011,MOMIJI,TURN D1 _ one continuous five-second full-body relay shot fr.mp4,4.0,0.8928936719894409,0.2703724503517151,0.2672139108181,0.2915078401565552,0.9879329204559326,0.20398607850074768,0.2700939178466797
560,140.02545166015625,MOMIJI,MOMIJI,TURN D1 _ one continuous five-second full-body relay shot fr.mp4,4.75,0.9895540475845337,MOMIJI,D2 _ one continuous five-second full-body turning take from.mp4,4.75,0.9763743877410889,MOMIJI,D2 _ one continuous five-second full-body turning take from.mp4,4.5,0.9744613170623779,MOMIJI,Create one continuous four-second continuity bridge that rep.mp4,3.75,0.9706047773361206,MOMIJI,TURN D2 _ one continuous five-second full-body continuation.mp4,0.0,0.9691368341445923,0.28996795415878296,0.28842437267303467,0.3290872275829315,0.9895540475845337,0.21155166625976562,0.21578283607959747
561,140.27549743652344,MOMIJI,MOMIJI,TURN D2 _ one continuous five-second full-body continuation.mp4,0.25,0.9567171335220337,MOMIJI,TURN D2 _ one continuous five-second full-body continuation.mp4,0.5,0.874180793762207,MOMIJI,Edit this exact 9_5-second rotation shot while preserving th.mp4,5.25,0.8594071865081787,MOMIJI,Create one continuous four-second continuity bridge that rep.mp4,3.75,0.855630099773407,MOMIJI,TURN D2 _ one continuous five-second full-body continuation.mp4,0.0,0.855300784111023,0.27654218673706055,0.28517651557922363,0.25802236795425415,0.9567171335220337,0.17129790782928467,0.1815246045589447
562,140.52554321289062,MOMIJI,MOMIJI,TURN D2 _ one continuous five-second full-body continuation.mp4,0.75,0.9484565258026123,MOMIJI,TURN D2 _ one continuous five-second full-body continuation.mp4,1.0,0.9189377427101135,MOMIJI,Edit this exact 9_5-second rotation shot while preserving th.mp4,5.75,0.8177100419998169,MOMIJI,Edit this exact 9_5-second rotation shot while preserving th.mp4,5.5,0.7896578311920166,MOMIJI,TURN D2 _ one continuous five-second full-body continuation.mp4,0.5,0.7638496160507202,0.23931780457496643,0.27967557311058044,0.31548964977264404,0.9484565258026123,0.18181851506233215,0.24898125231266022
563,140.7755889892578,MOMIJI,MOMIJI,TURN D2 _ one continuous five-second full-body continuation.mp4,1.25,0.9570162296295166,MOMIJI,TURN D2 _ one continuous five-second full-body continuation.mp4,1.5,0.9129378795623779,MOMIJI,Edit this exact 9_5-second rotation shot while preserving th.mp4,5.75,0.8584727048873901,MOMIJI,Edit this exact 9_5-second rotation shot while preserving th.mp4,6.0,0.8218995928764343,MOMIJI,TURN D2 _ one continuous five-second full-body continuation.mp4,1.0,0.7976698875427246,0.2752002477645874,0.3208508789539337,0.2910526394844055,0.9570162296295166,0.21944628655910492,0.26025116443634033
564,141.025634765625,MOMIJI,MOMIJI,TURN D2 _ one continuous five-second full-body continuation.mp4,1.75,0.9879074096679688,MOMIJI,Edit this exact 9_5-second rotation shot while preserving th.mp4,6.25,0.8945477604866028,MOMIJI,Edit this exact 9_5-second rotation shot while preserving th.mp4,6.0,0.8904961347579956,MOMIJI,TURN D2 _ one continuous five-second full-body continuation.mp4,2.0,0.8822556734085083,MOMIJI,TURN D2 _ one continuous five-second full-body continuation.mp4,1.5,0.8443076610565186,0.23244088888168335,0.3235842287540436,0.31487658619880676,0.9879074096679688,0.2901342809200287,0.24724194407463074
565,141.2756805419922,MOMIJI,MOMIJI,TURN D2 _ one continuous five-second full-body continuation.mp4,2.0,0.9603818655014038,MOMIJI,Edit this exact 9_5-second rotation shot while preserving th.mp4,6.5,0.905107855796814,MOMIJI,TURN D2 _ one continuous five-second full-body continuation.mp4,2.25,0.9022818803787231,MOMIJI,Edit this exact 9_5-second rotation shot while preserving th.mp4,6.25,0.9010106325149536,MOMIJI,TURN D2 _ one continuous five-second full-body continuation.mp4,1.75,0.8651428818702698,0.23672999441623688,0.34331202507019043,0.316854327917099,0.9603818655014038,0.2918573021888733,0.19827485084533691
566,141.52572631835938,MOMIJI,MOMIJI,TURN D2 _ one continuous five-second full-body continuation.mp4,2.25,0.9160010814666748,MOMIJI,TURN D2 _ one continuous five-second full-body continuation.mp4,2.5,0.908329963684082,MOMIJI,Edit this exact 9_5-second rotation shot while preserving th.mp4,6.5,0.8810156583786011,MOMIJI,Edit this exact 9_5-second rotation shot while preserving th.mp4,6.75,0.8790081739425659,MOMIJI,TURN D2 _ one continuous five-second full-body continuation.mp4,2.0,0.8382123708724976,0.23284471035003662,0.2975146174430847,0.3334277272224426,0.9160010814666748,0.3020082712173462,0.18625079095363617
567,141.77577209472656,MOMIJI,MOMIJI,TURN D2 _ one continuous five-second full-body continuation.mp4,2.5,0.9219270944595337,MOMIJI,Edit this exact 9_5-second rotation shot while preserving th.mp4,6.75,0.9006468057632446,MOMIJI,TURN D2 _ one continuous five-second full-body continuation.mp4,2.25,0.8370567560195923,MOMIJI,TURN D2 _ one continuous five-second full-body continuation.mp4,2.75,0.83476722240448,MOMIJI,Edit this exact 9_5-second rotation shot while preserving th.mp4,6.5,0.8177877068519592,0.22906410694122314,0.3282877206802368,0.2753288447856903,0.9219270944595337,0.30467644333839417,0.20864267647266388
568,142.02581787109375,MOMIJI,MOMIJI,TURN D2 _ one continuous five-second full-body continuation.mp4,3.0,0.8986037373542786,MOMIJI,Edit this exact 9_5-second rotation shot while preserving th.mp4,7.0,0.8527716398239136,MOMIJI,TURN D2 _ one continuous five-second full-body continuation.mp4,2.75,0.8498377799987793,MOMIJI,Edit this exact 9_5-second rotation shot while preserving th.mp4,7.25,0.819013237953186,MOMIJI,TURN D2 _ one continuous five-second full-body continuation.mp4,2.5,0.693228006362915,0.27374303340911865,0.36508509516716003,0.3478277623653412,0.8986037373542786,0.277688592672348,0.23998498916625977
569,142.27586364746094,MOMIJI,MOMIJI,TURN D2 _ one continuous five-second full-body continuation.mp4,3.25,0.9688091278076172,MOMIJI,Edit this exact 9_5-second rotation shot while preserving th.mp4,7.5,0.8519240617752075,MOMIJI,Repair only the sleeve-sweep physics in this exact shot. At_.mp4,0.0,0.8093591928482056,MOMIJI,Repair only the causal arm-to-sleeve pose at this anchor fra.mp4,0.0,0.8071153163909912,MOMIJI,Edit this exact 9_5-second rotation shot while preserving th.mp4,7.25,0.7887076735496521,0.2613881230354309,0.31164538860321045,0.23804616928100586,0.9688091278076172,0.2885825037956238,0.17983248829841614
570,142.52590942382812,MOMIJI,MOMIJI,TURN D2 _ one continuous five-second full-body continuation.mp4,3.5,0.9866622686386108,MOMIJI,Repair only the sleeve-sweep physics in this exact shot. At_.mp4,0.25,0.8243891000747681,MOMIJI,Repair only the causal arm-to-sleeve pose at this anchor fra.mp4,0.25,0.814716100692749,MOMIJI,Edit this exact 9_5-second rotation shot while preserving th.mp4,7.5,0.7564979791641235,MOMIJI,Edit this exact 9_5-second rotation shot while preserving th.mp4,7.75,0.7305556535720825,0.30024203658103943,0.32335177063941956,0.22901880741119385,0.9866622686386108,0.2757915258407593,0.1715986430644989
571,142.7759552001953,MOMIJI,MOMIJI,TURN D2 _ one continuous five-second full-body continuation.mp4,3.75,0.9902957677841187,MOMIJI,Repair only the sleeve-sweep physics in this exact shot. At_.mp4,0.5,0.7814284563064575,MOMIJI,Repair only the causal arm-to-sleeve pose at this anchor fra.mp4,0.5,0.7758790254592896,MOMIJI,Edit this exact 9_5-second rotation shot while preserving th.mp4,7.75,0.6926782131195068,MOMIJI,Edit this exact 9_5-second rotation shot while preserving th.mp4,8.0,0.6820332407951355,0.27648603916168213,0.37437811493873596,0.2977803349494934,0.9902957677841187,0.2942233085632324,0.12539370357990265
572,143.0260009765625,MOMIJI,MOMIJI,TURN D2 _ one continuous five-second full-body continuation.mp4,4.0,0.9769605398178101,MOMIJI,Repair only the causal arm-to-sleeve pose at this anchor fra.mp4,0.75,0.9109389185905457,MOMIJI,Repair only the sleeve-sweep physics in this exact shot. At_.mp4,0.75,0.9104388952255249,MOMIJI,Edit this exact 9_5-second rotation shot while preserving th.mp4,8.25,0.8753995299339294,MOMIJI,Edit this exact 9_5-second rotation shot while preserving th.mp4,8.0,0.8623260259628296,0.2514691948890686,0.30362656712532043,0.21665921807289124,0.9769605398178101,0.2556211054325104,0.17617708444595337
573,143.2760467529297,MOMIJI,MOMIJI,TURN D2 _ one continuous five-second full-body continuation.mp4,4.25,0.9618690013885498,MOMIJI,Repair only the sleeve-sweep physics in this exact shot. At_.mp4,1.0,0.9462769031524658,MOMIJI,Repair only the causal arm-to-sleeve pose at this anchor fra.mp4,1.0,0.9415236711502075,MOMIJI,E _ one continuous four-second closing take from the exact s.mp4,0.25,0.9123895168304443,MOMIJI,TURN D2 _ one continuous five-second full-body continuation.mp4,4.5,0.9109476804733276,0.285537987947464,0.2885077893733978,0.2376115620136261,0.9618690013885498,0.24911002814769745,0.2681784927845001
574,143.52609252929688,MOMIJI,MOMIJI,TURN D2 _ one continuous five-second full-body continuation.mp4,4.75,0.9877160787582397,MOMIJI,Repair only the sleeve-sweep physics in this exact shot. At_.mp4,1.25,0.9871988892555237,MOMIJI,D3 _ one continuous five-second full-body continuation from.mp4,4.75,0.9855774641036987,MOMIJI,D3 _ one continuous five-second full-body continuation from.mp4,4.5,0.9853781461715698,MOMIJI,TURN D2 _ one continuous five-second full-body continuation.mp4,5.0,0.9849573373794556,0.24635137617588043,0.33364927768707275,0.26508504152297974,0.9877160787582397,0.19249087572097778,0.21382437646389008
575,143.77613830566406,MOMIJI,MOMIJI,Repair only the sleeve-sweep physics in this exact shot. At_.mp4,1.75,0.9921430349349976,MOMIJI,Repair only the causal arm-to-sleeve pose at this anchor fra.mp4,1.75,0.9880048036575317,MOMIJI,Repair only the sleeve-sweep physics in this exact shot. At_.mp4,1.5,0.9114202260971069,MOMIJI,Repair only the causal arm-to-sleeve pose at this anchor fra.mp4,1.5,0.9060160517692566,MOMIJI,Repair only the sleeve-sweep physics in this exact shot. At_.mp4,1.0,0.8890803456306458,0.23390915989875793,0.29130733013153076,0.2705056965351105,0.9921430349349976,0.16319838166236877,0.29853856563568115
576,144.02618408203125,MOMIJI,MOMIJI,Repair only the sleeve-sweep physics in this exact shot. At_.mp4,2.5,0.9910022020339966,MOMIJI,Repair only the causal arm-to-sleeve pose at this anchor fra.mp4,2.5,0.9823079705238342,MOMIJI,Repair only the sleeve-sweep physics in this exact shot. At_.mp4,2.25,0.7812622785568237,MOMIJI,Repair only the causal arm-to-sleeve pose at this anchor fra.mp4,2.25,0.7723264098167419,MOMIJI,E _ one continuous four-second closing take from the exact s.mp4,1.0,0.7307432293891907,0.28767722845077515,0.3856032192707062,0.4142017662525177,0.9910022020339966,0.2460157573223114,0.49525439739227295
577,144.27622985839844,MOMIJI,MOMIJI,Repair only the sleeve-sweep physics in this exact shot. At_.mp4,2.75,0.5872023105621338,MOMIJI,Repair only the causal arm-to-sleeve pose at this anchor fra.mp4,2.75,0.580315351486206,MOMIJI,Repair only the sleeve-sweep physics in this exact shot. At_.mp4,3.0,0.5101872086524963,MOMIJI,Repair only the causal arm-to-sleeve pose at this anchor fra.mp4,3.0,0.46622759103775024,MOMIJI,Repair only the sleeve-sweep physics in this exact shot. At_.mp4,2.5,0.40102916955947876,0.2978806495666504,0.28451043367385864,0.2965613901615143,0.5872023105621338,0.18998223543167114,0.35399168729782104
578,144.52627563476562,MOMIJI,MOMIJI,Repair only the sleeve-sweep physics in this exact shot. At_.mp4,3.0,0.5508694648742676,MOMIJI,Repair only the causal arm-to-sleeve pose at this anchor fra.mp4,3.0,0.5202405452728271,TSUKUYOMI,Create one continuous 4-second cinematic transition using th (1).mp4,2.75,0.408600389957428,MOMIJI,E _ one continuous four-second closing take from the exact s.mp4,0.5,0.38690683245658875,SAKURI,Single continuous 6-second take_ Begin exactly at the suppli (1).mp4,3.5,0.376666784286499,0.23310044407844543,0.376666784286499,0.408600389957428,0.5508694648742676,0.20406104624271393,0.1847778856754303
579,144.7763214111328,MOMIJI,MOMIJI,E _ one continuous four-second closing take from the exact s.mp4,2.0,0.4903232157230377,MOMIJI,E _ one continuous four-second closing take from the exact s.mp4,2.5,0.4800765812397003,MOMIJI,E _ one continuous four-second closing take from the exact s.mp4,1.5,0.45966294407844543,YOSHINO,A single continuous cinematic transition connecting the exac.mp4,4.0,0.35377004742622375,SAKURI,Create one continuous cinematic transition shot connecting t.mp4,0.0,0.3428359925746918,0.35377004742622375,0.3428359925746918,0.28732049465179443,0.4903232157230377,0.3198291063308716,0.11008709669113159
580,145.0263671875,MOMIJI,MOMIJI,TURN D2 _ one continuous five-second full-body continuation.mp4,3.75,0.46738314628601074,MOMIJI,TURN D2 _ one continuous five-second full-body continuation.mp4,3.5,0.4391147792339325,MOMIJI,Repair only the causal arm-to-sleeve pose at this anchor fra.mp4,0.25,0.4252047836780548,MOMIJI,Repair only the causal arm-to-sleeve pose at this anchor fra.mp4,0.5,0.4214523434638977,MOMIJI,Edit this exact 9_5-second rotation shot while preserving th.mp4,7.75,0.4198992848396301,0.3186580538749695,0.33079764246940613,0.2815210819244385,0.46738314628601074,0.38463377952575684,0.23925189673900604
581,145.2764129638672,MOMIJI,YOSHINO,A single continuous cinematic transition connecting the exac.mp4,4.0,0.26016032695770264,MOMIJI,E _ one continuous four-second closing take from the exact s.mp4,3.0,0.25260305404663086,SETSUKA,Create one continuous cinematic 4-second transition using th.mp4,1.0,0.25160303711891174,SETSUKA,Create one continuous cinematic 4-second transition using th.mp4,0.75,0.2500876188278198,SETSUKA,Add elegant cinematic magic to the existing architectural tr.mp4,3.75,0.24898885190486908,0.26016032695770264,0.24842479825019836,0.1631913185119629,0.25260305404663086,0.25160303711891174,0.10316243022680283
582,145.52645874023438,MOMIJI,MOMIJI,E _ one continuous four-second closing take from the exact s.mp4,2.5,0.6348439455032349,SETSUKA,Create one continuous cinematic 4-second transition using th.mp4,0.0,0.5172633528709412,MOMIJI,END E _ one continuous four-second closing transition from t.mp4,3.0,0.5114344954490662,MOMIJI,E _ one continuous four-second closing take from the exact s.mp4,3.75,0.5081891417503357,MOMIJI,END E _ one continuous four-second closing transition from t.mp4,3.25,0.5052379965782166,0.4588651657104492,0.4225636124610901,0.4245964288711548,0.6348439455032349,0.5172633528709412,0.3174000084400177
583,145.77650451660156,MOMIJI,MOMIJI,E _ one continuous four-second closing take from the exact s.mp4,3.25,0.6693170070648193,MOMIJI,E _ one continuous four-second closing take from the exact s.mp4,3.0,0.6460225582122803,MOMIJI,E _ one continuous four-second closing take from the exact s.mp4,3.5,0.5842950344085693,MOMIJI,END E _ one continuous four-second closing transition from t.mp4,3.0,0.5438106656074524,MOMIJI,E _ one continuous four-second closing take from the exact s.mp4,2.5,0.5401583313941956,0.4416693150997162,0.4465077221393585,0.3595537841320038,0.6693170070648193,0.47591570019721985,0.2767772972583771
584,146.02655029296875,MOMIJI,MOMIJI,END E _ one continuous four-second closing transition from t.mp4,3.0,0.9348993897438049,MOMIJI,E _ one continuous four-second closing take from the exact s.mp4,3.75,0.927077054977417,SETSUKA,Create one continuous cinematic 4-second transition using th.mp4,0.0,0.920146107673645,SETSUKA,Create one continuous cinematic 4-second transition using th.mp4,0.25,0.9113999605178833,MOMIJI,END E _ one continuous four-second closing transition from t.mp4,3.25,0.8955314755439758,0.420722633600235,0.4216395616531372,0.4075809121131897,0.9348993897438049,0.920146107673645,0.19129137694835663
585,146.27659606933594,SETSUKA,SETSUKA,Create one continuous cinematic 4-second transition using th.mp4,0.0,0.9986520409584045,MOMIJI,END E _ one continuous four-second closing transition from t.mp4,3.25,0.9848120212554932,MOMIJI,END E _ one continuous four-second closing transition from t.mp4,3.5,0.98454749584198,MOMIJI,END E _ one continuous four-second closing transition from t.mp4,3.75,0.9836730360984802,MOMIJI,END E _ one continuous four-second closing transition from t.mp4,4.0,0.980573296546936,0.40780529379844666,0.4046350121498108,0.4061918258666992,0.9848120212554932,0.9986520409584045,0.19332268834114075
586,146.52664184570312,SETSUKA,SETSUKA,Create one continuous cinematic 4-second transition using th.mp4,0.0,0.9975225329399109,MOMIJI,END E _ one continuous four-second closing transition from t.mp4,3.25,0.987696647644043,MOMIJI,END E _ one continuous four-second closing transition from t.mp4,3.5,0.9875084161758423,MOMIJI,END E _ one continuous four-second closing transition from t.mp4,3.75,0.9873006939888,MOMIJI,END E _ one continuous four-second closing transition from t.mp4,4.0,0.9856611490249634,0.41173845529556274,0.40822428464889526,0.4069572985172272,0.987696647644043,0.9975225329399109,0.19301076233386993
587,146.7766876220703,SETSUKA,SETSUKA,Create one continuous cinematic 4-second transition using th.mp4,0.25,0.9926409125328064,SETSUKA,Create one continuous cinematic 4-second transition using th.mp4,0.0,0.9791108965873718,SETSUKA,Create one continuous cinematic 4-second transition using th.mp4,0.5,0.9657899141311646,MOMIJI,END E _ one continuous four-second closing transition from t.mp4,3.25,0.9650532007217407,MOMIJI,END E _ one continuous four-second closing transition from t.mp4,3.5,0.9646961092948914,0.3763998746871948,0.3763119578361511,0.37903735041618347,0.9650532007217407,0.9926409125328064,0.20332229137420654
588,147.0267333984375,SETSUKA,SETSUKA,Create one continuous cinematic 4-second transition using th.mp4,0.5,0.9849732518196106,SETSUKA,Create one continuous cinematic 4-second transition using th.mp4,0.25,0.9804242849349976,SETSUKA,Create one continuous cinematic 4-second transition using th.mp4,0.0,0.9588478803634644,MOMIJI,END E _ one continuous four-second closing transition from t.mp4,3.25,0.9453294277191162,MOMIJI,END E _ one continuous four-second closing transition from t.mp4,3.5,0.9450492262840271,0.36642220616340637,0.3690793812274933,0.36313727498054504,0.9453294277191162,0.9849732518196106,0.20146706700325012
589,147.2767791748047,SETSUKA,SETSUKA,Create one continuous cinematic 4-second transition using th.mp4,0.75,0.9789096117019653,SETSUKA,Create one continuous cinematic 4-second transition using th.mp4,0.5,0.8005921244621277,SETSUKA,Create one continuous cinematic 4-second transition using th.mp4,0.25,0.7053951621055603,SETSUKA,Create one continuous cinematic 4-second transition using th.mp4,0.0,0.7019897699356079,MOMIJI,END E _ one continuous four-second closing transition from t.mp4,3.5,0.6943954229354858,0.4018186926841736,0.4033357501029968,0.2586565613746643,0.6943954229354858,0.9789096117019653,0.14125369489192963
590,147.52682495117188,SETSUKA,SETSUKA,Create one continuous cinematic 4-second transition using th.mp4,1.0,0.9339743852615356,SETSUKA,Create one continuous cinematic 4-second transition using th.mp4,0.75,0.7833183407783508,SETSUKA,Create one continuous cinematic 4-second transition using th.mp4,0.5,0.6560676693916321,SETSUKA,Create one continuous cinematic 4-second transition using th.mp4,0.25,0.5917158722877502,SETSUKA,Create one continuous cinematic 4-second transition using th.mp4,0.0,0.5895940661430359,0.304216206073761,0.4146597385406494,0.2835240960121155,0.5839380621910095,0.9339743852615356,0.15736828744411469
591,147.77687072753906,SETSUKA,SETSUKA,Create one continuous cinematic 4-second transition using th.mp4,1.25,0.9725503921508789,SETSUKA,Create one continuous cinematic 4-second transition using th.mp4,1.0,0.736141562461853,SETSUKA,Create one continuous cinematic 4-second transition using th.mp4,2.25,0.6147850751876831,SETSUKA,Create one continuous cinematic 4-second transition using th.mp4,1.5,0.5859901905059814,SETSUKA,Create one continuous cinematic 4-second transition using th.mp4,2.0,0.5787503719329834,0.19155432283878326,0.32930392026901245,0.30415037274360657,0.5071637630462646,0.9725503921508789,0.2160741239786148
592,148.02691650390625,SETSUKA,SETSUKA,Create one continuous cinematic 4-second transition using th.mp4,1.5,0.9836105108261108,SETSUKA,Create one continuous cinematic 4-second transition using th.mp4,1.75,0.7611240744590759,SETSUKA,Create one continuous cinematic 4-second transition using th.mp4,2.0,0.7025669813156128,SETSUKA,Create one continuous cinematic 4-second transition using th.mp4,1.25,0.689568042755127,SETSUKA,Create one continuous cinematic 4-second transition using th.mp4,2.25,0.6706147193908691,0.12944985926151276,0.2484750896692276,0.23563897609710693,0.5178003311157227,0.9836105108261108,0.18031902611255646
593,148.27696228027344,SETSUKA,SETSUKA,Create one continuous cinematic 4-second transition using th.mp4,1.75,0.9893450736999512,SETSUKA,Create one continuous cinematic 4-second transition using th.mp4,1.5,0.8543006181716919,SETSUKA,Create one continuous cinematic 4-second transition using th.mp4,2.0,0.7494906187057495,SETSUKA,Create one continuous cinematic 4-second transition using th.mp4,2.25,0.6043791770935059,SETSUKA,Create one continuous cinematic 4-second transition using th.mp4,0.25,0.5399932861328125,0.19093236327171326,0.24174770712852478,0.18652403354644775,0.5193943381309509,0.9893450736999512,0.1519225388765335
594,148.52700805664062,SETSUKA,SETSUKA,Create one continuous cinematic 4-second transition using th.mp4,2.0,0.9852410554885864,SETSUKA,Create one continuous cinematic 4-second transition using th.mp4,2.25,0.8683440685272217,SETSUKA,Create one continuous cinematic 4-second transition using th.mp4,1.75,0.8363650441169739,SETSUKA,Create one continuous cinematic 4-second transition using th.mp4,1.5,0.7446584701538086,SETSUKA,Create one continuous cinematic 4-second transition using th.mp4,0.25,0.636684238910675,0.19030047953128815,0.23626215755939484,0.26845982670783997,0.6192991137504578,0.9852410554885864,0.213059663772583
595,148.7770538330078,SETSUKA,SETSUKA,Create one continuous cinematic 4-second transition using th.mp4,2.25,0.9900704622268677,SETSUKA,Create one continuous cinematic 4-second transition using th.mp4,2.0,0.9457777738571167,SETSUKA,Create one continuous cinematic 4-second transition using th.mp4,2.5,0.743085503578186,SETSUKA,Create one continuous cinematic 4-second transition using th.mp4,1.5,0.6659515500068665,SETSUKA,Create one continuous cinematic 4-second transition using th.mp4,1.75,0.6417507529258728,0.22564417123794556,0.302214115858078,0.31736597418785095,0.5997912287712097,0.9900704622268677,0.21276326477527618
596,149.027099609375,SETSUKA,SETSUKA,Create one continuous cinematic 4-second transition using th.mp4,2.5,0.9856705665588379,SETSUKA,Create one continuous cinematic 4-second transition using th.mp4,2.25,0.8587586283683777,SETSUKA,Create one continuous cinematic 4-second transition using th.mp4,2.0,0.708620548248291,SETSUKA,Create one continuous cinematic 4-second transition using th.mp4,1.5,0.5646644830703735,SETSUKA,Create one continuous cinematic 4-second transition using th.mp4,1.25,0.5637421011924744,0.20273229479789734,0.2751655578613281,0.27106088399887085,0.47253674268722534,0.9856705665588379,0.2659217417240143
597,149.2771453857422,SETSUKA,SETSUKA,Create one continuous cinematic 4-second transition using th.mp4,2.75,0.8970295786857605,SETSUKA,Create one continuous cinematic 4-second transition using th.mp4,2.5,0.6386492848396301,SETSUKA,Single continuous five-second shot using the supplied images.mp4,1.0,0.5805606245994568,SETSUKA,Animate the supplied start and end frames as one continuous.mp4,0.75,0.5677897334098816,SETSUKA,Single continuous five-second shot using the supplied images.mp4,0.75,0.5677653551101685,0.13864532113075256,0.2584114968776703,0.27583324909210205,0.31918278336524963,0.8970295786857605,0.30085092782974243
598,149.52719116210938,SETSUKA,SETSUKA,Create one continuous cinematic 4-second transition using th.mp4,3.0,0.967078685760498,SETSUKA,Create one continuous cinematic 4-second transition using th.mp4,3.25,0.7092295289039612,SETSUKA,Create one continuous cinematic 4-second transition using th.mp4,3.5,0.6862240433692932,SETSUKA,Single continuous five-second opening shot using the supplie.mp4,0.25,0.6770801544189453,SETSUKA,Single continuous five-second opening shot using the supplie.mp4,0.0,0.6769919395446777,0.14799360930919647,0.2243267148733139,0.29875320196151733,0.25419920682907104,0.967078685760498,0.21722938120365143
599,149.77723693847656,SETSUKA,SETSUKA,Create one continuous cinematic 4-second transition using th.mp4,3.25,0.9691912531852722,SETSUKA,Create one continuous cinematic 4-second transition using th.mp4,3.5,0.8434064984321594,SETSUKA,Create one continuous cinematic 4-second transition using th.mp4,3.75,0.7915281653404236,SETSUKA,Single continuous five-second opening shot using the supplie.mp4,0.0,0.7788770794868469,SETSUKA,Create one continuous cinematic 4-second transition using th.mp4,4.0,0.7780360579490662,0.08370676636695862,0.20601104199886322,0.3592653274536133,0.179143488407135,0.9691912531852722,0.2000168114900589
600,150.02728271484375,SETSUKA,SETSUKA,Create one continuous cinematic 4-second transition using th.mp4,3.5,0.9899534583091736,SETSUKA,Create one continuous cinematic 4-second transition using th.mp4,3.75,0.9393219351768494,SETSUKA,Create one continuous cinematic 4-second transition using th.mp4,4.0,0.9218118190765381,SETSUKA,Single continuous five-second opening shot using the supplie.mp4,0.0,0.91872239112854,SETSUKA,Use the supplied source clip as the exact motion base and pr.mp4,0.0,0.9154510498046875,0.07154560089111328,0.22533854842185974,0.3478548526763916,0.1822173148393631,0.9899534583091736,0.1747702956199646
601,150.27732849121094,SETSUKA,SETSUKA,Create one continuous cinematic 4-second transition using th.mp4,3.75,0.9963414669036865,SETSUKA,Create one continuous cinematic 4-second transition using th.mp4,4.0,0.9732415676116943,SETSUKA,Single continuous five-second opening shot using the supplie.mp4,0.0,0.9704585075378418,SETSUKA,Use the supplied source clip as the exact motion base and pr.mp4,0.0,0.9679301977157593,SETSUKA,Single continuous five-second opening shot using the supplie.mp4,0.25,0.9674264192581177,0.09153498709201813,0.234687939286232,0.33197546005249023,0.19103869795799255,0.9963414669036865,0.18468552827835083
602,150.52737426757812,SETSUKA,SETSUKA,Create one continuous cinematic 4-second transition using th.mp4,4.0,0.9964059591293335,SETSUKA,Single continuous five-second opening shot using the supplie.mp4,0.0,0.9934039115905762,SETSUKA,Use the supplied source clip as the exact motion base and pr.mp4,0.0,0.9925590753555298,SETSUKA,Single continuous five-second opening shot using the supplie.mp4,0.25,0.9920233488082886,SETSUKA,Use the supplied source clip as the exact motion base and pr.mp4,0.25,0.9911754131317139,0.08801130950450897,0.2447212040424347,0.3292951285839081,0.20013539493083954,0.9964059591293335,0.1961367428302765
603,150.7774200439453,SETSUKA,SETSUKA,Create one continuous cinematic 4-second transition using th.mp4,4.0,0.9960938692092896,SETSUKA,Single continuous five-second opening shot using the supplie.mp4,0.25,0.9953445196151733,SETSUKA,Use the supplied source clip as the exact motion base and pr.mp4,0.25,0.9945805072784424,SETSUKA,Single continuous five-second opening shot using the supplie.mp4,0.0,0.9940938949584961,SETSUKA,Use the supplied source clip as the exact motion base and pr.mp4,0.0,0.993562638759613,0.09270849078893661,0.23980176448822021,0.3321342468261719,0.2018493413925171,0.9960938692092896,0.2013276368379593
604,151.0274658203125,SETSUKA,SETSUKA,Single continuous five-second opening shot using the supplie.mp4,0.5,0.9927886724472046,SETSUKA,Use the supplied source clip as the exact motion base and pr.mp4,0.5,0.9921334981918335,SETSUKA,Single continuous five-second opening shot using the supplie.mp4,0.25,0.9759153127670288,SETSUKA,Use the supplied source clip as the exact motion base and pr.mp4,0.25,0.9752065539360046,SETSUKA,Create one continuous cinematic 4-second transition using th.mp4,4.0,0.9701651334762573,0.10198208689689636,0.21755371987819672,0.3461078703403473,0.21467053890228271,0.9927886724472046,0.20558799803256989
605,151.2775115966797,SETSUKA,SETSUKA,Single continuous five-second opening shot using the supplie.mp4,0.75,0.995646595954895,SETSUKA,Use the supplied source clip as the exact motion base and pr.mp4,0.75,0.9948895573616028,SETSUKA,Single continuous five-second opening shot using the supplie.mp4,1.0,0.9591869711875916,SETSUKA,Use the supplied source clip as the exact motion base and pr.mp4,1.0,0.9580533504486084,SETSUKA,Use the supplied source clip as the exact motion base and pr.mp4,0.5,0.9370715618133545,0.11882718652486801,0.20945501327514648,0.3546244204044342,0.21398980915546417,0.995646595954895,0.22431030869483948
606,151.52755737304688,SETSUKA,SETSUKA,Use the supplied source clip as the exact motion base and pr.mp4,1.0,0.9956007599830627,SETSUKA,Single continuous five-second opening shot using the supplie.mp4,1.0,0.9953887462615967,SETSUKA,Single continuous five-second opening shot using the supplie.mp4,0.75,0.9606039524078369,SETSUKA,Use the supplied source clip as the exact motion base and pr.mp4,0.75,0.9597166776657104,SETSUKA,Use the supplied source clip as the exact motion base and pr.mp4,0.5,0.9066207408905029,0.1271796077489853,0.21905820071697235,0.3586180806159973,0.22154979407787323,0.9956007599830627,0.23675526678562164
607,151.77760314941406,SETSUKA,SETSUKA,Use the supplied source clip as the exact motion base and pr.mp4,1.25,0.9803093671798706,SETSUKA,Single continuous five-second opening shot using the supplie.mp4,1.25,0.9803075790405273,SETSUKA,Single continuous five-second opening shot using the supplie.mp4,0.5,0.8331834673881531,SETSUKA,Use the supplied source clip as the exact motion base and pr.mp4,0.5,0.8328441977500916,SETSUKA,Single continuous five-second opening shot using the supplie.mp4,1.0,0.8317807912826538,0.16777874529361725,0.22683268785476685,0.3937830328941345,0.19336409866809845,0.9803093671798706,0.23828308284282684
608,152.02764892578125,SETSUKA,SETSUKA,Use the supplied source clip as the exact motion base and pr.mp4,1.5,0.993349015712738,SETSUKA,Single continuous five-second opening shot using the supplie.mp4,1.5,0.9931377172470093,SETSUKA,Single continuous five-second opening shot using the supplie.mp4,1.75,0.8441019654273987,SETSUKA,Use the supplied source clip as the exact motion base and pr.mp4,1.75,0.8407328724861145,SETSUKA,Single continuous five-second opening shot using the supplie.mp4,1.25,0.7946956753730774,0.18264397978782654,0.1851026862859726,0.3444629907608032,0.20741477608680725,0.993349015712738,0.22919444739818573
609,152.27767944335938,SETSUKA,SETSUKA,Use the supplied source clip as the exact motion base and pr.mp4,1.75,0.9878551959991455,SETSUKA,Single continuous five-second opening shot using the supplie.mp4,1.75,0.986398458480835,SETSUKA,Use the supplied source clip as the exact motion base and pr.mp4,2.0,0.8879041075706482,SETSUKA,Single continuous five-second opening shot using the supplie.mp4,2.0,0.8851632475852966,SETSUKA,Single continuous five-second opening shot using the supplie.mp4,1.5,0.8250098824501038,0.2368466854095459,0.21804633736610413,0.3739262819290161,0.29282817244529724,0.9878551959991455,0.2305438071489334
610,152.52772521972656,SETSUKA,SETSUKA,Use the supplied source clip as the exact motion base and pr.mp4,2.0,0.9832489490509033,SETSUKA,Single continuous five-second opening shot using the supplie.mp4,2.0,0.9815200567245483,SETSUKA,Single continuous five-second opening shot using the supplie.mp4,1.75,0.8473383188247681,SETSUKA,Use the supplied source clip as the exact motion base and pr.mp4,1.75,0.844589114189148,SETSUKA,Single continuous five-second opening shot using the supplie.mp4,2.25,0.8131395578384399,0.22799861431121826,0.21477869153022766,0.3570927679538727,0.269220232963562,0.9832489490509033,0.2469545304775238
611,152.77777099609375,SETSUKA,SETSUKA,Use the supplied source clip as the exact motion base and pr.mp4,2.25,0.9747176766395569,SETSUKA,Single continuous five-second opening shot using the supplie.mp4,2.25,0.9744411706924438,SETSUKA,Single continuous five-second opening shot using the supplie.mp4,2.0,0.7572864294052124,SETSUKA,Use the supplied source clip as the exact motion base and pr.mp4,2.0,0.7565871477127075,SETSUKA,Single continuous five-second opening shot using the supplie.mp4,1.75,0.7461379766464233,0.18692509829998016,0.21652650833129883,0.3115617334842682,0.3058460056781769,0.9747176766395569,0.2709200978279114
612,153.02781677246094,SETSUKA,SETSUKA,Single continuous five-second opening shot using the supplie.mp4,2.5,0.8263457417488098,SETSUKA,Use the supplied source clip as the exact motion base and pr.mp4,2.5,0.8229236602783203,SETSUKA,Create one continuous five-second continuity bridge_ Treat t.mp4,3.5,0.6276073455810547,SETSUKA,Single continuous five-second opening shot using the supplie.mp4,2.25,0.6263442039489746,SETSUKA,Use the supplied source clip as the exact motion base and pr.mp4,2.25,0.6251773834228516,0.0887029618024826,0.1530643105506897,0.2864493727684021,0.2996682822704315,0.8263457417488098,0.2253892868757248
613,153.27786254882812,SETSUKA,SETSUKA,Single continuous five-second opening shot using the supplie.mp4,2.75,0.7887441515922546,SETSUKA,Use the supplied source clip as the exact motion base and pr.mp4,2.75,0.7830565571784973,SETSUKA,Single continuous five-second opening shot using the supplie.mp4,3.0,0.6181041598320007,SETSUKA,Use the supplied source clip as the exact motion base and pr.mp4,3.0,0.6134003400802612,SETSUKA,Animate the supplied start and end frames as one continuous.mp4,4.25,0.5524909496307373,0.14818425476551056,0.22809365391731262,0.31880778074264526,0.20135286450386047,0.7887441515922546,0.3358354866504669
614,153.5279083251953,SETSUKA,SETSUKA,Use the supplied source clip as the exact motion base and pr.mp4,3.0,0.824553906917572,SETSUKA,Single continuous five-second opening shot using the supplie.mp4,3.0,0.822171688079834,SETSUKA,Single continuous five-second opening shot using the supplie.mp4,3.25,0.7689380049705505,SETSUKA,Use the supplied source clip as the exact motion base and pr.mp4,3.25,0.7648862600326538,SETSUKA,Use the supplied source clip as the exact motion base and pr.mp4,3.5,0.5881180167198181,0.17441146075725555,0.2627425491809845,0.27451545000076294,0.19647707045078278,0.824553906917572,0.2596019506454468
615,153.7779541015625,SETSUKA,SETSUKA,Single continuous five-second opening shot using the supplie.mp4,3.25,0.8947640657424927,SETSUKA,Use the supplied source clip as the exact motion base and pr.mp4,3.25,0.8882444500923157,SETSUKA,Use the supplied source clip as the exact motion base and pr.mp4,3.5,0.8488896489143372,SETSUKA,Single continuous five-second opening shot using the supplie.mp4,3.5,0.8486063480377197,SETSUKA,Use the supplied source clip as the exact motion base and pr.mp4,3.75,0.6748946309089661,0.12839344143867493,0.26993125677108765,0.24325640499591827,0.20171603560447693,0.8947640657424927,0.26193633675575256
616,154.0279998779297,SETSUKA,SETSUKA,Single continuous five-second opening shot using the supplie.mp4,3.75,0.9354594349861145,SETSUKA,Use the supplied source clip as the exact motion base and pr.mp4,3.75,0.9348906874656677,SETSUKA,Single continuous five-second opening shot using the supplie.mp4,3.5,0.923999011516571,SETSUKA,Use the supplied source clip as the exact motion base and pr.mp4,3.5,0.9194959402084351,SETSUKA,Single continuous five-second opening shot using the supplie.mp4,4.0,0.7704629898071289,0.12946198880672455,0.3167877495288849,0.2786477506160736,0.19515249133110046,0.9354594349861145,0.26333844661712646
617,154.27804565429688,SETSUKA,SETSUKA,Use the supplied source clip as the exact motion base and pr.mp4,4.0,0.9448331594467163,SETSUKA,Single continuous five-second opening shot using the supplie.mp4,4.0,0.9445115923881531,SETSUKA,Single continuous five-second opening shot using the supplie.mp4,3.75,0.914539635181427,SETSUKA,Use the supplied source clip as the exact motion base and pr.mp4,3.75,0.9142916798591614,SETSUKA,Use the supplied source clip as the exact motion base and pr.mp4,4.25,0.7770596742630005,0.11516787856817245,0.3186112642288208,0.2788076400756836,0.17829252779483795,0.9448331594467163,0.2502520680427551
618,154.52809143066406,SETSUKA,SETSUKA,Use the supplied source clip as the exact motion base and pr.mp4,4.25,0.9519582390785217,SETSUKA,Single continuous five-second opening shot using the supplie.mp4,4.25,0.9496853351593018,SETSUKA,Use the supplied source clip as the exact motion base and pr.mp4,4.0,0.9490830898284912,SETSUKA,Single continuous five-second opening shot using the supplie.mp4,4.0,0.9489809274673462,SETSUKA,Single continuous five-second opening shot using the supplie.mp4,4.5,0.7784936428070068,0.12384579330682755,0.25602373480796814,0.2986770570278168,0.15744078159332275,0.9519582390785217,0.2407369464635849
619,154.77813720703125,SETSUKA,SETSUKA,Use the supplied source clip as the exact motion base and pr.mp4,4.5,0.978158712387085,SETSUKA,Single continuous five-second opening shot using the supplie.mp4,4.5,0.9773034453392029,SETSUKA,Single continuous five-second opening shot using the supplie.mp4,4.25,0.9201691746711731,SETSUKA,Use the supplied source clip as the exact motion base and pr.mp4,4.25,0.9198076725006104,SETSUKA,Single continuous five-second opening shot using the supplie.mp4,4.75,0.8504271507263184,0.14088274538516998,0.22155548632144928,0.28181153535842896,0.1711362600326538,0.978158712387085,0.1981944590806961
620,155.02818298339844,SETSUKA,SETSUKA,Use the supplied source clip as the exact motion base and pr.mp4,4.75,0.9848411679267883,SETSUKA,Single continuous five-second opening shot using the supplie.mp4,4.75,0.9835743308067322,SETSUKA,Create one continuous five-second continuity bridge_ Treat t.mp4,0.0,0.9630700945854187,SETSUKA,Single continuous five-second opening shot using the supplie.mp4,4.5,0.9429060220718384,SETSUKA,Use the supplied source clip as the exact motion base and pr.mp4,4.5,0.9422417283058167,0.1436927318572998,0.24709630012512207,0.3124367296695709,0.16906768083572388,0.9848411679267883,0.19686667621135712
621,155.27822875976562,SETSUKA,SETSUKA,Create one continuous five-second continuity bridge_ Treat t.mp4,0.25,0.9850109815597534,SETSUKA,Use the supplied source clip as the exact motion base and pr.mp4,5.0,0.9598890542984009,SETSUKA,Single continuous five-second opening shot using the supplie.mp4,5.0,0.957710862159729,SETSUKA,Create one continuous five-second continuity bridge_ Treat t.mp4,0.0,0.9504295587539673,SETSUKA,Use the supplied source clip as the exact motion base and pr.mp4,4.75,0.940644383430481,0.12793943285942078,0.24732248485088348,0.3407241106033325,0.17653951048851013,0.9850109815597534,0.21812009811401367
622,155.5282745361328,SETSUKA,SETSUKA,Create one continuous five-second continuity bridge_ Treat t.mp4,0.5,0.9883278012275696,SETSUKA,Create one continuous five-second continuity bridge_ Treat t.mp4,0.25,0.8460239768028259,SETSUKA,Create one continuous five-second continuity bridge_ Treat t.mp4,0.75,0.7988088726997375,SETSUKA,Use the supplied source clip as the exact motion base and pr.mp4,5.0,0.768236517906189,SETSUKA,Single continuous five-second opening shot using the supplie.mp4,5.0,0.7667796015739441,0.11015714704990387,0.26799535751342773,0.405282199382782,0.17954054474830627,0.9883278012275696,0.28076013922691345
623,155.7783203125,SETSUKA,SETSUKA,Create one continuous five-second continuity bridge_ Treat t.mp4,0.75,0.9482923150062561,SETSUKA,Create one continuous five-second continuity bridge_ Treat t.mp4,1.0,0.8448969125747681,SETSUKA,Create one continuous five-second continuity bridge_ Treat t.mp4,0.5,0.6522613763809204,SETSUKA,Use the supplied source clip as the exact motion base and pr.mp4,4.0,0.6274800896644592,SETSUKA,Single continuous five-second opening shot using the supplie.mp4,4.0,0.6255022287368774,0.09312038123607635,0.22921928763389587,0.29950329661369324,0.13935586810112,0.9482923150062561,0.2619783878326416
624,156.0283660888672,SETSUKA,SETSUKA,Create one continuous five-second continuity bridge_ Treat t.mp4,1.25,0.9764752388000488,SETSUKA,Create one continuous five-second continuity bridge_ Treat t.mp4,1.0,0.7350472807884216,SETSUKA,Create one continuous five-second continuity bridge_ Treat t.mp4,1.5,0.6340009570121765,SETSUKA,Create one continuous five-second continuity bridge_ Treat t.mp4,2.75,0.6119219660758972,SETSUKA,Create one continuous five-second continuity bridge_ Treat t.mp4,2.5,0.6056381464004517,0.06856000423431396,0.16116733849048615,0.31836581230163574,0.20594705641269684,0.9764752388000488,0.212740957736969
625,156.27841186523438,SETSUKA,SETSUKA,Create one continuous five-second continuity bridge_ Treat t.mp4,1.5,0.992935836315155,SETSUKA,Create one continuous five-second continuity bridge_ Treat t.mp4,1.25,0.6903459429740906,SETSUKA,Create one continuous five-second continuity bridge_ Treat t.mp4,1.75,0.676956295967102,SETSUKA,Create one continuous five-second continuity bridge_ Treat t.mp4,2.75,0.6498422622680664,SETSUKA,Create one continuous five-second continuity bridge_ Treat t.mp4,5.0,0.6460707783699036,0.16137048602104187,0.1770424097776413,0.34159770607948303,0.3004200756549835,0.992935836315155,0.28932666778564453
626,156.52845764160156,SETSUKA,SETSUKA,Create one continuous five-second continuity bridge_ Treat t.mp4,2.0,0.8920250535011292,SETSUKA,Create one continuous five-second continuity bridge_ Treat t.mp4,1.75,0.8341450691223145,SETSUKA,Create one continuous five-second continuity bridge_ Treat t.mp4,2.25,0.7812761664390564,SETSUKA,Create one continuous five-second continuity bridge_ Treat t.mp4,2.5,0.7316284775733948,SETSUKA,Animate the supplied start and end frames as one continuous.mp4,1.0,0.6881550550460815,0.20612521469593048,0.22935640811920166,0.30115219950675964,0.2794930040836334,0.8920250535011292,0.3009412884712219
627,156.77850341796875,SETSUKA,SETSUKA,Create one continuous five-second continuity bridge_ Treat t.mp4,2.25,0.9565795660018921,SETSUKA,Create one continuous five-second continuity bridge_ Treat t.mp4,2.0,0.8787057995796204,SETSUKA,Create one continuous five-second continuity bridge_ Treat t.mp4,2.5,0.8516743183135986,SETSUKA,Create one continuous five-second continuity bridge_ Treat t.mp4,2.75,0.73725426197052,SETSUKA,Create one continuous five-second continuity bridge_ Treat t.mp4,1.75,0.6999766826629639,0.22909443080425262,0.1973561942577362,0.32045233249664307,0.2744597792625427,0.9565795660018921,0.3077242970466614
628,157.02854919433594,SETSUKA,SETSUKA,Create one continuous five-second continuity bridge_ Treat t.mp4,2.5,0.9863811731338501,SETSUKA,Create one continuous five-second continuity bridge_ Treat t.mp4,2.75,0.900335967540741,SETSUKA,Create one continuous five-second continuity bridge_ Treat t.mp4,2.25,0.8771705627441406,SETSUKA,Create one continuous five-second continuity bridge_ Treat t.mp4,2.0,0.7632807493209839,SETSUKA,Create one continuous five-second continuity bridge_ Treat t.mp4,3.0,0.7317727208137512,0.13316331803798676,0.20486518740653992,0.3367142379283905,0.2746853232383728,0.9863811731338501,0.3211718499660492
629,157.27859497070312,SETSUKA,SETSUKA,Create one continuous five-second continuity bridge_ Treat t.mp4,2.75,0.9574937224388123,SETSUKA,Create one continuous five-second continuity bridge_ Treat t.mp4,3.0,0.8501852750778198,SETSUKA,Create one continuous five-second continuity bridge_ Treat t.mp4,2.5,0.8393113613128662,SETSUKA,Create one continuous five-second continuity bridge_ Treat t.mp4,3.25,0.8009694218635559,SETSUKA,Create one continuous five-second continuity bridge_ Treat t.mp4,3.5,0.7930604219436646,0.14730426669120789,0.17069804668426514,0.3129527270793915,0.2938556373119354,0.9574937224388123,0.22585979104042053
630,157.5286407470703,SETSUKA,SETSUKA,Create one continuous five-second continuity bridge_ Treat t.mp4,3.25,0.9901021718978882,SETSUKA,Create one continuous five-second continuity bridge_ Treat t.mp4,3.5,0.9309772253036499,SETSUKA,Create one continuous five-second continuity bridge_ Treat t.mp4,3.0,0.8778376579284668,SETSUKA,Create one continuous five-second continuity bridge_ Treat t.mp4,3.75,0.8710194230079651,SETSUKA,Create one continuous five-second continuity bridge_ Treat t.mp4,4.0,0.8418822288513184,0.1263076514005661,0.2553066909313202,0.2706257104873657,0.1923195868730545,0.9901021718978882,0.22867777943611145
631,157.7786865234375,SETSUKA,SETSUKA,Create one continuous five-second continuity bridge_ Treat t.mp4,3.5,0.9931612014770508,SETSUKA,Create one continuous five-second continuity bridge_ Treat t.mp4,3.75,0.956811785697937,SETSUKA,Create one continuous five-second continuity bridge_ Treat t.mp4,3.25,0.9418817162513733,SETSUKA,Create one continuous five-second continuity bridge_ Treat t.mp4,4.0,0.9275972843170166,SETSUKA,Create one continuous five-second continuity bridge_ Treat t.mp4,4.25,0.9129061102867126,0.13677994906902313,0.236785888671875,0.27533239126205444,0.21170543134212494,0.9931612014770508,0.23472143709659576
632,158.0287322998047,SETSUKA,SETSUKA,Create one continuous five-second continuity bridge_ Treat t.mp4,3.75,0.9920508861541748,SETSUKA,Create one continuous five-second continuity bridge_ Treat t.mp4,4.0,0.9907972812652588,SETSUKA,Create one continuous five-second continuity bridge_ Treat t.mp4,4.25,0.9842991828918457,SETSUKA,Create one continuous five-second continuity bridge_ Treat t.mp4,4.5,0.9765761494636536,SETSUKA,Create one continuous five-second continuity bridge_ Treat t.mp4,4.75,0.9696032404899597,0.12802094221115112,0.20501451194286346,0.28414586186408997,0.22678211331367493,0.9920508861541748,0.2350887954235077
633,158.27877807617188,SETSUKA,SETSUKA,Create one continuous five-second continuity bridge_ Treat t.mp4,4.25,0.9933696985244751,SETSUKA,Create one continuous five-second continuity bridge_ Treat t.mp4,4.0,0.9927638173103333,SETSUKA,Create one continuous five-second continuity bridge_ Treat t.mp4,4.5,0.9897977113723755,SETSUKA,Create one continuous five-second continuity bridge_ Treat t.mp4,4.75,0.9852626323699951,SETSUKA,Create one continuous five-second continuity bridge_ Treat t.mp4,3.75,0.9807935953140259,0.1202106922864914,0.20524953305721283,0.29364389181137085,0.23198838531970978,0.9933696985244751,0.2359468936920166
634,158.52882385253906,SETSUKA,SETSUKA,Create one continuous five-second continuity bridge_ Treat t.mp4,4.5,0.9941433668136597,SETSUKA,Create one continuous five-second continuity bridge_ Treat t.mp4,4.25,0.9931864142417908,SETSUKA,Create one continuous five-second continuity bridge_ Treat t.mp4,4.75,0.9923279881477356,SETSUKA,Create one continuous five-second continuity bridge_ Treat t.mp4,5.0,0.988702654838562,SETSUKA,Create one continuous five-second continuity bridge_ Treat t.mp4,4.0,0.9876261949539185,0.11358356475830078,0.2044793963432312,0.30549168586730957,0.23270167410373688,0.9941433668136597,0.23463165760040283
635,158.77886962890625,SETSUKA,SETSUKA,Create one continuous five-second continuity bridge_ Treat t.mp4,4.75,0.9946017861366272,SETSUKA,Create one continuous five-second continuity bridge_ Treat t.mp4,5.0,0.9933395385742188,SETSUKA,Create one continuous five-second continuity bridge_ Treat t.mp4,4.5,0.992731511592865,SETSUKA,Animate the supplied start and end frames as one continuous.mp4,0.0,0.9896889925003052,SETSUKA,Create one continuous five-second continuity bridge_ Treat t.mp4,4.25,0.9891326427459717,0.11713453382253647,0.20429688692092896,0.311029851436615,0.23311454057693481,0.9946017861366272,0.22811506688594818
636,159.02891540527344,SETSUKA,SETSUKA,Animate the supplied start and end frames as one continuous.mp4,0.25,0.9947397112846375,SETSUKA,Animate the supplied start and end frames as one continuous.mp4,0.0,0.9850456118583679,SETSUKA,Create one continuous five-second continuity bridge_ Treat t.mp4,4.75,0.9828383922576904,SETSUKA,Create one continuous five-second continuity bridge_ Treat t.mp4,5.0,0.982701301574707,SETSUKA,Create one continuous five-second continuity bridge_ Treat t.mp4,4.5,0.9808080196380615,0.11549078673124313,0.21416686475276947,0.30537763237953186,0.22595694661140442,0.9947397112846375,0.21995744109153748
637,159.27896118164062,SETSUKA,SETSUKA,Animate the supplied start and end frames as one continuous.mp4,0.75,0.9830450415611267,SETSUKA,Animate the supplied start and end frames as one continuous.mp4,0.5,0.982352614402771,SETSUKA,Animate the supplied start and end frames as one continuous.mp4,0.25,0.9494051933288574,SETSUKA,Animate the supplied start and end frames as one continuous.mp4,1.0,0.9312317371368408,SETSUKA,Animate the supplied start and end frames as one continuous.mp4,0.0,0.9284229874610901,0.12461628019809723,0.2440328747034073,0.3239661455154419,0.2051367461681366,0.9830450415611267,0.2282707840204239
638,159.5290069580078,SETSUKA,SETSUKA,Animate the supplied start and end frames as one continuous.mp4,1.0,0.9934073090553284,SETSUKA,Animate the supplied start and end frames as one continuous.mp4,0.75,0.9612988233566284,SETSUKA,Animate the supplied start and end frames as one continuous.mp4,1.25,0.9357608556747437,SETSUKA,Animate the supplied start and end frames as one continuous.mp4,0.5,0.9281065464019775,SETSUKA,Animate the supplied start and end frames as one continuous.mp4,0.25,0.909191370010376,0.11730243265628815,0.25409257411956787,0.357815682888031,0.21461568772792816,0.9934073090553284,0.23727630078792572
639,159.779052734375,SETSUKA,SETSUKA,Animate the supplied start and end frames as one continuous.mp4,1.25,0.9946774244308472,SETSUKA,Animate the supplied start and end frames as one continuous.mp4,1.0,0.9416776895523071,SETSUKA,Animate the supplied start and end frames as one continuous.mp4,1.5,0.9339805841445923,SETSUKA,Animate the supplied start and end frames as one continuous.mp4,4.25,0.9192097187042236,SETSUKA,Animate the supplied start and end frames as one continuous.mp4,4.0,0.9178914427757263,0.119139663875103,0.25032857060432434,0.3725777268409729,0.23992227017879486,0.9946774244308472,0.23093703389167786
640,160.0290985107422,SETSUKA,SETSUKA,Animate the supplied start and end frames as one continuous.mp4,1.5,0.9921897649765015,SETSUKA,Animate the supplied start and end frames as one continuous.mp4,1.75,0.9811319708824158,SETSUKA,Animate the supplied start and end frames as one continuous.mp4,3.75,0.9746866822242737,SETSUKA,Animate the supplied start and end frames as one continuous.mp4,4.0,0.9671040773391724,SETSUKA,Animate the supplied start and end frames as one continuous.mp4,2.0,0.9620720148086548,0.149567648768425,0.22127392888069153,0.3846279978752136,0.23264360427856445,0.9921897649765015,0.22873368859291077
641,160.27914428710938,SETSUKA,SETSUKA,Animate the supplied start and end frames as one continuous.mp4,2.0,0.9948877692222595,SETSUKA,Animate the supplied start and end frames as one continuous.mp4,2.25,0.9920123815536499,SETSUKA,Animate the supplied start and end frames as one continuous.mp4,1.75,0.9919657707214355,SETSUKA,Animate the supplied start and end frames as one continuous.mp4,2.5,0.9905734658241272,SETSUKA,Animate the supplied start and end frames as one continuous.mp4,2.75,0.9890782237052917,0.13833940029144287,0.2019117772579193,0.3979739248752594,0.21905848383903503,0.9948877692222595,0.23111341893672943
642,160.52919006347656,SETSUKA,SETSUKA,Animate the supplied start and end frames as one continuous.mp4,2.25,0.9948655366897583,SETSUKA,Animate the supplied start and end frames as one continuous.mp4,2.0,0.9946591854095459,SETSUKA,Animate the supplied start and end frames as one continuous.mp4,2.5,0.9944024085998535,SETSUKA,Animate the supplied start and end frames as one continuous.mp4,2.75,0.9932619333267212,SETSUKA,Animate the supplied start and end frames as one continuous.mp4,3.0,0.9917943477630615,0.1433299034833908,0.20165644586086273,0.39851829409599304,0.21976247429847717,0.9948655366897583,0.2298833727836609
643,160.77923583984375,SETSUKA,SETSUKA,Animate the supplied start and end frames as one continuous.mp4,2.5,0.9952771663665771,SETSUKA,Animate the supplied start and end frames as one continuous.mp4,2.75,0.9950958490371704,SETSUKA,Animate the supplied start and end frames as one continuous.mp4,2.25,0.9947875142097473,SETSUKA,Animate the supplied start and end frames as one continuous.mp4,3.0,0.9940961599349976,SETSUKA,Animate the supplied start and end frames as one continuous.mp4,2.0,0.9931260347366333,0.14571164548397064,0.20348435640335083,0.39906859397888184,0.21955882012844086,0.9952771663665771,0.2313617765903473
644,161.02928161621094,SETSUKA,SETSUKA,Animate the supplied start and end frames as one continuous.mp4,2.75,0.9955064654350281,SETSUKA,Animate the supplied start and end frames as one continuous.mp4,3.0,0.9951868057250977,SETSUKA,Animate the supplied start and end frames as one continuous.mp4,2.5,0.9949474334716797,SETSUKA,Animate the supplied start and end frames as one continuous.mp4,2.25,0.993847131729126,SETSUKA,Animate the supplied start and end frames as one continuous.mp4,2.0,0.9916125535964966,0.1459382027387619,0.20331402122974396,0.3985663056373596,0.21981647610664368,0.9955064654350281,0.23428688943386078
645,161.27932739257812,SETSUKA,SETSUKA,Animate the supplied start and end frames as one continuous.mp4,3.25,0.9956587553024292,SETSUKA,Animate the supplied start and end frames as one continuous.mp4,3.0,0.9806883335113525,SETSUKA,Animate the supplied start and end frames as one continuous.mp4,2.75,0.9798365831375122,SETSUKA,Animate the supplied start and end frames as one continuous.mp4,2.5,0.9777979254722595,SETSUKA,Animate the supplied start and end frames as one continuous.mp4,2.25,0.9758399128913879,0.14901337027549744,0.20508261024951935,0.38927388191223145,0.21108046174049377,0.9956587553024292,0.2344508171081543
646,161.5293731689453,SETSUKA,SETSUKA,Animate the supplied start and end frames as one continuous.mp4,3.5,0.9938138127326965,SETSUKA,Animate the supplied start and end frames as one continuous.mp4,3.75,0.989959180355072,SETSUKA,Animate the supplied start and end frames as one continuous.mp4,1.75,0.9765657186508179,SETSUKA,Animate the supplied start and end frames as one continuous.mp4,2.75,0.974686861038208,SETSUKA,Animate the supplied start and end frames as one continuous.mp4,2.5,0.97422194480896,0.1613887995481491,0.19629549980163574,0.389619380235672,0.22847643494606018,0.9938138127326965,0.2404409646987915
647,161.7794189453125,SETSUKA,SETSUKA,Animate the supplied start and end frames as one continuous.mp4,4.0,0.9932001829147339,SETSUKA,Animate the supplied start and end frames as one continuous.mp4,3.75,0.9883604049682617,SETSUKA,Animate the supplied start and end frames as one continuous.mp4,4.25,0.9727551937103271,SETSUKA,Animate the supplied start and end frames as one continuous.mp4,3.5,0.9696325063705444,SETSUKA,Animate the supplied start and end frames as one continuous.mp4,1.75,0.9664844274520874,0.1564059853553772,0.20831908285617828,0.36667922139167786,0.21465381979942322,0.9932001829147339,0.23295149207115173
648,162.0294647216797,SETSUKA,SETSUKA,Animate the supplied start and end frames as one continuous.mp4,4.25,0.9953250885009766,SETSUKA,Animate the supplied start and end frames as one continuous.mp4,4.0,0.9825178980827332,SETSUKA,Animate the supplied start and end frames as one continuous.mp4,4.5,0.9767294526100159,SETSUKA,Animate the supplied start and end frames as one continuous.mp4,3.75,0.9690983891487122,SETSUKA,Animate the supplied start and end frames as one continuous.mp4,1.5,0.9541561603546143,0.14430534839630127,0.21818199753761292,0.36727726459503174,0.21923799812793732,0.9953250885009766,0.23414233326911926
649,162.27951049804688,SETSUKA,SETSUKA,Animate the supplied start and end frames as one continuous.mp4,4.5,0.9940590262413025,SETSUKA,Animate the supplied start and end frames as one continuous.mp4,4.75,0.9848666191101074,SETSUKA,Animate the supplied start and end frames as one continuous.mp4,4.25,0.9728866815567017,SETSUKA,Animate the supplied start and end frames as one continuous.mp4,5.0,0.9684607982635498,SETSUKA,Single continuous five-second shot using the supplied images.mp4,0.0,0.9655889272689819,0.11495423316955566,0.21677641570568085,0.3735542297363281,0.23174892365932465,0.9940590262413025,0.2473640739917755
650,162.52955627441406,SETSUKA,SETSUKA,Animate the supplied start and end frames as one continuous.mp4,5.0,0.9922463893890381,SETSUKA,Animate the supplied start and end frames as one continuous.mp4,4.75,0.9917620420455933,SETSUKA,Single continuous five-second shot using the supplied images.mp4,0.0,0.9887982606887817,SETSUKA,Single continuous five-second shot using the supplied images.mp4,0.25,0.9881964921951294,SETSUKA,Animate the supplied start and end frames as one continuous.mp4,4.5,0.9739831686019897,0.10697147250175476,0.19893375039100647,0.36957621574401855,0.21138791739940643,0.9922463893890381,0.22842103242874146
651,162.77960205078125,SETSUKA,SETSUKA,Single continuous five-second shot using the supplied images.mp4,0.25,0.9953663945198059,SETSUKA,Single continuous five-second shot using the supplied images.mp4,0.0,0.9939306974411011,SETSUKA,Animate the supplied start and end frames as one continuous.mp4,5.0,0.9897222518920898,SETSUKA,Animate the supplied start and end frames as one continuous.mp4,4.75,0.9849094152450562,SETSUKA,Animate the supplied start and end frames as one continuous.mp4,4.5,0.9629943370819092,0.0968320444226265,0.18789789080619812,0.3711722195148468,0.20673009753227234,0.9953663945198059,0.23226265609264374
652,163.02964782714844,SETSUKA,SETSUKA,Single continuous five-second shot using the supplied images.mp4,0.5,0.9897031784057617,SETSUKA,Animate the supplied start and end frames as one continuous.mp4,4.75,0.9395762085914612,SETSUKA,Single continuous five-second shot using the supplied images.mp4,0.25,0.9391603469848633,SETSUKA,Animate the supplied start and end frames as one continuous.mp4,4.5,0.9367824792861938,SETSUKA,Single continuous five-second shot using the supplied images.mp4,0.0,0.9326612949371338,0.09484260529279709,0.20774757862091064,0.39863741397857666,0.24036464095115662,0.9897031784057617,0.27007099986076355
653,163.27969360351562,SETSUKA,SETSUKA,Single continuous five-second shot using the supplied images.mp4,0.75,0.9408820867538452,SETSUKA,Single continuous five-second shot using the supplied images.mp4,1.0,0.8375475406646729,SETSUKA,Single continuous five-second shot using the supplied images.mp4,0.5,0.8035752177238464,SETSUKA,Animate the supplied start and end frames as one continuous.mp4,1.25,0.8024561405181885,SETSUKA,Animate the supplied start and end frames as one continuous.mp4,4.25,0.7995142340660095,0.11722449958324432,0.2417788803577423,0.34399157762527466,0.1896842122077942,0.9408820867538452,0.2908933758735657
654,163.5297393798828,SETSUKA,SETSUKA,Single continuous five-second shot using the supplied images.mp4,1.25,0.9233446717262268,SETSUKA,Single continuous five-second shot using the supplied images.mp4,1.0,0.8916153311729431,SETSUKA,Single continuous five-second shot using the supplied images.mp4,1.5,0.7388905882835388,SETSUKA,Create one continuous five-second continuity bridge_ Treat t.mp4,5.0,0.6867566704750061,SETSUKA,Create one continuous five-second continuity bridge_ Treat t.mp4,4.75,0.6810486316680908,0.12769222259521484,0.2158142626285553,0.37070468068122864,0.21465753018856049,0.9233446717262268,0.32590410113334656
655,163.77978515625,SETSUKA,SETSUKA,Single continuous five-second shot using the supplied images.mp4,1.5,0.9763505458831787,SETSUKA,Single continuous five-second shot using the supplied images.mp4,1.25,0.9289824962615967,SETSUKA,Single continuous five-second shot using the supplied images.mp4,1.75,0.819467306137085,SETSUKA,Single continuous five-second shot using the supplied images.mp4,2.0,0.6686413884162903,SETSUKA,Create one continuous five-second continuity bridge from the.mp4,3.0,0.6529979705810547,0.10795290023088455,0.2144671380519867,0.3582872450351715,0.22641485929489136,0.9763505458831787,0.24352186918258667
656,164.0298309326172,SETSUKA,SETSUKA,Single continuous five-second shot using the supplied images.mp4,1.75,0.9945368766784668,SETSUKA,Single continuous five-second shot using the supplied images.mp4,1.5,0.8740191459655762,SETSUKA,Single continuous five-second shot using the supplied images.mp4,2.0,0.8199394941329956,SETSUKA,Single continuous five-second shot using the supplied images.mp4,1.25,0.7315903306007385,SETSUKA,Single continuous five-second shot using the supplied images.mp4,2.25,0.6347407102584839,0.11873052269220352,0.1987084299325943,0.3418329358100891,0.24344754219055176,0.9945368766784668,0.2070167511701584
657,164.2798614501953,SETSUKA,SETSUKA,Single continuous five-second shot using the supplied images.mp4,2.0,0.9880650043487549,SETSUKA,Single continuous five-second shot using the supplied images.mp4,2.25,0.8936148285865784,SETSUKA,Single continuous five-second shot using the supplied images.mp4,1.75,0.7875505685806274,SETSUKA,Single continuous five-second shot using the supplied images.mp4,2.5,0.7322002649307251,SETSUKA,Single continuous five-second shot using the supplied images.mp4,1.5,0.6722750067710876,0.14041787385940552,0.24006778001785278,0.27214372158050537,0.22737662494182587,0.9880650043487549,0.18089035153388977
658,164.5299072265625,SETSUKA,SETSUKA,Single continuous five-second shot using the supplied images.mp4,2.25,0.9819049835205078,SETSUKA,Single continuous five-second shot using the supplied images.mp4,2.5,0.9416693449020386,SETSUKA,Single continuous five-second shot using the supplied images.mp4,2.75,0.8110189437866211,SETSUKA,Single continuous five-second shot using the supplied images.mp4,2.0,0.8055381774902344,SETSUKA,Single continuous five-second shot using the supplied images.mp4,3.0,0.7025203704833984,0.14043954014778137,0.2650015354156494,0.27462664246559143,0.22981323301792145,0.9819049835205078,0.1751757264137268
659,164.7799530029297,SETSUKA,SETSUKA,Single continuous five-second shot using the supplied images.mp4,2.75,0.9726052284240723,SETSUKA,Single continuous five-second shot using the supplied images.mp4,2.5,0.9707368612289429,SETSUKA,Single continuous five-second shot using the supplied images.mp4,3.0,0.8564005494117737,SETSUKA,Single continuous five-second shot using the supplied images.mp4,2.25,0.8301494717597961,SETSUKA,Single continuous five-second shot using the supplied images.mp4,3.25,0.7192139625549316,0.11994454264640808,0.2550126314163208,0.3162921071052551,0.25854921340942383,0.9726052284240723,0.2028515785932541
660,165.02999877929688,SETSUKA,SETSUKA,Single continuous five-second shot using the supplied images.mp4,3.0,0.9818522930145264,SETSUKA,Single continuous five-second shot using the supplied images.mp4,2.75,0.9624836444854736,SETSUKA,Single continuous five-second shot using the supplied images.mp4,3.25,0.8596303462982178,SETSUKA,Single continuous five-second shot using the supplied images.mp4,2.5,0.8403430581092834,SETSUKA,Single continuous five-second shot using the supplied images.mp4,2.25,0.713179349899292,0.12911924719810486,0.2397293746471405,0.32249897718429565,0.2972845137119293,0.9818522930145264,0.21660737693309784
661,165.28004455566406,SETSUKA,SETSUKA,Single continuous five-second shot using the supplied images.mp4,3.25,0.9885863065719604,SETSUKA,Single continuous five-second shot using the supplied images.mp4,3.0,0.9396929740905762,SETSUKA,Single continuous five-second shot using the supplied images.mp4,3.5,0.8552247881889343,SETSUKA,Single continuous five-second shot using the supplied images.mp4,2.75,0.818272054195404,SETSUKA,Single continuous five-second shot using the supplied images.mp4,2.5,0.6993157863616943,0.14609253406524658,0.20914092659950256,0.35719555616378784,0.3104739189147949,0.9885863065719604,0.20332036912441254
662,165.53009033203125,SETSUKA,SETSUKA,Single continuous five-second shot using the supplied images.mp4,3.5,0.994461178779602,SETSUKA,Single continuous five-second shot using the supplied images.mp4,3.25,0.8939861059188843,SETSUKA,Single continuous five-second shot using the supplied images.mp4,3.75,0.8410879373550415,SETSUKA,Single continuous five-second shot using the supplied images.mp4,3.0,0.7577518224716187,SETSUKA,Create one continuous five-second continuity bridge between.mp4,1.75,0.7009376287460327,0.15835429728031158,0.22337466478347778,0.37549513578414917,0.25682532787323,0.994461178779602,0.21710464358329773
663,165.78013610839844,SETSUKA,SETSUKA,Single continuous five-second shot using the supplied images.mp4,3.75,0.9820411205291748,SETSUKA,Single continuous five-second shot using the supplied images.mp4,4.0,0.843929648399353,SETSUKA,Single continuous five-second shot using the supplied images.mp4,3.5,0.8238625526428223,SETSUKA,Create one continuous five-second continuity bridge between.mp4,1.5,0.8055059313774109,SETSUKA,Create one continuous five-second continuity bridge between.mp4,1.25,0.8009915351867676,0.1567954421043396,0.2332865297794342,0.36615467071533203,0.278634250164032,0.9820411205291748,0.2006288766860962
664,166.03018188476562,SETSUKA,SETSUKA,Single continuous five-second shot using the supplied images.mp4,4.0,0.9685651063919067,SETSUKA,Single continuous five-second shot using the supplied images.mp4,4.25,0.9078376889228821,SETSUKA,Single continuous five-second shot using the supplied images.mp4,4.5,0.8377892374992371,SETSUKA,Create one continuous five-second continuity bridge between.mp4,0.0,0.8376460671424866,SETSUKA,Create one continuous five-second continuity bridge between.mp4,0.25,0.8277847170829773,0.17305992543697357,0.20663709938526154,0.36369961500167847,0.32539939880371094,0.9685651063919067,0.2073172926902771
665,166.2802276611328,SETSUKA,SETSUKA,Single continuous five-second shot using the supplied images.mp4,4.25,0.9753051996231079,SETSUKA,Single continuous five-second shot using the supplied images.mp4,4.5,0.9439960718154907,SETSUKA,Create one continuous five-second continuity bridge between.mp4,0.0,0.9435813426971436,SETSUKA,Create one continuous five-second continuity bridge between.mp4,0.25,0.8890072107315063,SETSUKA,Single continuous five-second shot using the supplied images.mp4,4.0,0.8590638041496277,0.1932050734758377,0.17759129405021667,0.31115520000457764,0.2714044153690338,0.9753051996231079,0.209462508559227
666,166.5302734375,SETSUKA,SETSUKA,Create one continuous five-second continuity bridge between.mp4,0.25,0.9896814227104187,SETSUKA,Create one continuous five-second continuity bridge between.mp4,0.5,0.9721558094024658,SETSUKA,Single continuous five-second shot using the supplied images.mp4,4.75,0.9208537340164185,SETSUKA,Single continuous five-second shot using the supplied images.mp4,4.5,0.9192098379135132,SETSUKA,Create one continuous five-second continuity bridge between.mp4,0.0,0.9185429811477661,0.18272165954113007,0.18738725781440735,0.3872355818748474,0.296637624502182,0.9896814227104187,0.2462511658668518
667,166.7803192138672,SETSUKA,SETSUKA,Create one continuous five-second continuity bridge between.mp4,0.5,0.9807131290435791,SETSUKA,Create one continuous five-second continuity bridge between.mp4,0.75,0.974279522895813,SETSUKA,Create one continuous five-second continuity bridge between.mp4,1.0,0.9327329397201538,SETSUKA,Create one continuous five-second continuity bridge between.mp4,0.25,0.9267705082893372,SETSUKA,Create one continuous five-second continuity bridge between.mp4,1.25,0.9050803184509277,0.18457095324993134,0.2027875781059265,0.40236136317253113,0.29490798711776733,0.9807131290435791,0.26212820410728455
668,167.03036499023438,SETSUKA,SETSUKA,Create one continuous five-second continuity bridge between.mp4,1.0,0.9958826899528503,SETSUKA,Create one continuous five-second continuity bridge between.mp4,1.25,0.9717549085617065,SETSUKA,Create one continuous five-second continuity bridge between.mp4,0.75,0.9587924480438232,SETSUKA,Create one continuous five-second continuity bridge between.mp4,1.5,0.8986755609512329,SETSUKA,Create one continuous five-second continuity bridge between.mp4,0.5,0.8967270851135254,0.18134695291519165,0.21467366814613342,0.3914785385131836,0.2743360996246338,0.9958826899528503,0.2338184416294098
669,167.28041076660156,SETSUKA,SETSUKA,Create one continuous five-second continuity bridge between.mp4,1.25,0.9849140048027039,SETSUKA,Create one continuous five-second continuity bridge between.mp4,1.5,0.9745230674743652,SETSUKA,Create one continuous five-second continuity bridge between.mp4,1.0,0.9464770555496216,SETSUKA,Create one continuous five-second continuity bridge between.mp4,0.75,0.9130608439445496,SETSUKA,Create one continuous five-second continuity bridge between.mp4,1.75,0.9081692695617676,0.18984444439411163,0.19005843997001648,0.3941628634929657,0.29590940475463867,0.9849140048027039,0.22300691902637482
670,167.53045654296875,SETSUKA,SETSUKA,Create one continuous five-second continuity bridge between.mp4,1.75,0.995384693145752,SETSUKA,Create one continuous five-second continuity bridge between.mp4,2.0,0.9732553958892822,SETSUKA,Create one continuous five-second continuity bridge between.mp4,1.5,0.9651809930801392,SETSUKA,Create one continuous five-second continuity bridge between.mp4,2.25,0.9075852036476135,SETSUKA,Create one continuous five-second continuity bridge between.mp4,1.25,0.8886740207672119,0.16574673354625702,0.2121485024690628,0.407572865486145,0.30303755402565,0.995384693145752,0.21338045597076416
671,167.78050231933594,SETSUKA,SETSUKA,Create one continuous five-second continuity bridge between.mp4,2.0,0.9914480447769165,SETSUKA,Create one continuous five-second continuity bridge between.mp4,2.25,0.9699552059173584,SETSUKA,Create one continuous five-second continuity bridge between.mp4,1.75,0.9610167741775513,SETSUKA,Create one continuous five-second continuity bridge between.mp4,1.5,0.9286902546882629,SETSUKA,Create one continuous five-second continuity bridge between.mp4,2.5,0.8819732069969177,0.16248124837875366,0.20826096832752228,0.4029502868652344,0.3154006600379944,0.9914480447769165,0.2358757108449936
672,168.03054809570312,SETSUKA,SETSUKA,Create one continuous five-second continuity bridge between.mp4,2.5,0.9908570051193237,SETSUKA,Create one continuous five-second continuity bridge between.mp4,2.25,0.9726089835166931,SETSUKA,Create one continuous five-second continuity bridge between.mp4,2.75,0.9465705156326294,SETSUKA,Create one continuous five-second continuity bridge between.mp4,3.0,0.9134503602981567,SETSUKA,Create one continuous five-second continuity bridge between.mp4,2.0,0.8829714059829712,0.15174482762813568,0.22607330977916718,0.3527584373950958,0.33360975980758667,0.9908570051193237,0.23464514315128326
673,168.2805938720703,SETSUKA,SETSUKA,Create one continuous five-second continuity bridge between.mp4,2.75,0.9959161281585693,SETSUKA,Create one continuous five-second continuity bridge between.mp4,2.5,0.9647493362426758,SETSUKA,Create one continuous five-second continuity bridge between.mp4,3.0,0.9418381452560425,SETSUKA,Create one continuous five-second continuity bridge between.mp4,2.25,0.8841421604156494,SETSUKA,Create one continuous five-second motion between the supplie.mp4,2.0,0.8054168224334717,0.14763665199279785,0.24443930387496948,0.32132241129875183,0.3580371141433716,0.9959161281585693,0.22414520382881165
674,168.5306396484375,SETSUKA,SETSUKA,Create one continuous five-second continuity bridge between.mp4,3.0,0.8864057064056396,SETSUKA,Create one continuous five-second continuity bridge between.mp4,3.25,0.852654755115509,SETSUKA,Create one continuous five-second continuity bridge between.mp4,2.75,0.8150771856307983,SETSUKA,Create one continuous five-second continuity bridge between.mp4,2.5,0.7941681146621704,SETSUKA,Create one continuous five-second motion between the supplie.mp4,2.0,0.7532119750976562,0.20017488300800323,0.2858947813510895,0.41950079798698425,0.3157825469970703,0.8864057064056396,0.3230450749397278
675,168.7806854248047,SETSUKA,SETSUKA,Create one continuous five-second continuity bridge between.mp4,3.5,0.996159553527832,SETSUKA,Create one continuous five-second continuity bridge between.mp4,3.75,0.8993842601776123,SETSUKA,Create one continuous five-second continuity bridge between.mp4,3.25,0.8104069232940674,SETSUKA,Create one continuous five-second continuity bridge between.mp4,4.0,0.7248339653015137,SETSUKA,Create one continuous five-second continuity bridge between.mp4,4.25,0.5842471718788147,0.29442620277404785,0.31055977940559387,0.4476010203361511,0.3245817720890045,0.996159553527832,0.3132319748401642
676,169.03073120117188,SETSUKA,SETSUKA,Create one continuous five-second continuity bridge between.mp4,3.75,0.9428731203079224,SETSUKA,Create one continuous five-second continuity bridge between.mp4,4.0,0.9001353979110718,SETSUKA,Create one continuous five-second continuity bridge between.mp4,3.5,0.832110583782196,SETSUKA,Create one continuous five-second continuity bridge between.mp4,3.25,0.7351123690605164,SETSUKA,Create one continuous five-second continuity bridge between.mp4,4.25,0.6823526620864868,0.252299427986145,0.32269102334976196,0.3982425630092621,0.3633277416229248,0.9428731203079224,0.25943297147750854
677,169.28077697753906,SETSUKA,SETSUKA,Create one continuous five-second continuity bridge between.mp4,4.25,0.9831783771514893,SETSUKA,Create one continuous five-second continuity bridge between.mp4,4.5,0.9316607117652893,SETSUKA,Create one continuous five-second continuity bridge between.mp4,4.0,0.9091914296150208,SETSUKA,Create one continuous five-second continuity bridge between.mp4,4.75,0.9030850529670715,SETSUKA,Create one continuous five-second motion between the supplie.mp4,0.75,0.8922743797302246,0.1513020545244217,0.29882606863975525,0.3216845691204071,0.35196277499198914,0.9831783771514893,0.19403308629989624
678,169.53082275390625,SETSUKA,SETSUKA,Create one continuous five-second continuity bridge between.mp4,4.5,0.9946761131286621,SETSUKA,Create one continuous five-second continuity bridge between.mp4,4.75,0.9830963611602783,SETSUKA,Create one continuous five-second continuity bridge between.mp4,4.25,0.9632871747016907,SETSUKA,Create one continuous five-second continuity bridge between.mp4,5.0,0.9588986039161682,SETSUKA,Create one continuous five-second motion between the supplie.mp4,1.5,0.952872097492218,0.09199700504541397,0.27541062235832214,0.3212265372276306,0.35774126648902893,0.9946761131286621,0.1783452332019806
679,169.78086853027344,SETSUKA,SETSUKA,Create one continuous five-second continuity bridge between.mp4,5.0,0.9926289319992065,SETSUKA,Create one continuous five-second motion between the supplie.mp4,1.5,0.9899008274078369,SETSUKA,Create one continuous five-second continuity bridge between.mp4,4.75,0.9875972867012024,SETSUKA,Create one continuous five-second motion between the supplie.mp4,1.25,0.970855712890625,SETSUKA,Create one continuous five-second motion between the supplie.mp4,1.75,0.9649509191513062,0.07459287345409393,0.2834501266479492,0.2973933815956116,0.346373587846756,0.9926289319992065,0.17306289076805115
680,170.03091430664062,SETSUKA,SETSUKA,Create one continuous five-second motion between the supplie.mp4,1.75,0.994497537612915,SETSUKA,Create one continuous five-second motion between the supplie.mp4,1.5,0.9737867712974548,SETSUKA,Create one continuous five-second continuity bridge between.mp4,5.0,0.973538339138031,SETSUKA,Create one continuous five-second continuity bridge between.mp4,4.75,0.9552597999572754,SETSUKA,Create one continuous five-second motion between the supplie.mp4,2.0,0.9521275162696838,0.08658663183450699,0.28135228157043457,0.3038494288921356,0.34975671768188477,0.994497537612915,0.16501092910766602
681,170.2809600830078,SETSUKA,SETSUKA,Create one continuous five-second motion between the supplie.mp4,2.0,0.9947381019592285,SETSUKA,Create one continuous five-second motion between the supplie.mp4,1.75,0.9561673402786255,SETSUKA,Create one continuous five-second motion between the supplie.mp4,2.25,0.9310717582702637,SETSUKA,Create one continuous five-second motion between the supplie.mp4,1.5,0.9051049947738647,SETSUKA,Create one continuous five-second continuity bridge between.mp4,5.0,0.9031176567077637,0.09924696385860443,0.27625563740730286,0.34153854846954346,0.36970552802085876,0.9947381019592285,0.160572811961174
682,170.531005859375,SETSUKA,SETSUKA,Create one continuous five-second motion between the supplie.mp4,2.25,0.9939126968383789,SETSUKA,Create one continuous five-second continuity bridge from the.mp4,0.0,0.9697123765945435,SETSUKA,Create one continuous five-second motion between the supplie.mp4,2.5,0.9690835475921631,SETSUKA,Create one continuous five-second motion between the supplie.mp4,2.75,0.9391434192657471,SETSUKA,Create one continuous five-second continuity bridge from the.mp4,0.25,0.9248426556587219,0.08035501092672348,0.24696850776672363,0.33758825063705444,0.3495001494884491,0.9939126968383789,0.2131093293428421
683,170.7810516357422,SETSUKA,SETSUKA,Create one continuous five-second continuity bridge from the.mp4,0.0,0.9955852031707764,SETSUKA,Create one continuous five-second motion between the supplie.mp4,2.5,0.9950826168060303,SETSUKA,Create one continuous five-second motion between the supplie.mp4,2.75,0.9788086414337158,SETSUKA,Create one continuous five-second continuity bridge from the.mp4,0.25,0.9623517990112305,SETSUKA,Create one continuous five-second motion between the supplie.mp4,2.25,0.9571115970611572,0.07650282233953476,0.22620762884616852,0.346854031085968,0.345211386680603,0.9955852031707764,0.22918477654457092
684,171.03109741210938,SETSUKA,SETSUKA,Create one continuous five-second motion between the supplie.mp4,2.75,0.9939481616020203,SETSUKA,Create one continuous five-second motion between the supplie.mp4,3.0,0.9807871580123901,SETSUKA,Create one continuous five-second continuity bridge from the.mp4,0.25,0.9675219058990479,SETSUKA,Create one continuous five-second continuity bridge from the.mp4,0.0,0.9644947052001953,SETSUKA,Create one continuous five-second motion between the supplie.mp4,2.5,0.9638248682022095,0.09802539646625519,0.2169143706560135,0.3606393039226532,0.3386203944683075,0.9939481616020203,0.25088444352149963
685,171.28114318847656,SETSUKA,SETSUKA,Create one continuous five-second motion between the supplie.mp4,3.0,0.8341953754425049,SETSUKA,Create one continuous five-second motion between the supplie.mp4,3.25,0.8308326005935669,SETSUKA,Create one continuous five-second continuity bridge from the.mp4,0.5,0.8050765991210938,SETSUKA,Create one continuous five-second continuity bridge from the.mp4,0.25,0.7990328073501587,SETSUKA,Create one continuous five-second motion between the supplie.mp4,2.75,0.7933610677719116,0.13944177329540253,0.15531796216964722,0.35120534896850586,0.26970914006233215,0.8341953754425049,0.2030116319656372
686,171.53118896484375,SETSUKA,SETSUKA,Create one continuous five-second motion between the supplie.mp4,3.25,0.8521817326545715,SETSUKA,Create one continuous five-second motion between the supplie.mp4,3.5,0.8461769819259644,SETSUKA,Create one continuous five-second continuity bridge from the.mp4,0.5,0.8197911381721497,SETSUKA,Create one continuous five-second motion between the supplie.mp4,3.0,0.8188600540161133,SETSUKA,Create one continuous five-second continuity bridge from the.mp4,0.75,0.8148110508918762,0.11979459226131439,0.13718631863594055,0.372616708278656,0.3162640631198883,0.8521817326545715,0.22439606487751007
687,171.78123474121094,SETSUKA,SETSUKA,Create one continuous five-second continuity bridge from the.mp4,1.0,0.9058589935302734,SETSUKA,Create one continuous five-second continuity bridge from the.mp4,0.75,0.8917204141616821,SETSUKA,Create one continuous five-second continuity bridge from the.mp4,1.25,0.8814524412155151,SETSUKA,Create one continuous five-second motion between the supplie.mp4,3.5,0.8557233810424805,SETSUKA,Create one continuous five-second continuity bridge from the.mp4,0.5,0.8482800722122192,0.16475455462932587,0.21175619959831238,0.3541686236858368,0.3528635799884796,0.9058589935302734,0.22628311812877655
688,172.03128051757812,SETSUKA,SETSUKA,Create one continuous five-second continuity bridge from the.mp4,1.25,0.9946391582489014,SETSUKA,Create one continuous five-second continuity bridge from the.mp4,1.5,0.9719564914703369,SETSUKA,Create one continuous five-second continuity bridge from the.mp4,1.0,0.9629985094070435,SETSUKA,Create one continuous five-second continuity bridge from the.mp4,0.75,0.9294021129608154,SETSUKA,Create one continuous five-second continuity bridge from the.mp4,1.75,0.8950119614601135,0.10195248574018478,0.1857616901397705,0.37173914909362793,0.3430549204349518,0.9946391582489014,0.2394884079694748
689,172.2813262939453,SETSUKA,SETSUKA,Create one continuous five-second continuity bridge from the.mp4,1.75,0.991218090057373,SETSUKA,Create one continuous five-second continuity bridge from the.mp4,1.5,0.9140782356262207,SETSUKA,Create one continuous five-second continuity bridge from the.mp4,2.0,0.8903149366378784,SETSUKA,Create one continuous five-second continuity bridge from the.mp4,1.25,0.8673675656318665,SETSUKA,Create one continuous five-second continuity bridge from the.mp4,1.0,0.8098827600479126,0.1321592479944229,0.21868041157722473,0.42435702681541443,0.3520119786262512,0.991218090057373,0.2598460614681244
690,172.5313720703125,SETSUKA,SETSUKA,Create one continuous five-second continuity bridge from the.mp4,2.25,0.9799002408981323,SETSUKA,Create one continuous five-second continuity bridge from the.mp4,2.0,0.9382694959640503,SETSUKA,Create one continuous five-second continuity bridge from the.mp4,3.5,0.8310235738754272,SETSUKA,Create one continuous five-second continuity bridge from the.mp4,2.5,0.8277261257171631,SETSUKA,Create one continuous five-second continuity bridge from the.mp4,3.25,0.8207087516784668,0.17490120232105255,0.2457934319972992,0.4326809346675873,0.29988422989845276,0.9799002408981323,0.2816149592399597
691,172.7814178466797,SETSUKA,SETSUKA,Create one continuous five-second continuity bridge from the.mp4,2.5,0.9949719309806824,SETSUKA,Create one continuous five-second continuity bridge from the.mp4,2.75,0.9203925728797913,SETSUKA,Create one continuous five-second continuity bridge from the.mp4,3.0,0.89597088098526,SETSUKA,Create one continuous five-second continuity bridge from the.mp4,2.25,0.8831534385681152,SETSUKA,Create one continuous five-second continuity bridge from the.mp4,3.25,0.844487190246582,0.2018604278564453,0.2863174378871918,0.40901049971580505,0.3084567189216614,0.9949719309806824,0.2589481472969055
692,173.03146362304688,SETSUKA,SETSUKA,Create one continuous five-second continuity bridge from the.mp4,2.75,0.98271644115448,SETSUKA,Create one continuous five-second continuity bridge from the.mp4,3.0,0.9817981123924255,SETSUKA,Create one continuous five-second continuity bridge from the.mp4,2.5,0.9028134346008301,SETSUKA,Create one continuous five-second continuity bridge from the.mp4,3.25,0.8556839227676392,SETSUKA,Create one continuous five-second continuity bridge from the.mp4,2.25,0.7587388157844543,0.15390034019947052,0.2855490744113922,0.42203381657600403,0.30437055230140686,0.98271644115448,0.23346394300460815
693,173.28150939941406,SETSUKA,SETSUKA,Create one continuous five-second continuity bridge from the.mp4,3.25,0.993770956993103,SETSUKA,Create one continuous five-second continuity bridge from the.mp4,3.5,0.9070032238960266,SETSUKA,Create one continuous five-second continuity bridge from the.mp4,3.0,0.9023799896240234,SETSUKA,Create one continuous five-second continuity bridge from the.mp4,2.5,0.8460235595703125,SETSUKA,Create one continuous five-second continuity bridge from the.mp4,2.25,0.8400001525878906,0.13551323115825653,0.31700944900512695,0.39317235350608826,0.27752989530563354,0.993770956993103,0.22749227285385132
694,173.53155517578125,SETSUKA,SETSUKA,Create one continuous five-second continuity bridge from the.mp4,3.75,0.9832333922386169,SETSUKA,Create one continuous five-second continuity bridge from the.mp4,3.5,0.9777792692184448,SETSUKA,Create one continuous five-second continuity bridge from the.mp4,4.0,0.9445762634277344,SETSUKA,Create one continuous five-second continuity bridge from the.mp4,4.25,0.9339931011199951,SETSUKA,Create one continuous five-second continuity bridge from the.mp4,4.5,0.9321228265762329,0.13422377407550812,0.21743476390838623,0.400143027305603,0.324449360370636,0.9832333922386169,0.24125191569328308
695,173.78160095214844,SETSUKA,SETSUKA,Create one continuous five-second continuity bridge from the.mp4,4.0,0.9934490919113159,SETSUKA,Create one continuous five-second continuity bridge from the.mp4,4.25,0.9891470670700073,SETSUKA,Create one continuous five-second continuity bridge from the.mp4,4.5,0.9852899312973022,SETSUKA,Create one continuous five-second continuity bridge from the.mp4,4.75,0.9824376106262207,SETSUKA,Create one continuous five-second continuity bridge from the.mp4,3.75,0.9799785614013672,0.12410586327314377,0.2113845944404602,0.3757692277431488,0.32390204071998596,0.9934490919113159,0.2368360161781311
696,174.03164672851562,SETSUKA,SETSUKA,Create one continuous five-second continuity bridge from the.mp4,4.25,0.9956620931625366,SETSUKA,Create one continuous five-second continuity bridge from the.mp4,4.5,0.9948706030845642,SETSUKA,Create one continuous five-second continuity bridge from the.mp4,4.75,0.9922486543655396,SETSUKA,Create one continuous five-second continuity bridge from the.mp4,4.0,0.9921238422393799,SETSUKA,Create one continuous five-second continuity bridge from the.mp4,5.0,0.9838904142379761,0.1325339674949646,0.20562273263931274,0.3763412833213806,0.321250855922699,0.9956620931625366,0.24043507874011993
697,174.2816925048828,SETSUKA,SETSUKA,Create one continuous five-second continuity bridge from the.mp4,4.75,0.9948997497558594,SETSUKA,Create one continuous five-second continuity bridge from the.mp4,4.5,0.993945837020874,SETSUKA,Create one continuous five-second continuity bridge from the.mp4,4.25,0.9935131669044495,SETSUKA,Create one continuous five-second continuity bridge from the.mp4,4.0,0.9891220331192017,SETSUKA,Create one continuous five-second continuity bridge from the.mp4,5.0,0.9888290762901306,0.1325799822807312,0.20075783133506775,0.37862396240234375,0.3176101744174957,0.9948997497558594,0.23747339844703674
698,174.53173828125,SETSUKA,SETSUKA,Create one continuous five-second continuity bridge from the.mp4,5.0,0.9937758445739746,SETSUKA,Create a seamless transition from the supplied moon-gate rea.mp4,0.25,0.9937670230865479,SETSUKA,Create a seamless transition from the supplied moon-gate rea.mp4,0.0,0.992422878742218,SETSUKA,Create one continuous five-second continuity bridge from the.mp4,4.75,0.9882745742797852,SETSUKA,Create one continuous five-second continuity bridge from the.mp4,4.25,0.9825719594955444,0.1319137066602707,0.1989326775074005,0.368221253156662,0.31474506855010986,0.9937758445739746,0.23236991465091705
699,174.7817840576172,SETSUKA,SETSUKA,Create a seamless transition from the supplied moon-gate rea.mp4,0.5,0.9149739742279053,SETSUKA,Create one continuous five-second continuity bridge from the.mp4,5.0,0.8243799209594727,SETSUKA,Create a seamless transition from the supplied moon-gate rea.mp4,0.25,0.8241662979125977,SETSUKA,Create a seamless transition from the supplied moon-gate rea.mp4,0.0,0.8223405480384827,SETSUKA,Create one continuous five-second continuity bridge from the.mp4,4.75,0.8197369575500488,0.09101731330156326,0.1695118248462677,0.3498702347278595,0.2779420018196106,0.9149739742279053,0.22100286185741425
700,175.03182983398438,SETSUKA,SETSUKA,Create a seamless transition from the supplied moon-gate rea.mp4,0.75,0.9582473635673523,SETSUKA,Create a seamless transition from the supplied moon-gate rea.mp4,0.5,0.615760862827301,SETSUKA,Create a seamless transition from the supplied moon-gate rea.mp4,0.25,0.6029082536697388,SETSUKA,Create one continuous five-second continuity bridge from the.mp4,5.0,0.600735068321228,SETSUKA,Create a seamless transition from the supplied moon-gate rea.mp4,0.0,0.600384533405304,0.12923820316791534,0.2547253966331482,0.34632667899131775,0.19279609620571136,0.9582473635673523,0.21288099884986877
701,175.28187561035156,SETSUKA,SETSUKA,Create a seamless transition from the supplied moon-gate rea.mp4,1.0,0.7640326023101807,SETSUKA,Create a seamless transition from the supplied moon-gate rea.mp4,1.25,0.642446756362915,SETSUKA,Create a seamless transition from the supplied moon-gate rea.mp4,1.5,0.5223002433776855,SETSUKA,Create a seamless transition from the supplied moon-gate rea.mp4,1.75,0.4917984902858734,SETSUKA,Create one continuous five-second continuity bridge from the.mp4,4.75,0.4497905969619751,0.16832122206687927,0.2670603394508362,0.2994194030761719,0.21311931312084198,0.7640326023101807,0.25903603434562683
702,175.53192138671875,SETSUKA,SETSUKA,Create a seamless transition from the supplied moon-gate rea.mp4,1.25,0.7804690599441528,SETSUKA,Create a seamless transition from the supplied moon-gate rea.mp4,1.5,0.776070237159729,SETSUKA,Create a seamless transition from the supplied moon-gate rea.mp4,1.75,0.6318840384483337,SETSUKA,Create a seamless transition from the supplied moon-gate rea.mp4,2.0,0.6084324717521667,SETSUKA,Create a seamless transition from the supplied snowy forest.mp4,2.25,0.4851887822151184,0.2780364751815796,0.4315272867679596,0.45555466413497925,0.25534433126449585,0.7804690599441528,0.3000430166721344
703,175.78196716308594,SETSUKA,SETSUKA,Create a seamless transition from the supplied moon-gate rea.mp4,1.75,0.7882636189460754,SETSUKA,Create a seamless transition from the supplied moon-gate rea.mp4,1.25,0.6498852372169495,SETSUKA,Create a seamless transition from the supplied moon-gate rea.mp4,2.0,0.6142516732215881,SETSUKA,Create a seamless transition from the supplied moon-gate rea.mp4,1.5,0.5956825613975525,SETSUKA,Create one continuous five-second continuity bridge from the.mp4,5.0,0.44217759370803833,0.2069772481918335,0.2947693467140198,0.3658614754676819,0.2670442759990692,0.7882636189460754,0.2653036117553711
704,176.03201293945312,SETSUKA,SETSUKA,Create a seamless transition from the supplied moon-gate rea.mp4,2.0,0.9443192481994629,SETSUKA,Create a seamless transition from the supplied moon-gate rea.mp4,1.75,0.6529961228370667,SETSUKA,Create a seamless transition from the supplied moon-gate rea.mp4,1.5,0.5919950008392334,SETSUKA,Create a seamless transition from the supplied moon-gate rea.mp4,1.25,0.5789459943771362,SETSUKA,Create a seamless transition from the supplied moon-gate rea.mp4,0.25,0.4392127990722656,0.299088716506958,0.2778475880622864,0.3686487078666687,0.23436149954795837,0.9443192481994629,0.21038877964019775
705,176.2820587158203,SETSUKA,SETSUKA,Create a seamless transition from the supplied moon-gate rea.mp4,2.25,0.9291874170303345,SETSUKA,Create a seamless transition from the supplied moon-gate rea.mp4,2.5,0.9284577369689941,SETSUKA,Create a seamless transition from the supplied moon-gate rea.mp4,2.75,0.8629546165466309,SETSUKA,Create a seamless transition from the supplied moon-gate rea.mp4,3.0,0.8486173748970032,SETSUKA,Create a seamless transition from the supplied moon-gate rea.mp4,3.25,0.8350381851196289,0.20922335982322693,0.28675007820129395,0.1768067330121994,0.3138556480407715,0.9291874170303345,0.12344565987586975
706,176.53208923339844,SETSUKA,SETSUKA,Create a seamless transition from the supplied moon-gate rea.mp4,2.75,0.9803714752197266,SETSUKA,Create a seamless transition from the supplied moon-gate rea.mp4,3.0,0.970889151096344,SETSUKA,Create a seamless transition from the supplied moon-gate rea.mp4,3.25,0.9592945575714111,SETSUKA,Create a seamless transition from the supplied moon-gate rea.mp4,3.5,0.9443603754043579,SETSUKA,Create a seamless transition from the supplied moon-gate rea.mp4,2.5,0.943298876285553,0.2039586305618286,0.2849199175834656,0.20856426656246185,0.3066853880882263,0.9803714752197266,0.1675957888364792
707,176.78213500976562,SETSUKA,SETSUKA,Create a seamless transition from the supplied moon-gate rea.mp4,3.0,0.9896508455276489,SETSUKA,Create a seamless transition from the supplied moon-gate rea.mp4,2.75,0.9864978194236755,SETSUKA,Create a seamless transition from the supplied moon-gate rea.mp4,3.25,0.983512282371521,SETSUKA,Create a seamless transition from the supplied moon-gate rea.mp4,3.5,0.9716875553131104,SETSUKA,Create a seamless transition from the supplied moon-gate rea.mp4,3.75,0.955174446105957,0.20995980501174927,0.29037347435951233,0.24099940061569214,0.31574979424476624,0.9896508455276489,0.1702088862657547
708,177.0321807861328,SETSUKA,SETSUKA,Create a seamless transition from the supplied moon-gate rea.mp4,3.25,0.9915528297424316,SETSUKA,Create a seamless transition from the supplied moon-gate rea.mp4,3.0,0.9860610961914062,SETSUKA,Create a seamless transition from the supplied moon-gate rea.mp4,3.5,0.9855427742004395,SETSUKA,Create a seamless transition from the supplied moon-gate rea.mp4,2.75,0.975549042224884,SETSUKA,Create a seamless transition from the supplied moon-gate rea.mp4,3.75,0.9723731279373169,0.2148769497871399,0.2860508859157562,0.24579918384552002,0.31224119663238525,0.9915528297424316,0.16763046383857727
709,177.2822265625,SETSUKA,SETSUKA,Create a seamless transition from the supplied moon-gate rea.mp4,3.5,0.9923484921455383,SETSUKA,Create a seamless transition from the supplied moon-gate rea.mp4,3.75,0.9900673031806946,SETSUKA,Create a seamless transition from the supplied moon-gate rea.mp4,3.25,0.9842890501022339,SETSUKA,Create a seamless transition from the supplied moon-gate rea.mp4,4.0,0.9820387959480286,SETSUKA,Create one continuous five-second motion between the supplie (1).mp4,0.0,0.9812144041061401,0.21395479142665863,0.29671913385391235,0.24645116925239563,0.3078405559062958,0.9923484921455383,0.15434053540229797
710,177.5322723388672,SETSUKA,SETSUKA,Create a seamless transition from the supplied moon-gate rea.mp4,4.0,0.9912564158439636,SETSUKA,Create one continuous five-second motion between the supplie (1).mp4,0.0,0.9907335042953491,SETSUKA,Create a seamless transition from the supplied moon-gate rea.mp4,3.75,0.9903798699378967,SETSUKA,Create a seamless transition from the supplied moon-gate rea.mp4,3.5,0.9819768071174622,SETSUKA,Create a seamless transition from the supplied moon-gate rea.mp4,3.25,0.9650707840919495,0.2161867469549179,0.2967328727245331,0.2453456073999405,0.30333003401756287,0.9912564158439636,0.1489250659942627
711,177.78231811523438,SETSUKA,SETSUKA,Create one continuous five-second motion between the supplie (1).mp4,0.5,0.9794792532920837,SETSUKA,Create one continuous five-second motion between the supplie (1).mp4,0.25,0.9765311479568481,SETSUKA,Create one continuous five-second motion between the supplie (1).mp4,0.75,0.9016740322113037,SETSUKA,Create one continuous five-second motion between the supplie (1).mp4,0.0,0.8753401041030884,SETSUKA,Create a seamless transition from the supplied moon-gate rea.mp4,4.0,0.8737848401069641,0.24238719046115875,0.3068251311779022,0.2721720337867737,0.3026202619075775,0.9794792532920837,0.1623900830745697
712,178.03236389160156,SETSUKA,SETSUKA,Create one continuous five-second motion between the supplie (1).mp4,0.75,0.9933033585548401,SETSUKA,Create one continuous five-second motion between the supplie (1).mp4,0.5,0.9550628662109375,SETSUKA,Create one continuous five-second motion between the supplie (1).mp4,1.0,0.9173445105552673,SETSUKA,Create one continuous five-second motion between the supplie (1).mp4,0.25,0.8798282146453857,SETSUKA,Create one continuous five-second motion between the supplie (1).mp4,1.25,0.8777692317962646,0.25736603140830994,0.3142992854118347,0.32461246848106384,0.2855425477027893,0.9933033585548401,0.1880735456943512
713,178.28240966796875,SETSUKA,SETSUKA,Create one continuous five-second motion between the supplie (1).mp4,1.0,0.9938694834709167,SETSUKA,Create one continuous five-second motion between the supplie (1).mp4,1.25,0.9645267128944397,SETSUKA,Create one continuous five-second motion between the supplie (1).mp4,0.75,0.9211582541465759,SETSUKA,Create one continuous five-second motion between the supplie (1).mp4,0.5,0.8372632265090942,SETSUKA,Create one continuous five-second motion between the supplie (1).mp4,1.5,0.8023174405097961,0.22708536684513092,0.2847597301006317,0.35991930961608887,0.24846699833869934,0.9938694834709167,0.19529762864112854
714,178.53245544433594,SETSUKA,SETSUKA,Create one continuous five-second motion between the supplie (1).mp4,1.25,0.9742147326469421,SETSUKA,Create one continuous five-second motion between the supplie (1).mp4,1.0,0.9158183336257935,SETSUKA,Create one continuous five-second motion between the supplie (1).mp4,1.5,0.9000332355499268,SETSUKA,Create one continuous five-second motion between the supplie (1).mp4,0.75,0.8650335669517517,SETSUKA,Create one continuous five-second motion between the supplie (1).mp4,0.5,0.8153180480003357,0.23352019488811493,0.3077055811882019,0.34797513484954834,0.23628473281860352,0.9742147326469421,0.18361148238182068
715,178.78250122070312,SETSUKA,SETSUKA,Create one continuous five-second motion between the supplie (1).mp4,1.75,0.9847100377082825,SETSUKA,Create one continuous five-second motion between the supplie (1).mp4,2.0,0.9306344389915466,SETSUKA,Create one continuous five-second motion between the supplie (1).mp4,2.25,0.8964278101921082,SETSUKA,Create one continuous five-second motion between the supplie (1).mp4,2.5,0.8187503218650818,SETSUKA,Create one continuous five-second motion between the supplie (1).mp4,1.5,0.8180782198905945,0.2020685076713562,0.313280314207077,0.27669280767440796,0.32115310430526733,0.9847100377082825,0.18472933769226074
716,179.0325469970703,SETSUKA,SETSUKA,Create one continuous five-second motion between the supplie (1).mp4,2.0,0.9917421936988831,SETSUKA,Create one continuous five-second motion between the supplie (1).mp4,1.75,0.9574230909347534,SETSUKA,Create one continuous five-second motion between the supplie (1).mp4,2.25,0.9519829750061035,SETSUKA,Create one continuous five-second motion between the supplie (1).mp4,2.5,0.841546356678009,SETSUKA,Create one continuous five-second motion between the supplie (1).mp4,3.5,0.8328275680541992,0.17937731742858887,0.28112170100212097,0.28076857328414917,0.31829994916915894,0.9917421936988831,0.16543620824813843
717,179.2825927734375,SETSUKA,SETSUKA,Create one continuous five-second motion between the supplie (1).mp4,2.25,0.9734218120574951,SETSUKA,Create one continuous five-second motion between the supplie (1).mp4,2.5,0.9497687816619873,SETSUKA,Create one continuous five-second motion between the supplie (1).mp4,2.0,0.8967231512069702,SETSUKA,Create one continuous five-second motion between the supplie (1).mp4,2.75,0.8941601514816284,SETSUKA,Create one continuous five-second motion between the supplie (1).mp4,1.75,0.8826577663421631,0.16632677614688873,0.3048386871814728,0.27523162961006165,0.29331862926483154,0.9734218120574951,0.16155433654785156
718,179.5326385498047,SETSUKA,SETSUKA,Create one continuous five-second motion between the supplie (1).mp4,2.75,0.9928627014160156,SETSUKA,Create one continuous five-second motion between the supplie (1).mp4,2.5,0.9641129374504089,SETSUKA,Create one continuous five-second motion between the supplie (1).mp4,3.0,0.9517956972122192,SETSUKA,Create one continuous five-second motion between the supplie (1).mp4,3.25,0.9244750142097473,SETSUKA,Create one continuous five-second motion between the supplie (1).mp4,3.5,0.8697932958602905,0.19176705181598663,0.2651287019252777,0.250888466835022,0.26552605628967285,0.9928627014160156,0.151089608669281
719,179.78268432617188,SETSUKA,SETSUKA,Create one continuous five-second motion between the supplie (1).mp4,3.0,0.9939504861831665,SETSUKA,Create one continuous five-second motion between the supplie (1).mp4,3.25,0.9754387736320496,SETSUKA,Create one continuous five-second motion between the supplie (1).mp4,2.75,0.9570293426513672,SETSUKA,Create one continuous five-second motion between the supplie (1).mp4,2.5,0.9062144160270691,SETSUKA,Create one continuous five-second motion between the supplie (1).mp4,3.5,0.8734343647956848,0.20668064057826996,0.28919100761413574,0.2626491189002991,0.26339343190193176,0.9939504861831665,0.15629401803016663
720,180.03273010253906,SETSUKA,SETSUKA,Create one continuous five-second motion between the supplie (1).mp4,3.25,0.987083375453949,SETSUKA,Create one continuous five-second motion between the supplie (1).mp4,3.0,0.9495627284049988,SETSUKA,Create one continuous five-second motion between the supplie (1).mp4,3.5,0.937593936920166,SETSUKA,Create one continuous five-second motion between the supplie (1).mp4,2.75,0.9186202883720398,SETSUKA,Create one continuous five-second motion between the supplie (1).mp4,2.5,0.8873823881149292,0.20870108902454376,0.28639864921569824,0.25644633173942566,0.2551455795764923,0.987083375453949,0.1668507158756256
721,180.28277587890625,SETSUKA,SETSUKA,Create one continuous five-second motion between the supplie (1).mp4,3.75,0.9585852026939392,SETSUKA,Create one continuous five-second motion between the supplie (1).mp4,3.5,0.9024823307991028,SETSUKA,Create one continuous five-second motion between the supplie (1).mp4,2.5,0.8155487179756165,SETSUKA,Create one continuous five-second motion between the supplie (1).mp4,2.25,0.809501588344574,SETSUKA,Create one continuous five-second motion between the supplie (1).mp4,2.0,0.8057665824890137,0.1846015900373459,0.21224099397659302,0.29183176159858704,0.30070653557777405,0.9585852026939392,0.19026610255241394
722,180.53282165527344,SETSUKA,SETSUKA,Create one continuous five-second motion between the supplie (1).mp4,4.0,0.9951122403144836,SETSUKA,Create one continuous five-second motion between the supplie (1).mp4,4.25,0.8370121717453003,SETSUKA,Create one continuous five-second motion between the supplie (1).mp4,3.75,0.836359977722168,SETSUKA,Create one continuous five-second motion between the supplie (1).mp4,3.5,0.7852421998977661,SETSUKA,Create one continuous five-second motion between the supplie (1).mp4,3.25,0.7530649900436401,0.24318420886993408,0.2415696233510971,0.32130688428878784,0.2951134741306305,0.9951122403144836,0.20489263534545898
723,180.78286743164062,SETSUKA,SETSUKA,Create one continuous five-second motion between the supplie (1).mp4,4.25,0.9573060870170593,SETSUKA,Create one continuous five-second motion between the supplie (1).mp4,4.5,0.9249880909919739,SETSUKA,Create one continuous five-second motion between the supplie (1).mp4,4.75,0.8317452669143677,SETSUKA,Create a seamless transition from the supplied snowy forest.mp4,0.0,0.8138914108276367,SETSUKA,Create one continuous five-second motion between the supplie (1).mp4,5.0,0.8113107085227966,0.18095222115516663,0.2005952149629593,0.25328901410102844,0.32112857699394226,0.9573060870170593,0.19058041274547577
724,181.0329132080078,SETSUKA,SETSUKA,Create one continuous five-second motion between the supplie (1).mp4,4.75,0.986314058303833,SETSUKA,Create one continuous five-second motion between the supplie (1).mp4,4.5,0.9574689865112305,SETSUKA,Create one continuous five-second motion between the supplie (1).mp4,5.0,0.9484559893608093,SETSUKA,Create a seamless transition from the supplied snowy forest.mp4,0.0,0.9410898685455322,SETSUKA,Create a seamless transition from the supplied snowy forest.mp4,0.25,0.8862919211387634,0.2104756236076355,0.25485607981681824,0.23256024718284607,0.288129061460495,0.986314058303833,0.19118119776248932
725,181.282958984375,SETSUKA,SETSUKA,Create a seamless transition from the supplied snowy forest.mp4,0.0,0.975906491279602,SETSUKA,Create one continuous five-second motion between the supplie (1).mp4,5.0,0.9735707640647888,SETSUKA,Create a seamless transition from the supplied snowy forest.mp4,0.25,0.9709102511405945,SETSUKA,Create one continuous five-second motion between the supplie (1).mp4,4.75,0.9406651258468628,SETSUKA,Create one continuous five-second motion between the supplie (1).mp4,4.5,0.8957238793373108,0.23001715540885925,0.28765591979026794,0.22441303730010986,0.29169929027557373,0.975906491279602,0.1858263611793518
726,181.5330047607422,SETSUKA,SETSUKA,Create a seamless transition from the supplied snowy forest.mp4,0.5,0.9626392126083374,SETSUKA,Create a seamless transition from the supplied snowy forest.mp4,0.25,0.9417409896850586,SETSUKA,Create one continuous five-second motion between the supplie (1).mp4,5.0,0.8240711688995361,SETSUKA,Create a seamless transition from the supplied snowy forest.mp4,0.0,0.8224966526031494,SETSUKA,Create one continuous five-second motion between the supplie (1).mp4,4.5,0.8142889738082886,0.21056577563285828,0.22292262315750122,0.23054856061935425,0.2791721820831299,0.9626392126083374,0.16392606496810913
727,181.78305053710938,SETSUKA,SETSUKA,Create a seamless transition from the supplied snowy forest.mp4,0.75,0.9939359426498413,SETSUKA,Create a seamless transition from the supplied snowy forest.mp4,1.0,0.8112625479698181,SETSUKA,Create a seamless transition from the supplied snowy forest.mp4,0.5,0.7570154070854187,SETSUKA,Create a seamless transition from the supplied snowy forest.mp4,1.25,0.6327173709869385,SETSUKA,Create one continuous five-second motion between the supplie (1).mp4,4.25,0.5513639450073242,0.12263418734073639,0.24307583272457123,0.21082612872123718,0.28726309537887573,0.9939359426498413,0.19328910112380981
728,182.03309631347656,SETSUKA,SETSUKA,Create a seamless transition from the supplied snowy forest.mp4,1.0,0.9787110090255737,SETSUKA,Create a seamless transition from the supplied snowy forest.mp4,1.25,0.8610659241676331,SETSUKA,Create a seamless transition from the supplied snowy forest.mp4,0.75,0.7701142430305481,SETSUKA,Create a seamless transition from the supplied snowy forest.mp4,1.5,0.6778508424758911,SETSUKA,Create a seamless transition from the supplied snowy forest.mp4,0.5,0.556331992149353,0.10297240316867828,0.277875691652298,0.20558905601501465,0.27767685055732727,0.9787110090255737,0.17068277299404144
729,182.28314208984375,SETSUKA,SETSUKA,Create a seamless transition from the supplied snowy forest.mp4,1.5,0.9363688826560974,SETSUKA,Create a seamless transition from the supplied snowy forest.mp4,1.25,0.9275395274162292,SETSUKA,Create a seamless transition from the supplied snowy forest.mp4,1.0,0.7217722535133362,SETSUKA,Create a seamless transition from the supplied snowy forest.mp4,1.75,0.5873979926109314,SETSUKA,Create a seamless transition from the supplied snowy forest.mp4,0.75,0.5665646195411682,0.19944347441196442,0.27896928787231445,0.2796175479888916,0.24724474549293518,0.9363688826560974,0.24858726561069489
730,182.53318786621094,SETSUKA,SETSUKA,Create a seamless transition from the supplied snowy forest.mp4,1.75,0.8802738785743713,SETSUKA,Create a seamless transition from the supplied snowy forest.mp4,1.5,0.823378324508667,SETSUKA,Create a seamless transition from the supplied snowy forest.mp4,1.25,0.6410945653915405,SETSUKA,Create a seamless transition from the supplied snowy forest.mp4,1.0,0.4692378044128418,SETSUKA,Create one continuous five-second continuity bridge_ Treat t.mp4,3.5,0.43269121646881104,0.3121737241744995,0.36235830187797546,0.35087692737579346,0.3180716931819916,0.8802738785743713,0.29255005717277527
731,182.78323364257812,SETSUKA,SETSUKA,Create a seamless transition from the supplied snowy forest.mp4,2.0,0.952389121055603,SETSUKA,Create a seamless transition from the supplied snowy forest.mp4,1.75,0.5211338400840759,SETSUKA,Create one continuous cinematic 4-second transition using th.mp4,2.5,0.49166759848594666,SETSUKA,Create a seamless transition from the supplied snowy forest.mp4,2.25,0.4313792884349823,SETSUKA,Create one continuous cinematic 4-second transition using th.mp4,2.25,0.42664778232574463,0.2824784517288208,0.38105347752571106,0.3564465641975403,0.32896482944488525,0.952389121055603,0.31320297718048096
732,183.0332794189453,SETSUKA,SETSUKA,Create a seamless transition from the supplied snowy forest.mp4,2.25,0.7860121130943298,TSUKUYOMI,Create one continuous 4-second cinematic transition between.mp4,0.0,0.49310001730918884,SAKURI,One continuous four-second macro fabric repair shot connecti.mp4,4.0,0.45055773854255676,SAKURI,Single continuous 4-second closing take_ Begin exactly at th.mp4,3.0,0.4462360143661499,SETSUKA,Create a seamless transition from the supplied snowy forest.mp4,2.5,0.4386790990829468,0.3045772910118103,0.45055773854255676,0.49310001730918884,0.3719932734966278,0.7860121130943298,0.3341761529445648
733,183.2833251953125,SETSUKA,SETSUKA,Create a seamless transition from the supplied snowy forest.mp4,2.75,0.7424132823944092,SETSUKA,Create a seamless transition from the supplied snowy forest.mp4,2.5,0.7405662536621094,SETSUKA,Create a seamless transition from the supplied snowy palace.mp4,1.75,0.5433123111724854,SETSUKA,Create a seamless transition from the supplied snowy palace.mp4,1.5,0.5355799794197083,SETSUKA,Create a seamless transition from the supplied snowy palace.mp4,1.25,0.5029737949371338,0.2301701307296753,0.27140164375305176,0.24737221002578735,0.30271753668785095,0.7424132823944092,0.16572465002536774
734,183.5333709716797,SETSUKA,SETSUKA,Create a seamless transition from the supplied snowy forest.mp4,3.0,0.9221851825714111,SETSUKA,Create a seamless transition from the supplied snowy forest.mp4,2.75,0.8388810157775879,SETSUKA,Create a seamless transition from the supplied snowy forest.mp4,3.25,0.7464364767074585,SETSUKA,Create a seamless transition from the supplied snowy forest.mp4,3.5,0.5795425176620483,SETSUKA,Add elegant cinematic magic to the existing architectural tr.mp4,0.0,0.4911844730377197,0.12465021014213562,0.15499886870384216,0.23792780935764313,0.26535841822624207,0.9221851825714111,0.13642087578773499
735,183.78341674804688,SETSUKA,SETSUKA,Create a seamless transition from the supplied snowy forest.mp4,3.25,0.9782764911651611,SETSUKA,Create a seamless transition from the supplied snowy forest.mp4,3.5,0.8966593742370605,SETSUKA,Create a seamless transition from the supplied snowy forest.mp4,3.0,0.8135212063789368,SETSUKA,Create a seamless transition from the supplied snowy forest.mp4,3.75,0.8113184571266174,SETSUKA,Create a seamless transition from the supplied snowy forest.mp4,4.0,0.8079084157943726,0.13801509141921997,0.20066651701927185,0.36052635312080383,0.2653787136077881,0.9782764911651611,0.2204003930091858
736,184.03346252441406,SETSUKA,SETSUKA,Create a seamless transition from the supplied snowy forest.mp4,3.5,0.9737865924835205,SETSUKA,Create a seamless transition from the supplied snowy forest.mp4,3.75,0.9677874445915222,SETSUKA,Create a seamless transition from the supplied snowy forest.mp4,4.0,0.9651361107826233,SETSUKA,Create one continuous five-second palace-approach motion bet.mp4,0.0,0.9582922458648682,SETSUKA,Create one continuous five-second palace-approach motion bet.mp4,0.25,0.9554107189178467,0.04010070860385895,0.19640709459781647,0.32381144165992737,0.265948623418808,0.9737865924835205,0.21349602937698364
737,184.28350830078125,SETSUKA,SETSUKA,Create a seamless transition from the supplied snowy forest.mp4,3.75,0.9871300458908081,SETSUKA,Create a seamless transition from the supplied snowy forest.mp4,4.0,0.9869864583015442,SETSUKA,Create one continuous five-second palace-approach motion bet.mp4,0.5,0.9838833808898926,SETSUKA,Create one continuous five-second palace-approach motion bet.mp4,0.25,0.9829841256141663,SETSUKA,Create one continuous five-second palace-approach motion bet.mp4,0.0,0.9826535582542419,0.05737067013978958,0.2033699005842209,0.3440845310688019,0.2748470902442932,0.9871300458908081,0.24284601211547852
738,184.53355407714844,SETSUKA,SETSUKA,Create one continuous five-second palace-approach motion bet.mp4,0.25,0.9319005012512207,SETSUKA,Create one continuous five-second palace-approach motion bet.mp4,0.0,0.9314554929733276,SETSUKA,Create a seamless transition from the supplied snowy forest.mp4,4.0,0.9293160438537598,SETSUKA,Create a seamless transition from the supplied snowy forest.mp4,3.75,0.9288252592086792,SETSUKA,Create one continuous five-second palace-approach motion bet.mp4,0.5,0.9282975196838379,0.04405033588409424,0.20671218633651733,0.3360380232334137,0.254730224609375,0.9319005012512207,0.19727951288223267
739,184.78359985351562,SETSUKA,SETSUKA,Add elegant cinematic magic to the existing architectural tr.mp4,0.75,0.995136559009552,SETSUKA,Add elegant cinematic magic to the existing architectural tr.mp4,0.5,0.9923565983772278,SETSUKA,Add elegant cinematic magic to the existing architectural tr.mp4,0.25,0.9922357797622681,SETSUKA,Add elegant cinematic magic to the existing architectural tr.mp4,1.0,0.9891367554664612,SETSUKA,Add elegant cinematic magic to the existing architectural tr.mp4,0.0,0.9518203735351562,0.09123530983924866,0.2130480706691742,0.3241564929485321,0.23188017308712006,0.995136559009552,0.16969124972820282
740,185.0336456298828,SETSUKA,SETSUKA,Add elegant cinematic magic to the existing architectural tr.mp4,1.0,0.9955729842185974,SETSUKA,Add elegant cinematic magic to the existing architectural tr.mp4,0.25,0.9908972978591919,SETSUKA,Add elegant cinematic magic to the existing architectural tr.mp4,0.75,0.9897865056991577,SETSUKA,Add elegant cinematic magic to the existing architectural tr.mp4,0.5,0.9869147539138794,SETSUKA,Add elegant cinematic magic to the existing architectural tr.mp4,0.0,0.9470356106758118,0.09837369620800018,0.2091010957956314,0.3336505889892578,0.2380935400724411,0.9955729842185974,0.17212727665901184
741,185.28369140625,SETSUKA,SETSUKA,Add elegant cinematic magic to the existing architectural tr.mp4,1.25,0.9935485124588013,SETSUKA,Add elegant cinematic magic to the existing architectural tr.mp4,0.5,0.9137961864471436,SETSUKA,Add elegant cinematic magic to the existing architectural tr.mp4,0.75,0.9086772203445435,SETSUKA,Add elegant cinematic magic to the existing architectural tr.mp4,0.25,0.9053516983985901,SETSUKA,Add elegant cinematic magic to the existing architectural tr.mp4,1.0,0.9032658934593201,0.1157127246260643,0.20660293102264404,0.26628023386001587,0.19478148221969604,0.9935485124588013,0.14391526579856873
742,185.5337371826172,SETSUKA,SETSUKA,Add elegant cinematic magic to the existing architectural tr.mp4,1.5,0.993114173412323,SETSUKA,Add elegant cinematic magic to the existing architectural tr.mp4,1.75,0.8890395760536194,SETSUKA,Create one continuous five-second palace-approach motion bet.mp4,1.5,0.8888375759124756,SETSUKA,Create one continuous five-second palace-approach motion bet.mp4,1.75,0.8568954467773438,SETSUKA,Add elegant cinematic magic to the existing architectural tr.mp4,1.25,0.8158934116363525,0.17882676422595978,0.21637509763240814,0.26572635769844055,0.17123326659202576,0.993114173412323,0.13881780207157135
743,185.78378295898438,SETSUKA,SETSUKA,Add elegant cinematic magic to the existing architectural tr.mp4,1.75,0.993628740310669,SETSUKA,Create one continuous five-second palace-approach motion bet.mp4,1.75,0.9202191829681396,SETSUKA,Create one continuous five-second palace-approach motion bet.mp4,2.0,0.9124188423156738,SETSUKA,Add elegant cinematic magic to the existing architectural tr.mp4,2.0,0.861968994140625,SETSUKA,Create one continuous five-second palace-approach motion bet.mp4,2.25,0.8489043712615967,0.16650603711605072,0.2490565925836563,0.2834487855434418,0.1571800857782364,0.993628740310669,0.15800130367279053
744,186.03382873535156,SETSUKA,SETSUKA,Add elegant cinematic magic to the existing architectural tr.mp4,2.0,0.9959720373153687,SETSUKA,Add elegant cinematic magic to the existing architectural tr.mp4,2.25,0.9720346927642822,SETSUKA,Add elegant cinematic magic to the existing architectural tr.mp4,2.5,0.9134361147880554,SETSUKA,Create one continuous five-second palace-approach motion bet.mp4,2.25,0.8689109086990356,SETSUKA,Create one continuous five-second palace-approach motion bet.mp4,2.5,0.8514804840087891,0.19324994087219238,0.2755165696144104,0.28805410861968994,0.16056212782859802,0.9959720373153687,0.12652912735939026
745,186.28387451171875,SETSUKA,SETSUKA,Add elegant cinematic magic to the existing architectural tr.mp4,2.25,0.9920745491981506,SETSUKA,Add elegant cinematic magic to the existing architectural tr.mp4,2.5,0.971578061580658,SETSUKA,Add elegant cinematic magic to the existing architectural tr.mp4,2.0,0.956124484539032,SETSUKA,Add elegant cinematic magic to the existing architectural tr.mp4,2.75,0.9053244590759277,SETSUKA,Add elegant cinematic magic to the existing architectural tr.mp4,3.0,0.8662857413291931,0.20639020204544067,0.3017684519290924,0.270297646522522,0.1921989619731903,0.9920745491981506,0.13844400644302368
746,186.53392028808594,SETSUKA,SETSUKA,Create one continuous five-second palace-approach motion bet.mp4,2.75,0.9732892513275146,SETSUKA,Create one continuous five-second palace-approach motion bet.mp4,2.5,0.9530441761016846,SETSUKA,Create one continuous five-second palace-approach motion bet.mp4,3.0,0.9501031041145325,SETSUKA,Create one continuous five-second palace-approach motion bet.mp4,3.25,0.9176458716392517,SETSUKA,Create one continuous five-second palace-approach motion bet.mp4,2.25,0.9174879789352417,0.17544689774513245,0.25619712471961975,0.24236181378364563,0.207060307264328,0.9732892513275146,0.14527933299541473
747,186.78396606445312,SETSUKA,SETSUKA,Create one continuous five-second palace-approach motion bet.mp4,3.25,0.9903619289398193,SETSUKA,Create one continuous five-second palace-approach motion bet.mp4,3.0,0.9896582961082458,SETSUKA,Create one continuous five-second palace-approach motion bet.mp4,3.5,0.9781885147094727,SETSUKA,Create one continuous five-second palace-approach motion bet.mp4,3.75,0.9538198709487915,SETSUKA,Create one continuous five-second palace-approach motion bet.mp4,2.75,0.9490185379981995,0.15844905376434326,0.22080963850021362,0.22501438856124878,0.19287191331386566,0.9903619289398193,0.17751121520996094
748,187.0340118408203,SETSUKA,SETSUKA,Create one continuous five-second palace-approach motion bet.mp4,3.5,0.991660475730896,SETSUKA,Create one continuous five-second palace-approach motion bet.mp4,3.25,0.9890356659889221,SETSUKA,Create one continuous five-second palace-approach motion bet.mp4,3.75,0.9718881249427795,SETSUKA,Create one continuous five-second palace-approach motion bet.mp4,3.0,0.9690274596214294,SETSUKA,Create one continuous five-second palace-approach motion bet.mp4,4.0,0.9407719969749451,0.1552615463733673,0.20976054668426514,0.2207643687725067,0.18158917129039764,0.991660475730896,0.1864839494228363
749,187.2840576171875,SETSUKA,SETSUKA,Create one continuous five-second palace-approach motion bet.mp4,3.75,0.9934762716293335,SETSUKA,Create one continuous five-second palace-approach motion bet.mp4,3.5,0.9779183864593506,SETSUKA,Create one continuous five-second palace-approach motion bet.mp4,4.0,0.9745982885360718,SETSUKA,Create one continuous five-second palace-approach motion bet.mp4,3.25,0.963433027267456,SETSUKA,Create one continuous five-second palace-approach motion bet.mp4,4.25,0.951877236366272,0.1357637643814087,0.20105311274528503,0.23379869759082794,0.17917084693908691,0.9934762716293335,0.19859138131141663
750,187.5341033935547,SETSUKA,SETSUKA,Create one continuous five-second palace-approach motion bet.mp4,4.0,0.9929370880126953,SETSUKA,Create one continuous five-second palace-approach motion bet.mp4,4.25,0.9779503345489502,SETSUKA,Create one continuous five-second palace-approach motion bet.mp4,3.75,0.9772130250930786,SETSUKA,Create one continuous five-second palace-approach motion bet.mp4,4.5,0.9605765342712402,SETSUKA,Create one continuous five-second palace-approach motion bet.mp4,3.5,0.9525339007377625,0.14772333204746246,0.21339558064937592,0.24276942014694214,0.19341795146465302,0.9929370880126953,0.217600479722023
751,187.78414916992188,SETSUKA,SETSUKA,Create one continuous five-second palace-approach motion bet.mp4,4.25,0.9923340678215027,SETSUKA,Create one continuous five-second palace-approach motion bet.mp4,4.5,0.9808114171028137,SETSUKA,Create one continuous five-second palace-approach motion bet.mp4,4.0,0.977774977684021,SETSUKA,Create one continuous five-second palace-approach motion bet.mp4,4.75,0.962330162525177,SETSUKA,Create one continuous five-second palace-approach motion bet.mp4,3.75,0.9546843767166138,0.15287476778030396,0.21454475820064545,0.24934840202331543,0.20025204122066498,0.9923340678215027,0.223836749792099
752,188.03419494628906,SETSUKA,SETSUKA,Create one continuous five-second palace-approach motion bet.mp4,4.5,0.9932606220245361,SETSUKA,Create one continuous five-second palace-approach motion bet.mp4,4.75,0.9841048717498779,SETSUKA,Create one continuous five-second palace-approach motion bet.mp4,4.25,0.9811023473739624,SETSUKA,Create one continuous five-second palace-approach motion bet.mp4,5.0,0.9678851366043091,SETSUKA,Create one continuous five-second palace-approach motion bet.mp4,4.0,0.9598344564437866,0.1501915156841278,0.20462006330490112,0.24877551198005676,0.20146401226520538,0.9932606220245361,0.22911137342453003
753,188.28424072265625,SETSUKA,SETSUKA,Create one continuous five-second palace-approach motion bet.mp4,4.75,0.9942429661750793,SETSUKA,Create one continuous five-second palace-approach motion bet.mp4,5.0,0.9876382350921631,SETSUKA,Create one continuous five-second palace-approach motion bet.mp4,4.5,0.9823139905929565,SETSUKA,Create a seamless transition from the supplied snowy palace.mp4,0.0,0.9719228744506836,SETSUKA,Create one continuous five-second palace-approach motion bet.mp4,4.25,0.9613461494445801,0.14371880888938904,0.2040083110332489,0.2710038423538208,0.20936918258666992,0.9942429661750793,0.250201940536499
754,188.53428649902344,SETSUKA,SETSUKA,Create a seamless transition from the supplied snowy palace.mp4,0.25,0.9786642789840698,SETSUKA,Create a seamless transition from the supplied snowy palace.mp4,0.0,0.9779808521270752,SETSUKA,Create one continuous five-second palace-approach motion bet.mp4,5.0,0.9685395359992981,SETSUKA,Create one continuous five-second palace-approach motion bet.mp4,4.75,0.9545743465423584,SETSUKA,Create one continuous five-second palace-approach motion bet.mp4,4.5,0.9211119413375854,0.17001518607139587,0.2041500061750412,0.2858486771583557,0.21065223217010498,0.9786642789840698,0.29267823696136475
755,188.78431701660156,SETSUKA,SETSUKA,Create a seamless transition from the supplied snowy palace.mp4,0.5,0.9770463705062866,SETSUKA,Create a seamless transition from the supplied snowy palace.mp4,0.25,0.9549626111984253,SETSUKA,Create a seamless transition from the supplied snowy palace.mp4,0.75,0.9050041437149048,SETSUKA,Create a seamless transition from the supplied snowy palace.mp4,0.0,0.871357798576355,SETSUKA,Create one continuous five-second palace-approach motion bet.mp4,5.0,0.8570398092269897,0.23881123960018158,0.17459887266159058,0.2704070210456848,0.17928513884544373,0.9770463705062866,0.3213375210762024
756,189.03436279296875,SETSUKA,SETSUKA,Create a seamless transition from the supplied snowy palace.mp4,0.75,0.9749343395233154,SETSUKA,Create a seamless transition from the supplied snowy palace.mp4,0.5,0.92783522605896,SETSUKA,Create a seamless transition from the supplied snowy palace.mp4,1.0,0.9038832783699036,SETSUKA,Create a seamless transition from the supplied snowy palace.mp4,0.25,0.7729127407073975,SETSUKA,Create a seamless transition from the supplied snowy palace.mp4,1.25,0.7178178429603577,0.2414175122976303,0.23203054070472717,0.3556431233882904,0.23595450818538666,0.9749343395233154,0.30066823959350586
757,189.28440856933594,SETSUKA,SETSUKA,Create a seamless transition from the supplied snowy palace.mp4,1.0,0.9687913060188293,SETSUKA,Create a seamless transition from the supplied snowy palace.mp4,1.25,0.9363915324211121,SETSUKA,Create a seamless transition from the supplied snowy palace.mp4,0.75,0.8370772004127502,SETSUKA,Create a seamless transition from the supplied snowy palace.mp4,1.5,0.7586085200309753,SETSUKA,Create a seamless transition from the supplied snowy palace.mp4,0.5,0.6881681680679321,0.21844954788684845,0.27772587537765503,0.28164106607437134,0.28050604462623596,0.9687913060188293,0.24809254705905914
758,189.53445434570312,SETSUKA,SETSUKA,Create a seamless transition from the supplied snowy palace.mp4,1.5,0.9615399241447449,SETSUKA,Create a seamless transition from the supplied snowy palace.mp4,1.25,0.945659875869751,SETSUKA,Create a seamless transition from the supplied snowy palace.mp4,1.75,0.8967897891998291,SETSUKA,Create a seamless transition from the supplied snowy palace.mp4,1.0,0.787891149520874,SETSUKA,Create a seamless transition from the supplied snowy palace.mp4,0.75,0.5514307618141174,0.17342063784599304,0.30126532912254333,0.25468575954437256,0.2766460180282593,0.9615399241447449,0.16464103758335114
759,189.7845001220703,SETSUKA,SETSUKA,Create a seamless transition from the supplied snowy palace.mp4,1.75,0.9815201759338379,SETSUKA,Create a seamless transition from the supplied snowy palace.mp4,1.5,0.9532793760299683,SETSUKA,Create a seamless transition from the supplied snowy palace.mp4,1.25,0.8018267154693604,SETSUKA,Create a seamless transition from the supplied snowy palace.mp4,1.0,0.5920589566230774,SETSUKA,Create a seamless transition from the supplied snowy forest.mp4,2.5,0.4889717698097229,0.15299412608146667,0.29669857025146484,0.23146910965442657,0.23233716189861298,0.9815201759338379,0.17672410607337952
760,190.0345458984375,SETSUKA,SETSUKA,Create a seamless transition from the supplied snowy palace.mp4,2.0,0.6789000630378723,SETSUKA,Create a seamless transition from the supplied snowy palace.mp4,2.25,0.5261611938476562,SETSUKA,Create a seamless transition from the supplied snowy palace.mp4,2.5,0.42844584584236145,SETSUKA,Create a seamless transition from the supplied snowy palace.mp4,1.25,0.37034451961517334,SETSUKA,Create a seamless transition from the supplied snowy palace.mp4,1.0,0.35259324312210083,0.17026793956756592,0.29239776730537415,0.255991131067276,0.14264196157455444,0.6789000630378723,0.22064891457557678
761,190.2845916748047,SETSUKA,SETSUKA,Create a seamless transition from the supplied snowy palace.mp4,2.25,0.9702202081680298,SETSUKA,Create a seamless transition from the supplied snowy palace.mp4,2.5,0.9520747661590576,SETSUKA,Create a seamless transition from the supplied snowy palace.mp4,2.75,0.7891720533370972,SETSUKA,Create a seamless transition from the supplied snowy palace.mp4,3.0,0.6392207145690918,MAGIC,Single continuous five-second final architectural ending sho.mp4,3.0,0.6190547943115234,0.32488396763801575,0.3288654685020447,0.46352630853652954,0.2485855221748352,0.9702202081680298,0.6190547943115234
762,190.53463745117188,SETSUKA,SETSUKA,Create a seamless transition from the supplied snowy palace.mp4,2.5,0.9401077032089233,SETSUKA,Create a seamless transition from the supplied snowy palace.mp4,2.75,0.9226910471916199,SETSUKA,Create a seamless transition from the supplied snowy palace.mp4,3.0,0.8154181241989136,SETSUKA,Create a seamless transition from the supplied snowy palace.mp4,2.25,0.814261794090271,SETSUKA,Create a seamless transition from the supplied snowy palace.mp4,3.25,0.7900151610374451,0.31624674797058105,0.2875470221042633,0.581071674823761,0.2924109697341919,0.9401077032089233,0.7756653428077698
763,190.78468322753906,SETSUKA,SETSUKA,Create a seamless transition from the supplied snowy palace.mp4,3.0,0.9184292554855347,SETSUKA,Create a seamless transition from the supplied snowy palace.mp4,3.25,0.909615695476532,SETSUKA,Create a seamless transition from the supplied snowy palace.mp4,3.75,0.9042294025421143,SETSUKA,Create a seamless transition from the supplied snowy palace.mp4,3.5,0.9036331176757812,SETSUKA,Create a seamless transition from the supplied snowy palace.mp4,4.0,0.9024590253829956,0.38283729553222656,0.24556806683540344,0.5810298323631287,0.3361786901950836,0.9184292554855347,0.9012722969055176
764,191.03472900390625,MAGIC,MAGIC,One continuous five-second opening shot_ The camera is compl.mp4,0.0,0.9564255475997925,MAGIC,One continuous five-second opening shot_ The camera is compl.mp4,0.5,0.9560235142707825,MAGIC,One continuous five-second opening shot_ The camera is compl.mp4,0.25,0.9557753205299377,MAGIC,One continuous five-second opening shot_ The camera is compl.mp4,0.75,0.9556627869606018,MAGIC,Single continuous five-second final architectural ending sho.mp4,0.0,0.954486608505249,0.41402363777160645,0.26598966121673584,0.592827558517456,0.3651256859302521,0.9529426693916321,0.9564255475997925
765,191.28477478027344,MAGIC,MAGIC,One continuous five-second opening shot_ The camera is compl.mp4,0.0,0.9571514129638672,MAGIC,One continuous five-second opening shot_ The camera is compl.mp4,0.25,0.9562067985534668,MAGIC,One continuous five-second opening shot_ The camera is compl.mp4,0.5,0.9560642242431641,MAGIC,One continuous five-second opening shot_ The camera is compl.mp4,0.75,0.9553698301315308,MAGIC,Single continuous five-second final architectural ending sho.mp4,0.0,0.9538005590438843,0.40632355213165283,0.2632293105125427,0.5924168825149536,0.35574084520339966,0.9522117376327515,0.9571514129638672
766,191.53482055664062,MAGIC,MAGIC,One continuous five-second opening shot_ The camera is compl.mp4,1.25,0.9717574715614319,MAGIC,One continuous five-second opening shot_ The camera is compl.mp4,1.0,0.9665235877037048,MAGIC,One continuous five-second opening shot_ The camera is compl.mp4,0.75,0.9652429223060608,MAGIC,One continuous five-second opening shot_ The camera is compl.mp4,0.0,0.9648880958557129,MAGIC,One continuous five-second opening shot_ The camera is compl.mp4,0.5,0.9648398160934448,0.4128274917602539,0.2880837917327881,0.5754066109657288,0.3506477475166321,0.9560815095901489,0.9717574715614319
767,191.7848663330078,MAGIC,MAGIC,One continuous five-second opening shot_ The camera is compl.mp4,1.5,0.9758934378623962,MAGIC,One continuous five-second opening shot_ The camera is compl.mp4,1.0,0.9727835059165955,MAGIC,One continuous five-second opening shot_ The camera is compl.mp4,0.75,0.9724351167678833,MAGIC,One continuous five-second opening shot_ The camera is compl.mp4,1.25,0.9715132117271423,MAGIC,One continuous five-second opening shot_ The camera is compl.mp4,1.75,0.9706137776374817,0.40839070081710815,0.29630333185195923,0.5942673087120056,0.36089006066322327,0.9618587493896484,0.9758934378623962
768,192.034912109375,MAGIC,MAGIC,One continuous five-second opening shot_ The camera is compl.mp4,1.75,0.9850597381591797,MAGIC,One continuous five-second opening shot_ The camera is compl.mp4,2.0,0.9805502891540527,MAGIC,One continuous five-second opening shot_ The camera is compl.mp4,1.5,0.9804874658584595,MAGIC,One continuous five-second opening shot_ The camera is compl.mp4,1.0,0.9737763404846191,MAGIC,One continuous five-second opening shot_ The camera is compl.mp4,0.75,0.9729207158088684,0.4064399302005768,0.31055158376693726,0.5882239937782288,0.3758213520050049,0.962138295173645,0.9850597381591797
769,192.2849578857422,MAGIC,MAGIC,One continuous five-second opening shot_ The camera is compl.mp4,2.0,0.9828028082847595,MAGIC,One continuous five-second opening shot_ The camera is compl.mp4,1.75,0.9787217378616333,MAGIC,One continuous five-second opening shot_ The camera is compl.mp4,2.25,0.977090060710907,MAGIC,One continuous five-second opening shot_ The camera is compl.mp4,1.5,0.9702948331832886,MAGIC,One continuous five-second opening shot_ The camera is compl.mp4,1.0,0.9585375785827637,0.3995852768421173,0.31381937861442566,0.5811254978179932,0.37765079736709595,0.9509786367416382,0.9828028082847595
770,192.53500366210938,MAGIC,MAGIC,One continuous five-second opening shot_ The camera is compl.mp4,2.25,0.9771338701248169,MAGIC,One continuous five-second opening shot_ The camera is compl.mp4,2.0,0.9707915186882019,MAGIC,One continuous five-second opening shot_ The camera is compl.mp4,2.5,0.966874361038208,MAGIC,One continuous five-second opening shot_ The camera is compl.mp4,1.75,0.9574276804924011,MAGIC,One continuous five-second opening shot_ The camera is compl.mp4,2.75,0.9510397911071777,0.385993093252182,0.3148440420627594,0.5710052251815796,0.3679889738559723,0.9235275983810425,0.9771338701248169
771,192.78504943847656,MAGIC,MAGIC,One continuous five-second opening shot_ The camera is compl.mp4,2.5,0.9688901901245117,MAGIC,One continuous five-second opening shot_ The camera is compl.mp4,2.75,0.9642018675804138,MAGIC,One continuous five-second opening shot_ The camera is compl.mp4,2.25,0.9573904871940613,MAGIC,One continuous five-second opening shot_ The camera is compl.mp4,3.0,0.9501137733459473,MAGIC,One continuous five-second opening shot_ The camera is compl.mp4,2.0,0.9389550685882568,0.3864192068576813,0.31841760873794556,0.5283077955245972,0.36810895800590515,0.8784327507019043,0.9688901901245117
772,193.03509521484375,MAGIC,MAGIC,One continuous five-second opening shot_ The camera is compl.mp4,3.0,0.9534052014350891,MAGIC,One continuous five-second opening shot_ The camera is compl.mp4,2.75,0.9532027840614319,MAGIC,One continuous five-second opening shot_ The camera is compl.mp4,2.5,0.9409115314483643,MAGIC,One continuous five-second opening shot_ The camera is compl.mp4,3.25,0.9384430050849915,MAGIC,One continuous five-second opening shot_ The camera is compl.mp4,2.25,0.9139692783355713,0.4041381776332855,0.3154529631137848,0.521924614906311,0.36385443806648254,0.8165258169174194,0.9534052014350891
773,193.28514099121094,MAGIC,MAGIC,One continuous five-second opening shot_ The camera is compl.mp4,3.0,0.9300089478492737,MAGIC,One continuous five-second opening shot_ The camera is compl.mp4,3.25,0.92819744348526,MAGIC,One continuous five-second opening shot_ The camera is compl.mp4,2.75,0.9197050333023071,MAGIC,One continuous five-second opening shot_ The camera is compl.mp4,3.5,0.9056318998336792,MAGIC,One continuous five-second opening shot_ The camera is compl.mp4,2.5,0.8952724933624268,0.41452282667160034,0.316389262676239,0.5123159885406494,0.3502580225467682,0.7526671886444092,0.9300089478492737
774,193.53518676757812,MAGIC,MAGIC,One continuous five-second opening shot_ The camera is compl.mp4,3.25,0.8237835764884949,MAGIC,One continuous five-second opening shot_ The camera is compl.mp4,3.5,0.8088311553001404,MAGIC,One continuous five-second opening shot_ The camera is compl.mp4,3.0,0.8075040578842163,MAGIC,One continuous five-second opening shot_ The camera is compl.mp4,3.75,0.7894057035446167,MAGIC,One continuous five-second opening shot_ The camera is compl.mp4,2.75,0.7850348949432373,0.4365296959877014,0.31911712884902954,0.4320819079875946,0.3048297166824341,0.6119922399520874,0.8237835764884949
775,193.7852325439453,MAGIC,MAGIC,One continuous five-second opening shot_ The camera is compl.mp4,3.5,0.5709130764007568,MAGIC,One continuous five-second opening shot_ The camera is compl.mp4,3.25,0.5670679211616516,MAGIC,One continuous five-second opening shot_ The camera is compl.mp4,3.75,0.5643702745437622,MAGIC,One continuous five-second opening shot_ The camera is compl.mp4,4.0,0.5553467869758606,MAGIC,One continuous five-second opening shot_ The camera is compl.mp4,4.25,0.547121524810791,0.3910083770751953,0.34923142194747925,0.3351288437843323,0.35740503668785095,0.4000551104545593,0.5709130764007568
776,194.0352783203125,MAGIC,MOMIJI,E _ one continuous four-second closing take from the exact s.mp4,2.5,0.4902999699115753,TSUKUYOMI,Create one continuous 4-second cinematic transition using th (1).mp4,3.0,0.43155041337013245,SETSUKA,Create a seamless transition from the supplied snowy forest.mp4,2.25,0.4104166626930237,YOSHINO,A single continuous cinematic transition connecting the exac.mp4,2.5,0.3996667265892029,MOMIJI,E _ one continuous four-second closing take from the exact s.mp4,1.5,0.39964914321899414,0.3996667265892029,0.39900216460227966,0.43155041337013245,0.4902999699115753,0.4104166626930237,0.37410035729408264
777,194.2853240966797,MAGIC,SETSUKA,Create a seamless transition from the supplied snowy forest.mp4,2.25,0.45199471712112427,SAKURI,Bridge 2A_ Create one continuous four-second practical in-ca.mp4,3.25,0.44201046228408813,SAKURI,Create one continuous four-second in-camera transition betwe.mp4,2.75,0.43072596192359924,SAKURI,One continuous four-second macro fabric repair shot connecti.mp4,4.0,0.38455894589424133,TSUKUYOMI,Create one continuous 4-second cinematic transition between.mp4,0.25,0.3812798857688904,0.34647244215011597,0.44201046228408813,0.3812798857688904,0.3618648052215576,0.45199471712112427,0.32033586502075195
778,194.53536987304688,MAGIC,SETSUKA,Create one continuous cinematic 4-second transition using th.mp4,1.0,0.20826800167560577,SETSUKA,Create a seamless transition from the supplied snowy palace.mp4,1.0,0.20322394371032715,MOMIJI,"Repair only the smoking gesture. At the anchor frame, move t.mp4",4.75,0.19939321279525757,MOMIJI,E _ one continuous four-second closing take from the exact s.mp4,3.0,0.1976844072341919,MAGIC,Create one continuous 4-second cinematic ending transition s.mp4,3.75,0.19439667463302612,0.13949936628341675,0.18586811423301697,0.19389210641384125,0.19939321279525757,0.20826800167560577,0.19439667463302612
779,194.78541564941406,MAGIC,MAGIC,Create one continuous five-second replacement bridge ONLY fo.mp4,1.0,0.542060375213623,MAGIC,Create one continuous five-second replacement bridge ONLY fo.mp4,0.75,0.5367653369903564,MAGIC,Create one continuous five-second replacement bridge ONLY fo.mp4,0.5,0.5020459294319153,MAGIC,Create one continuous five-second replacement bridge ONLY fo.mp4,1.25,0.4898684620857239,SAKURI,SAKURI_NO_NAMEPLATE_SAFE_MASTER_1080P48.mp4,25.25,0.4544491767883301,0.4042360484600067,0.4544491767883301,0.33292049169540405,0.35919857025146484,0.30670419335365295,0.542060375213623
780,195.03546142578125,MAGIC,MAGIC,Create one continuous five-second replacement bridge ONLY fo.mp4,1.25,0.8667439818382263,MAGIC,Create one continuous five-second replacement bridge ONLY fo.mp4,1.0,0.832827091217041,MAGIC,Create one continuous five-second replacement bridge ONLY fo.mp4,1.5,0.7832996845245361,MAGIC,Create one continuous five-second replacement bridge ONLY fo.mp4,0.75,0.7157395482063293,MAGIC,Create one continuous five-second replacement bridge ONLY fo.mp4,1.75,0.6498240232467651,0.28101831674575806,0.3028523325920105,0.24153771996498108,0.3632819950580597,0.3432660400867462,0.8667439818382263
781,195.28550720214844,MAGIC,MAGIC,Create one continuous five-second replacement bridge ONLY fo.mp4,1.5,0.9820699691772461,MAGIC,Create one continuous five-second replacement bridge ONLY fo.mp4,1.25,0.9514874219894409,MAGIC,Create one continuous five-second replacement bridge ONLY fo.mp4,1.75,0.891467809677124,MAGIC,Create one continuous five-second replacement bridge ONLY fo.mp4,1.0,0.8273419141769409,MAGIC,Create one continuous five-second replacement bridge ONLY fo.mp4,2.0,0.7826257944107056,0.2380317747592926,0.23122918605804443,0.21875396370887756,0.30527982115745544,0.3308757245540619,0.9820699691772461
782,195.53555297851562,MAGIC,MAGIC,Create one continuous five-second replacement bridge ONLY fo.mp4,1.75,0.9869934916496277,MAGIC,Create one continuous five-second replacement bridge ONLY fo.mp4,1.5,0.947479248046875,MAGIC,Create one continuous five-second replacement bridge ONLY fo.mp4,2.0,0.9283310770988464,MAGIC,Create one continuous five-second replacement bridge ONLY fo.mp4,1.25,0.8119430541992188,MAGIC,Create one continuous five-second replacement bridge ONLY fo.mp4,2.25,0.8111486434936523,0.2303120493888855,0.21030817925930023,0.2193354070186615,0.3169766962528229,0.3263910412788391,0.9869934916496277
783,195.7855987548828,MAGIC,MAGIC,Create one continuous five-second replacement bridge ONLY fo.mp4,2.0,0.9879608154296875,MAGIC,Create one continuous five-second replacement bridge ONLY fo.mp4,1.75,0.9685816764831543,MAGIC,Create one continuous five-second replacement bridge ONLY fo.mp4,2.25,0.9232333898544312,MAGIC,Create one continuous five-second replacement bridge ONLY fo.mp4,1.5,0.86173415184021,MAGIC,Create one continuous five-second replacement bridge ONLY fo.mp4,2.5,0.8073645830154419,0.2179180234670639,0.20142167806625366,0.21741122007369995,0.299990713596344,0.3152286112308502,0.9879608154296875
784,196.03564453125,MAGIC,MAGIC,Create one continuous five-second replacement bridge ONLY fo.mp4,2.25,0.9876981377601624,MAGIC,Create one continuous five-second replacement bridge ONLY fo.mp4,2.0,0.9674696326255798,MAGIC,Create one continuous five-second replacement bridge ONLY fo.mp4,2.5,0.9239002466201782,MAGIC,Create one continuous five-second replacement bridge ONLY fo.mp4,1.75,0.8774789571762085,MAGIC,Create one continuous five-second replacement bridge ONLY fo.mp4,2.75,0.7995628714561462,0.22758853435516357,0.18930098414421082,0.21403315663337708,0.2939779758453369,0.30788302421569824,0.9876981377601624
785,196.2856903076172,MAGIC,MAGIC,Create one continuous five-second replacement bridge ONLY fo.mp4,2.5,0.9889090061187744,MAGIC,Create one continuous five-second replacement bridge ONLY fo.mp4,2.25,0.9672095775604248,MAGIC,Create one continuous five-second replacement bridge ONLY fo.mp4,2.75,0.9161033630371094,MAGIC,Create one continuous five-second replacement bridge ONLY fo.mp4,2.0,0.8749638795852661,MAGIC,Create one continuous five-second replacement bridge ONLY fo.mp4,3.0,0.7837743163108826,0.2363612800836563,0.16648633778095245,0.2160348892211914,0.2828661799430847,0.3082396686077118,0.9889090061187744
786,196.53573608398438,MAGIC,MAGIC,Create one continuous five-second replacement bridge ONLY fo.mp4,2.75,0.9849327802658081,MAGIC,Create one continuous five-second replacement bridge ONLY fo.mp4,2.5,0.9656515121459961,MAGIC,Create one continuous five-second replacement bridge ONLY fo.mp4,3.0,0.907255232334137,MAGIC,Create one continuous five-second replacement bridge ONLY fo.mp4,2.25,0.8727279305458069,MAGIC,Create one continuous five-second replacement bridge ONLY fo.mp4,3.25,0.7684394717216492,0.2511117458343506,0.1347203254699707,0.21875499188899994,0.2923619747161865,0.30010920763015747,0.9849327802658081
787,196.78578186035156,MAGIC,MAGIC,Create one continuous five-second replacement bridge ONLY fo.mp4,3.0,0.9862152338027954,MAGIC,Create one continuous five-second replacement bridge ONLY fo.mp4,2.75,0.9623512625694275,MAGIC,Create one continuous five-second replacement bridge ONLY fo.mp4,3.25,0.9089806079864502,MAGIC,Create one continuous five-second replacement bridge ONLY fo.mp4,2.5,0.8564691543579102,MAGIC,Create one continuous five-second replacement bridge ONLY fo.mp4,2.25,0.7325106263160706,0.27444061636924744,0.14687302708625793,0.226719468832016,0.32381975650787354,0.2965143918991089,0.9862152338027954
788,197.03582763671875,MAGIC,MAGIC,Create one continuous five-second replacement bridge ONLY fo.mp4,3.25,0.9859710931777954,MAGIC,Create one continuous five-second replacement bridge ONLY fo.mp4,3.0,0.961624026298523,MAGIC,Create one continuous five-second replacement bridge ONLY fo.mp4,2.75,0.840768575668335,MAGIC,Create one continuous five-second replacement bridge ONLY fo.mp4,3.5,0.828818142414093,MAGIC,Create one continuous five-second replacement bridge ONLY fo.mp4,3.75,0.7111928462982178,0.2931861877441406,0.14393047988414764,0.27386635541915894,0.34842270612716675,0.2577277421951294,0.9859710931777954
789,197.28587341308594,MAGIC,MAGIC,Create one continuous five-second replacement bridge ONLY fo.mp4,3.5,0.9835751056671143,MAGIC,Create one continuous five-second replacement bridge ONLY fo.mp4,3.75,0.928939163684845,MAGIC,Create one continuous five-second replacement bridge ONLY fo.mp4,3.25,0.8952637314796448,MAGIC,Create one continuous five-second replacement bridge ONLY fo.mp4,4.0,0.822928786277771,MAGIC,Create one continuous five-second replacement bridge ONLY fo.mp4,3.0,0.8102758526802063,0.3068700134754181,0.2187390774488449,0.3874698281288147,0.359734445810318,0.25232478976249695,0.9835751056671143
790,197.53591918945312,MAGIC,MAGIC,Create one continuous five-second replacement bridge ONLY fo.mp4,3.75,0.9853742122650146,MAGIC,Create one continuous five-second replacement bridge ONLY fo.mp4,3.5,0.9684680700302124,MAGIC,Create one continuous five-second replacement bridge ONLY fo.mp4,4.0,0.9348695278167725,MAGIC,Create one continuous five-second replacement bridge ONLY fo.mp4,4.25,0.8390432596206665,MAGIC,Create one continuous five-second replacement bridge ONLY fo.mp4,3.25,0.7649622559547424,0.28676557540893555,0.249012291431427,0.421662300825119,0.34128034114837646,0.25969621539115906,0.9853742122650146
791,197.7859649658203,MAGIC,MAGIC,Create one continuous five-second replacement bridge ONLY fo.mp4,4.0,0.9856921434402466,MAGIC,Create one continuous five-second replacement bridge ONLY fo.mp4,3.75,0.9671331644058228,MAGIC,Create one continuous five-second replacement bridge ONLY fo.mp4,4.25,0.9407798647880554,MAGIC,Create one continuous five-second replacement bridge ONLY fo.mp4,3.5,0.8880962133407593,MAGIC,Create one continuous five-second replacement bridge ONLY fo.mp4,4.5,0.8634064197540283,0.2509077489376068,0.26802507042884827,0.430935800075531,0.382329523563385,0.24663639068603516,0.9856921434402466
792,198.0360107421875,MAGIC,MAGIC,Create one continuous five-second replacement bridge ONLY fo.mp4,4.25,0.9910735487937927,MAGIC,Create one continuous five-second replacement bridge ONLY fo.mp4,4.0,0.9754005074501038,MAGIC,Create one continuous five-second replacement bridge ONLY fo.mp4,4.5,0.9575645923614502,MAGIC,Create one continuous five-second replacement bridge ONLY fo.mp4,3.75,0.89771568775177,MAGIC,Create one continuous five-second replacement bridge ONLY fo.mp4,4.75,0.8861064910888672,0.2786004841327667,0.2926626205444336,0.42915618419647217,0.4029693901538849,0.239393413066864,0.9910735487937927
793,198.2860565185547,MAGIC,MAGIC,Create one continuous five-second replacement bridge ONLY fo.mp4,4.5,0.9887321591377258,MAGIC,Create one continuous five-second replacement bridge ONLY fo.mp4,4.25,0.9777191877365112,MAGIC,Create one continuous five-second replacement bridge ONLY fo.mp4,4.75,0.9514455795288086,MAGIC,Create one continuous five-second replacement bridge ONLY fo.mp4,4.0,0.9164613485336304,MAGIC,Create one continuous five-second replacement bridge ONLY fo.mp4,5.0,0.8802312016487122,0.33428964018821716,0.2863011062145233,0.4316768944263458,0.39595508575439453,0.23934650421142578,0.9887321591377258
794,198.53610229492188,MAGIC,MAGIC,Create one continuous five-second replacement bridge ONLY fo.mp4,4.75,0.9837185740470886,MAGIC,Create one continuous five-second replacement bridge ONLY fo.mp4,4.5,0.9725039005279541,MAGIC,Create one continuous five-second replacement bridge ONLY fo.mp4,5.0,0.9354284405708313,MAGIC,Create one continuous five-second replacement bridge ONLY fo.mp4,4.25,0.9231617450714111,MAGIC,One continuous five-second shot connecting the supplied wide.mp4,0.25,0.9206247329711914,0.3912159204483032,0.2836696207523346,0.42927035689353943,0.3862389922142029,0.2468022108078003,0.9837185740470886
795,198.78614807128906,MAGIC,MAGIC,Create one continuous five-second replacement bridge ONLY fo.mp4,5.0,0.9782904982566833,MAGIC,One continuous five-second shot connecting the supplied wide.mp4,0.0,0.9664976596832275,MAGIC,One continuous five-second shot connecting the supplied wide.mp4,0.25,0.9632130265235901,MAGIC,Create one continuous five-second replacement bridge ONLY fo.mp4,4.75,0.9563363194465637,MAGIC,One continuous five-second shot connecting the supplied wide.mp4,0.5,0.9510525465011597,0.3913153409957886,0.28717952966690063,0.41845595836639404,0.351803719997406,0.2504001557826996,0.9782904982566833
796,199.03619384765625,MAGIC,MAGIC,One continuous five-second shot connecting the supplied wide.mp4,0.25,0.9838958382606506,MAGIC,Create one continuous five-second replacement bridge ONLY fo.mp4,5.0,0.9803141951560974,MAGIC,One continuous five-second shot connecting the supplied wide.mp4,0.5,0.9777270555496216,MAGIC,One continuous five-second shot connecting the supplied wide.mp4,0.0,0.9748219847679138,MAGIC,One continuous five-second shot connecting the supplied wide.mp4,0.75,0.9697864651679993,0.4075111150741577,0.28811416029930115,0.43676382303237915,0.3609445095062256,0.25617942214012146,0.9838958382606506
797,199.28623962402344,MAGIC,MAGIC,One continuous five-second shot connecting the supplied wide.mp4,0.5,0.9828552603721619,MAGIC,One continuous five-second shot connecting the supplied wide.mp4,0.75,0.9805513620376587,MAGIC,One continuous five-second shot connecting the supplied wide.mp4,0.25,0.9797877669334412,MAGIC,One continuous five-second shot connecting the supplied wide.mp4,1.0,0.9695215225219727,MAGIC,Create one continuous five-second replacement bridge ONLY fo.mp4,5.0,0.9680459499359131,0.4005374014377594,0.2868604063987732,0.42635348439216614,0.3624071180820465,0.261420875787735,0.9828552603721619
798,199.53628540039062,MAGIC,MAGIC,One continuous five-second shot connecting the supplied wide.mp4,0.75,0.9809880256652832,MAGIC,One continuous five-second shot connecting the supplied wide.mp4,1.0,0.9789714813232422,MAGIC,One continuous five-second shot connecting the supplied wide.mp4,0.5,0.9739413261413574,MAGIC,One continuous five-second shot connecting the supplied wide.mp4,0.25,0.9645956754684448,MAGIC,One continuous five-second shot connecting the supplied wide.mp4,1.25,0.9628586173057556,0.38949790596961975,0.2765653729438782,0.41013103723526,0.36837607622146606,0.2691718637943268,0.9809880256652832
799,199.7863311767578,MAGIC,MAGIC,One continuous five-second shot connecting the supplied wide.mp4,1.0,0.9747473001480103,MAGIC,One continuous five-second shot connecting the supplied wide.mp4,1.25,0.9716395139694214,MAGIC,One continuous five-second shot connecting the supplied wide.mp4,0.75,0.9690941572189331,MAGIC,One continuous five-second shot connecting the supplied wide.mp4,0.5,0.9569512009620667,MAGIC,One continuous five-second shot connecting the supplied wide.mp4,1.5,0.9463645219802856,0.38845202326774597,0.2820315957069397,0.40189579129219055,0.36765310168266296,0.2711569368839264,0.9747473001480103
800,200.036376953125,MAGIC,MAGIC,One continuous five-second shot connecting the supplied wide.mp4,1.25,0.9763457775115967,MAGIC,One continuous five-second shot connecting the supplied wide.mp4,1.0,0.9675029516220093,MAGIC,One continuous five-second shot connecting the supplied wide.mp4,1.5,0.9661250114440918,MAGIC,One continuous five-second shot connecting the supplied wide.mp4,0.75,0.9548545479774475,MAGIC,One continuous five-second shot connecting the supplied wide.mp4,0.5,0.9414404630661011,0.39161503314971924,0.3113643229007721,0.386627733707428,0.37017935514450073,0.27156317234039307,0.9763457775115967
801,200.2864227294922,MAGIC,MAGIC,One continuous five-second shot connecting the supplied wide.mp4,1.5,0.9679985046386719,MAGIC,One continuous five-second shot connecting the supplied wide.mp4,1.25,0.9634994864463806,MAGIC,One continuous five-second shot connecting the supplied wide.mp4,1.75,0.9482294917106628,MAGIC,One continuous five-second shot connecting the supplied wide.mp4,1.0,0.9459000825881958,MAGIC,One continuous five-second shot connecting the supplied wide.mp4,0.75,0.928520143032074,0.376677542924881,0.2973476052284241,0.3799877166748047,0.36058130860328674,0.266902357339859,0.9679985046386719
802,200.53646850585938,MAGIC,MAGIC,One continuous five-second shot connecting the supplied wide.mp4,1.75,0.9576619863510132,MAGIC,One continuous five-second shot connecting the supplied wide.mp4,1.5,0.9568241834640503,MAGIC,One continuous five-second shot connecting the supplied wide.mp4,1.25,0.9383425712585449,MAGIC,One continuous five-second shot connecting the supplied wide.mp4,2.0,0.9146744012832642,MAGIC,One continuous five-second shot connecting the supplied wide.mp4,1.0,0.9133662581443787,0.3747502267360687,0.293170303106308,0.3722681403160095,0.3473224341869354,0.267062783241272,0.9576619863510132
803,200.7864990234375,MAGIC,MAGIC,One continuous five-second shot connecting the supplied wide.mp4,1.75,0.9539114236831665,MAGIC,One continuous five-second shot connecting the supplied wide.mp4,2.0,0.9375772476196289,MAGIC,One continuous five-second shot connecting the supplied wide.mp4,1.5,0.9304118752479553,MAGIC,One continuous five-second shot connecting the supplied wide.mp4,1.25,0.8987885117530823,MAGIC,One continuous five-second shot connecting the supplied wide.mp4,2.25,0.8863058686256409,0.36010900139808655,0.2902006506919861,0.3942567706108093,0.3354368805885315,0.2650740444660187,0.9539114236831665
804,201.0365447998047,MAGIC,MAGIC,One continuous five-second shot connecting the supplied wide.mp4,2.0,0.9377858638763428,MAGIC,One continuous five-second shot connecting the supplied wide.mp4,1.75,0.9252500534057617,MAGIC,One continuous five-second shot connecting the supplied wide.mp4,2.25,0.9125388860702515,MAGIC,One continuous five-second shot connecting the supplied wide.mp4,1.5,0.884428083896637,MAGIC,One continuous five-second shot connecting the supplied wide.mp4,2.5,0.8687080144882202,0.3432715833187103,0.27774807810783386,0.4239020347595215,0.316786527633667,0.2897230088710785,0.9377858638763428
805,201.28659057617188,MAGIC,MAGIC,One continuous five-second shot connecting the supplied wide.mp4,2.25,0.9178957939147949,MAGIC,One continuous five-second shot connecting the supplied wide.mp4,2.0,0.9115320444107056,MAGIC,One continuous five-second shot connecting the supplied wide.mp4,2.5,0.8939945697784424,MAGIC,One continuous five-second shot connecting the supplied wide.mp4,1.75,0.8718074560165405,MAGIC,One continuous five-second shot connecting the supplied wide.mp4,2.75,0.8497776985168457,0.3212188482284546,0.2696860730648041,0.44190865755081177,0.3009686768054962,0.31780683994293213,0.9178957939147949
806,201.53663635253906,MAGIC,MAGIC,One continuous five-second shot connecting the supplied wide.mp4,2.5,0.9022907614707947,MAGIC,One continuous five-second shot connecting the supplied wide.mp4,2.25,0.8922103047370911,MAGIC,One continuous five-second shot connecting the supplied wide.mp4,2.75,0.8805661201477051,MAGIC,One continuous five-second shot connecting the supplied wide.mp4,2.0,0.8611527681350708,MAGIC,One continuous five-second shot connecting the supplied wide.mp4,3.0,0.8443018794059753,0.2948964536190033,0.26050227880477905,0.4582340717315674,0.30559298396110535,0.325564444065094,0.9022907614707947
807,201.78668212890625,MAGIC,MAGIC,One continuous five-second shot connecting the supplied wide.mp4,2.75,0.8991667032241821,MAGIC,One continuous five-second shot connecting the supplied wide.mp4,2.5,0.8897907137870789,MAGIC,One continuous five-second shot connecting the supplied wide.mp4,3.0,0.8890174627304077,MAGIC,One continuous five-second shot connecting the supplied wide.mp4,3.25,0.8602211475372314,MAGIC,One continuous five-second shot connecting the supplied wide.mp4,2.25,0.8458563089370728,0.30111005902290344,0.2490869015455246,0.4477565288543701,0.32197344303131104,0.3117136061191559,0.8991667032241821
808,202.03672790527344,MAGIC,MAGIC,One continuous five-second shot connecting the supplied wide.mp4,3.0,0.9065897464752197,MAGIC,One continuous five-second shot connecting the supplied wide.mp4,3.25,0.9016729593276978,MAGIC,One continuous five-second shot connecting the supplied wide.mp4,3.5,0.8912461400032043,MAGIC,One continuous five-second shot connecting the supplied wide.mp4,2.75,0.8862684369087219,MAGIC,One continuous five-second shot connecting the supplied wide.mp4,3.75,0.8731570243835449,0.3365026116371155,0.25716981291770935,0.446969211101532,0.3387337923049927,0.33644071221351624,0.9065897464752197
809,202.28677368164062,MAGIC,MAGIC,One continuous five-second shot connecting the supplied wide.mp4,3.25,0.9171962738037109,MAGIC,One continuous five-second shot connecting the supplied wide.mp4,3.5,0.9169517159461975,MAGIC,One continuous five-second shot connecting the supplied wide.mp4,3.75,0.9046673774719238,MAGIC,One continuous five-second shot connecting the supplied wide.mp4,3.0,0.8989816308021545,MAGIC,One continuous five-second shot connecting the supplied wide.mp4,4.0,0.8847978115081787,0.33397045731544495,0.2643500566482544,0.45350366830825806,0.3440912961959839,0.35538816452026367,0.9171962738037109
810,202.5368194580078,MAGIC,MAGIC,One continuous five-second shot connecting the supplied wide.mp4,3.5,0.9331894516944885,MAGIC,One continuous five-second shot connecting the supplied wide.mp4,3.75,0.9294012188911438,MAGIC,One continuous five-second shot connecting the supplied wide.mp4,3.25,0.9206038117408752,MAGIC,One continuous five-second shot connecting the supplied wide.mp4,4.0,0.9142287969589233,MAGIC,One continuous five-second shot connecting the supplied wide.mp4,4.25,0.8916953206062317,0.3303012549877167,0.26363128423690796,0.44983524084091187,0.34111711382865906,0.3447591960430145,0.9331894516944885
811,202.786865234375,MAGIC,MAGIC,One continuous five-second shot connecting the supplied wide.mp4,3.75,0.9490548968315125,MAGIC,One continuous five-second shot connecting the supplied wide.mp4,3.5,0.9425212740898132,MAGIC,One continuous five-second shot connecting the supplied wide.mp4,4.0,0.9422988295555115,MAGIC,One continuous five-second shot connecting the supplied wide.mp4,4.25,0.9273039102554321,MAGIC,One continuous five-second shot connecting the supplied wide.mp4,3.25,0.9140430688858032,0.33270201086997986,0.2617601156234741,0.4460175633430481,0.3492467999458313,0.3315838575363159,0.9490548968315125
812,203.0369110107422,MAGIC,MAGIC,One continuous five-second shot connecting the supplied wide.mp4,4.0,0.9593861103057861,MAGIC,One continuous five-second shot connecting the supplied wide.mp4,3.75,0.9534276723861694,MAGIC,One continuous five-second shot connecting the supplied wide.mp4,4.25,0.9533473253250122,MAGIC,One continuous five-second shot connecting the supplied wide.mp4,4.5,0.9413435459136963,MAGIC,One continuous five-second shot connecting the supplied wide.mp4,3.5,0.9326873421669006,0.3374969959259033,0.26644662022590637,0.42739298939704895,0.3487435579299927,0.3068069517612457,0.9593861103057861
813,203.28695678710938,MAGIC,MAGIC,One continuous five-second shot connecting the supplied wide.mp4,4.25,0.969032347202301,MAGIC,One continuous five-second shot connecting the supplied wide.mp4,4.5,0.9663119316101074,MAGIC,One continuous five-second shot connecting the supplied wide.mp4,4.0,0.9614349603652954,MAGIC,One continuous five-second shot connecting the supplied wide.mp4,4.75,0.9570425748825073,MAGIC,One continuous five-second shot connecting the supplied wide.mp4,5.0,0.9435389041900635,0.3404850959777832,0.25799697637557983,0.4154892563819885,0.35757869482040405,0.2980653643608093,0.969032347202301
814,203.53700256347656,MAGIC,MAGIC,One continuous five-second shot connecting the supplied wide.mp4,4.5,0.9777966737747192,MAGIC,One continuous five-second shot connecting the supplied wide.mp4,4.75,0.975033164024353,MAGIC,One continuous five-second shot connecting the supplied wide.mp4,4.25,0.9665854573249817,MAGIC,One continuous five-second shot connecting the supplied wide.mp4,5.0,0.9662677049636841,MAGIC,One continuous five-second portrait shot from the supplied m.mp4,0.25,0.9614667892456055,0.3403206467628479,0.25998246669769287,0.40145033597946167,0.36278077960014343,0.28452008962631226,0.9777966737747192
815,203.78704833984375,MAGIC,MAGIC,One continuous five-second shot connecting the supplied wide.mp4,4.75,0.982763946056366,MAGIC,One continuous five-second shot connecting the supplied wide.mp4,5.0,0.982386589050293,MAGIC,One continuous five-second portrait shot from the supplied m.mp4,0.25,0.9791048169136047,MAGIC,Create one continuous five-second repair bridge for the midd.mp4,0.0,0.9779410362243652,MAGIC,One continuous five-second portrait shot from the supplied m.mp4,0.0,0.9775951504707336,0.33918899297714233,0.25339558720588684,0.40705251693725586,0.3865191638469696,0.2834411859512329,0.982763946056366
816,204.03709411621094,MAGIC,MAGIC,One continuous five-second portrait shot from the supplied m.mp4,0.75,0.987960934638977,MAGIC,One continuous five-second portrait shot from the supplied m.mp4,0.5,0.9853508472442627,MAGIC,One continuous five-second portrait shot from the supplied m.mp4,0.0,0.9840384721755981,MAGIC,Create one continuous five-second repair bridge for the midd.mp4,0.0,0.9839186072349548,MAGIC,One continuous five-second shot connecting the supplied wide.mp4,5.0,0.9831070303916931,0.3579336404800415,0.2548431158065796,0.42323458194732666,0.4128850996494293,0.29811689257621765,0.987960934638977
817,204.28713989257812,MAGIC,MAGIC,Create one continuous five-second repair bridge for the midd.mp4,0.25,0.9788486957550049,MAGIC,Create one continuous five-second repair bridge for the midd.mp4,0.5,0.978318989276886,MAGIC,One continuous five-second portrait shot from the supplied m.mp4,1.25,0.9627871513366699,MAGIC,One continuous five-second portrait shot from the supplied m.mp4,1.5,0.9528144598007202,MAGIC,One continuous five-second portrait shot from the supplied m.mp4,1.0,0.9482965469360352,0.38315296173095703,0.27020907402038574,0.44314494729042053,0.44362419843673706,0.3043699860572815,0.9788486957550049
818,204.5371856689453,MAGIC,MAGIC,Create one continuous five-second repair bridge for the midd.mp4,0.5,0.984157383441925,MAGIC,Create one continuous five-second repair bridge for the midd.mp4,0.75,0.9770859479904175,MAGIC,One continuous five-second portrait shot from the supplied m.mp4,1.5,0.9459995031356812,MAGIC,One continuous five-second portrait shot from the supplied m.mp4,1.75,0.9353638887405396,MAGIC,Create one continuous five-second repair bridge for the midd.mp4,0.25,0.9210360050201416,0.3828308582305908,0.29331108927726746,0.4591871500015259,0.4506993293762207,0.2906879186630249,0.984157383441925
819,204.7872314453125,MAGIC,MAGIC,Create one continuous five-second repair bridge for the midd.mp4,0.75,0.9844250679016113,MAGIC,Create one continuous five-second repair bridge for the midd.mp4,1.0,0.9769327044487,MAGIC,Create one continuous five-second repair bridge for the midd.mp4,0.5,0.9395617246627808,MAGIC,One continuous five-second portrait shot from the supplied m.mp4,1.75,0.920330822467804,MAGIC,One continuous five-second portrait shot from the supplied m.mp4,2.0,0.9170006513595581,0.3761874735355377,0.305800199508667,0.487409770488739,0.45096200704574585,0.2869187295436859,0.9844250679016113
820,205.0372772216797,MAGIC,MAGIC,Create one continuous five-second repair bridge for the midd.mp4,1.0,0.9844963550567627,MAGIC,Create one continuous five-second repair bridge for the midd.mp4,1.25,0.9753162264823914,MAGIC,Create one continuous five-second repair bridge for the midd.mp4,0.75,0.9349402189254761,MAGIC,Create one continuous five-second repair bridge for the midd.mp4,1.5,0.8960487842559814,MAGIC,One continuous five-second portrait shot from the supplied m.mp4,2.0,0.8838032484054565,0.35781487822532654,0.3053399920463562,0.49932488799095154,0.4325450658798218,0.2818557322025299,0.9844963550567627
821,205.28732299804688,MAGIC,MAGIC,Create one continuous five-second repair bridge for the midd.mp4,1.25,0.9823333621025085,MAGIC,Create one continuous five-second repair bridge for the midd.mp4,1.5,0.9704205989837646,MAGIC,Create one continuous five-second repair bridge for the midd.mp4,1.0,0.9276632070541382,MAGIC,Create one continuous five-second repair bridge for the midd.mp4,1.75,0.874879002571106,MAGIC,Create one continuous five-second repair bridge for the midd.mp4,0.75,0.8477973341941833,0.35210496187210083,0.3194074034690857,0.5299499034881592,0.450031042098999,0.2813534140586853,0.9823333621025085
822,205.53736877441406,MAGIC,MAGIC,Create one continuous five-second repair bridge for the midd.mp4,1.5,0.9820159673690796,MAGIC,Create one continuous five-second repair bridge for the midd.mp4,1.75,0.9666960835456848,MAGIC,Create one continuous five-second repair bridge for the midd.mp4,1.25,0.9114878177642822,MAGIC,Create one continuous five-second repair bridge for the midd.mp4,2.0,0.8631134033203125,MAGIC,Create one continuous five-second repair bridge for the midd.mp4,1.0,0.8204194903373718,0.3439496159553528,0.3144930303096771,0.5473729968070984,0.48322397470474243,0.2656998932361603,0.9820159673690796
823,205.78741455078125,MAGIC,MAGIC,Create one continuous five-second repair bridge for the midd.mp4,1.75,0.9804422855377197,MAGIC,Create one continuous five-second repair bridge for the midd.mp4,2.0,0.9642888307571411,MAGIC,Create one continuous five-second repair bridge for the midd.mp4,1.5,0.9020859003067017,MAGIC,Create one continuous five-second repair bridge for the midd.mp4,2.25,0.8472499251365662,MAGIC,Create one continuous five-second repair bridge for the midd.mp4,1.25,0.7886026501655579,0.33282801508903503,0.30468466877937317,0.5418842434883118,0.4781046509742737,0.28042736649513245,0.9804422855377197
824,206.03746032714844,MAGIC,MAGIC,Create one continuous five-second repair bridge for the midd.mp4,2.0,0.9819327592849731,MAGIC,Create one continuous five-second repair bridge for the midd.mp4,2.25,0.9615465402603149,MAGIC,Create one continuous five-second repair bridge for the midd.mp4,1.75,0.89207923412323,MAGIC,Create one continuous five-second repair bridge for the midd.mp4,2.5,0.8193902969360352,MAGIC,Create one continuous five-second repair bridge for the midd.mp4,1.5,0.7746555805206299,0.33794477581977844,0.31226712465286255,0.5371084213256836,0.42997434735298157,0.3018898367881775,0.9819327592849731
825,206.28750610351562,MAGIC,MAGIC,Create one continuous five-second repair bridge for the midd.mp4,2.25,0.9792988300323486,MAGIC,Create one continuous five-second repair bridge for the midd.mp4,2.5,0.9554353952407837,MAGIC,Create one continuous five-second repair bridge for the midd.mp4,2.0,0.8722590208053589,MAGIC,Create one continuous five-second repair bridge for the midd.mp4,2.75,0.8042274117469788,MAGIC,Create one continuous five-second repair bridge for the midd.mp4,1.75,0.7484234571456909,0.33556920289993286,0.3138171434402466,0.5378864407539368,0.404861718416214,0.3145902752876282,0.9792988300323486
826,206.5375518798828,MAGIC,MAGIC,Create one continuous five-second repair bridge for the midd.mp4,2.5,0.9749373197555542,MAGIC,Create one continuous five-second repair bridge for the midd.mp4,2.75,0.9490125775337219,MAGIC,Create one continuous five-second repair bridge for the midd.mp4,2.25,0.8471341133117676,MAGIC,Create one continuous five-second repair bridge for the midd.mp4,3.0,0.7824232578277588,MAGIC,Create one continuous five-second repair bridge for the midd.mp4,2.0,0.6985732316970825,0.34395718574523926,0.31747329235076904,0.5348135232925415,0.39126577973365784,0.31538158655166626,0.9749373197555542
827,206.78759765625,MAGIC,MAGIC,Create one continuous five-second repair bridge for the midd.mp4,2.75,0.9743730425834656,MAGIC,Create one continuous five-second repair bridge for the midd.mp4,3.0,0.9483375549316406,MAGIC,Create one continuous five-second repair bridge for the midd.mp4,2.5,0.8288495540618896,MAGIC,Create one continuous five-second repair bridge for the midd.mp4,3.25,0.778275191783905,MAGIC,One continuous five-second invitation gesture from the suppl (1).mp4,5.0,0.7214480638504028,0.33808422088623047,0.34025105834007263,0.5132882595062256,0.4177406430244446,0.33472374081611633,0.9743730425834656
828,207.0376434326172,MAGIC,MAGIC,Create one continuous five-second repair bridge for the midd.mp4,3.0,0.9716010093688965,MAGIC,Create one continuous five-second repair bridge for the midd.mp4,3.25,0.9385318756103516,MAGIC,Create one continuous five-second repair bridge for the midd.mp4,2.75,0.8303309679031372,MAGIC,Create one continuous five-second repair bridge for the midd.mp4,3.5,0.7400469183921814,MAGIC,One continuous five-second invitation gesture from the suppl (1).mp4,5.0,0.7070598602294922,0.33346956968307495,0.3676621615886688,0.487822026014328,0.4347241222858429,0.31085604429244995,0.9716010093688965
829,207.28768920898438,MAGIC,MAGIC,Create one continuous five-second repair bridge for the midd.mp4,3.25,0.9643355011940002,MAGIC,Create one continuous five-second repair bridge for the midd.mp4,3.5,0.9298396110534668,MAGIC,Create one continuous five-second repair bridge for the midd.mp4,3.0,0.8024636507034302,MAGIC,Create one continuous five-second repair bridge for the midd.mp4,3.75,0.7089427709579468,MAGIC,Create one continuous five-second repair bridge for the midd.mp4,2.75,0.6596224308013916,0.29181697964668274,0.3628586530685425,0.4223770499229431,0.42338672280311584,0.2670130133628845,0.9643355011940002
830,207.53773498535156,MAGIC,MAGIC,Create one continuous five-second repair bridge for the midd.mp4,3.5,0.9634879231452942,MAGIC,Create one continuous five-second repair bridge for the midd.mp4,3.75,0.9315810203552246,MAGIC,Create one continuous five-second repair bridge for the midd.mp4,3.25,0.7706280946731567,MAGIC,Create one continuous five-second repair bridge for the midd.mp4,4.0,0.7163922786712646,MAGIC,One continuous five-second invitation gesture from the suppl (1).mp4,1.25,0.6921798586845398,0.2621329724788666,0.3085402250289917,0.3873407542705536,0.38786572217941284,0.26053479313850403,0.9634879231452942
831,207.78778076171875,MAGIC,MAGIC,Create one continuous five-second repair bridge for the midd.mp4,3.75,0.9655672907829285,MAGIC,Create one continuous five-second repair bridge for the midd.mp4,4.0,0.9300260543823242,MAGIC,Create one continuous five-second repair bridge for the midd.mp4,3.5,0.7657178640365601,MAGIC,Create one continuous five-second repair bridge for the midd.mp4,4.25,0.7437586784362793,MAGIC,One continuous five-second invitation gesture from the suppl (1).mp4,0.5,0.7199058532714844,0.2640851140022278,0.2345813512802124,0.3505023717880249,0.3657350242137909,0.22837013006210327,0.9655672907829285
832,208.03782653808594,MAGIC,MAGIC,Create one continuous five-second repair bridge for the midd.mp4,4.0,0.9668241739273071,MAGIC,Create one continuous five-second repair bridge for the midd.mp4,4.25,0.9495017528533936,MAGIC,Create one continuous five-second repair bridge for the midd.mp4,4.5,0.8208025693893433,MAGIC,Create one continuous five-second repair bridge for the midd.mp4,3.75,0.7681182622909546,MAGIC,Create one continuous five-second repair shot for the look-b.mp4,2.5,0.7168487906455994,0.34644848108291626,0.23483960330486298,0.3442125618457794,0.34539300203323364,0.2003190815448761,0.9668241739273071
833,208.28787231445312,MAGIC,MAGIC,Create one continuous five-second repair bridge for the midd.mp4,4.25,0.9716662168502808,MAGIC,Create one continuous five-second repair bridge for the midd.mp4,4.5,0.9605255126953125,MAGIC,Create one continuous five-second repair bridge for the midd.mp4,4.75,0.8241778612136841,MAGIC,Create one continuous five-second repair bridge for the midd.mp4,4.0,0.8207959532737732,MAGIC,Create one continuous five-second repair bridge for the midd.mp4,5.0,0.7509523034095764,0.3398750424385071,0.25308167934417725,0.30862048268318176,0.3869660198688507,0.23083055019378662,0.9716662168502808
834,208.5379180908203,MAGIC,MAGIC,Create one continuous five-second repair bridge for the midd.mp4,4.5,0.9708869457244873,MAGIC,Create one continuous five-second repair bridge for the midd.mp4,4.75,0.9600585699081421,MAGIC,Create one continuous five-second repair bridge for the midd.mp4,5.0,0.8721624612808228,MAGIC,Create one continuous five-second repair bridge for the midd.mp4,4.25,0.8588823676109314,MAGIC,Create one continuous five-second repair shot for the look-b.mp4,0.25,0.8558940887451172,0.27909550070762634,0.29706722497940063,0.3394843339920044,0.41380590200424194,0.2800488770008087,0.9708869457244873
835,208.7879638671875,MAGIC,MAGIC,Create one continuous five-second repair bridge for the midd.mp4,4.75,0.9756582975387573,MAGIC,Create one continuous five-second repair bridge for the midd.mp4,5.0,0.968026876449585,MAGIC,Create one continuous five-second repair shot for the look-b.mp4,0.0,0.9497926235198975,MAGIC,Create one continuous five-second repair shot for the look-b.mp4,0.25,0.9475128650665283,MAGIC,Create one continuous five-second repair shot for the look-b.mp4,0.5,0.9388482570648193,0.259726881980896,0.32697194814682007,0.38892313838005066,0.43235939741134644,0.29746824502944946,0.9756582975387573
836,209.0380096435547,MAGIC,MAGIC,Create one continuous five-second repair shot for the look-b.mp4,0.0,0.9868459105491638,MAGIC,Create one continuous five-second repair bridge for the midd.mp4,5.0,0.9838653206825256,MAGIC,Create one continuous five-second repair shot for the look-b.mp4,0.25,0.9812962412834167,MAGIC,Create one continuous five-second repair shot for the look-b.mp4,0.5,0.9580205082893372,MAGIC,Create one continuous five-second repair shot for the look-b.mp4,0.75,0.927028477191925,0.2793220579624176,0.3204728662967682,0.4055420160293579,0.44954630732536316,0.31475579738616943,0.9868459105491638
837,209.28805541992188,MAGIC,MAGIC,Create one continuous five-second repair shot for the look-b.mp4,0.25,0.9908714294433594,MAGIC,Create one continuous five-second repair shot for the look-b.mp4,0.0,0.9798267483711243,MAGIC,Create one continuous five-second repair bridge for the midd.mp4,5.0,0.9767788648605347,MAGIC,Create one continuous five-second repair shot for the look-b.mp4,0.5,0.9766426086425781,MAGIC,Create one continuous five-second repair shot for the look-b.mp4,0.75,0.9478300213813782,0.27277398109436035,0.3241850435733795,0.399966835975647,0.44699734449386597,0.3140740394592285,0.9908714294433594
838,209.53810119628906,MAGIC,MAGIC,Create one continuous five-second repair shot for the look-b.mp4,0.5,0.9895938634872437,MAGIC,Create one continuous five-second repair shot for the look-b.mp4,0.25,0.9740486145019531,MAGIC,Create one continuous five-second repair shot for the look-b.mp4,0.75,0.9734781384468079,MAGIC,Create one continuous five-second repair bridge for the midd.mp4,5.0,0.9615769386291504,MAGIC,Create one continuous five-second repair shot for the look-b.mp4,0.0,0.9584866166114807,0.2603801488876343,0.3326796889305115,0.39706331491470337,0.44706061482429504,0.32090869545936584,0.9895938634872437
839,209.78814697265625,MAGIC,MAGIC,Create one continuous five-second repair shot for the look-b.mp4,0.75,0.9891696572303772,MAGIC,Create one continuous five-second repair shot for the look-b.mp4,1.0,0.9738478660583496,MAGIC,Create one continuous five-second repair shot for the look-b.mp4,0.5,0.9709882736206055,MAGIC,Create one continuous five-second repair shot for the look-b.mp4,0.25,0.9473655223846436,MAGIC,Create one continuous five-second repair bridge for the midd.mp4,5.0,0.9332916140556335,0.26162880659103394,0.34368908405303955,0.3882352411746979,0.4515327513217926,0.31951671838760376,0.9891696572303772
840,210.03819274902344,MAGIC,MAGIC,Create one continuous five-second repair shot for the look-b.mp4,1.0,0.9886705279350281,MAGIC,Create one continuous five-second repair shot for the look-b.mp4,0.75,0.9678434133529663,MAGIC,Create one continuous five-second repair shot for the look-b.mp4,1.25,0.9609580039978027,MAGIC,Create one continuous five-second repair shot for the look-b.mp4,0.5,0.9430404305458069,MAGIC,Create one continuous five-second repair shot for the look-b.mp4,0.25,0.9098516702651978,0.26768171787261963,0.3517187535762787,0.364837110042572,0.44246724247932434,0.3057744801044464,0.9886705279350281
841,210.28823852539062,MAGIC,MAGIC,Create one continuous five-second repair shot for the look-b.mp4,1.25,0.9898245930671692,MAGIC,Create one continuous five-second repair shot for the look-b.mp4,1.0,0.9492419958114624,MAGIC,Create one continuous five-second repair shot for the look-b.mp4,1.5,0.9491986036300659,MAGIC,Create one continuous five-second repair shot for the look-b.mp4,0.75,0.9102566242218018,MAGIC,Create one continuous five-second repair shot for the look-b.mp4,1.75,0.8951326608657837,0.2905060946941376,0.3524557650089264,0.3537191152572632,0.4558106064796448,0.2902679443359375,0.9898245930671692
842,210.5382843017578,MAGIC,MAGIC,Create one continuous five-second repair shot for the look-b.mp4,1.5,0.9912636280059814,MAGIC,Create one continuous five-second repair shot for the look-b.mp4,1.75,0.9589229226112366,MAGIC,Create one continuous five-second repair shot for the look-b.mp4,1.25,0.9455852508544922,MAGIC,Create one continuous five-second repair shot for the look-b.mp4,1.0,0.893298864364624,MAGIC,Create one continuous five-second repair shot for the look-b.mp4,2.0,0.8846091032028198,0.29066598415374756,0.33901485800743103,0.3512560725212097,0.44560927152633667,0.3017392158508301,0.9912636280059814
843,210.788330078125,MAGIC,MAGIC,Create one continuous five-second repair shot for the look-b.mp4,1.75,0.9925182461738586,MAGIC,Create one continuous five-second repair shot for the look-b.mp4,2.0,0.9566680788993835,MAGIC,Create one continuous five-second repair shot for the look-b.mp4,1.5,0.9559421539306641,MAGIC,Create one continuous five-second repair shot for the look-b.mp4,1.25,0.8991567492485046,MAGIC,Create one continuous five-second repair shot for the look-b.mp4,2.25,0.8834279179573059,0.2933919429779053,0.31299346685409546,0.33267492055892944,0.440858393907547,0.30497878789901733,0.9925182461738586
844,211.0383758544922,MAGIC,MAGIC,Create one continuous five-second repair shot for the look-b.mp4,2.0,0.9924211502075195,MAGIC,Create one continuous five-second repair shot for the look-b.mp4,1.75,0.9539191722869873,MAGIC,Create one continuous five-second repair shot for the look-b.mp4,2.25,0.9525516033172607,MAGIC,Create one continuous five-second repair shot for the look-b.mp4,1.5,0.8835175633430481,MAGIC,Create one continuous five-second repair shot for the look-b.mp4,2.5,0.8506841063499451,0.2920248210430145,0.2952888011932373,0.32073527574539185,0.43123844265937805,0.2899991571903229,0.9924211502075195
845,211.28842163085938,MAGIC,MAGIC,Create one continuous five-second repair shot for the look-b.mp4,2.25,0.9921422004699707,MAGIC,Create one continuous five-second repair shot for the look-b.mp4,2.0,0.9447203874588013,MAGIC,Create one continuous five-second repair shot for the look-b.mp4,2.5,0.9346392154693604,MAGIC,Create one continuous five-second repair shot for the look-b.mp4,1.75,0.8826302289962769,MAGIC,Create one continuous five-second repair shot for the look-b.mp4,2.75,0.8434334397315979,0.29713794589042664,0.29065191745758057,0.31942349672317505,0.4303504228591919,0.29550740122795105,0.9921422004699707
846,211.53846740722656,MAGIC,MAGIC,Create one continuous five-second repair shot for the look-b.mp4,2.5,0.9911373853683472,MAGIC,Create one continuous five-second repair shot for the look-b.mp4,2.75,0.9249814748764038,MAGIC,Create one continuous five-second repair shot for the look-b.mp4,2.25,0.9205936789512634,MAGIC,Create one continuous five-second repair shot for the look-b.mp4,2.0,0.8392734527587891,MAGIC,Create one continuous five-second repair shot for the look-b.mp4,3.0,0.8368037939071655,0.28487643599510193,0.2760862708091736,0.3497925400733948,0.41702210903167725,0.3012666404247284,0.9911373853683472
847,211.78851318359375,MAGIC,MAGIC,Create one continuous five-second repair shot for the look-b.mp4,2.75,0.9913287162780762,MAGIC,Create one continuous five-second repair shot for the look-b.mp4,3.0,0.9489634037017822,MAGIC,Create one continuous five-second repair shot for the look-b.mp4,2.5,0.9112834930419922,MAGIC,Create one continuous five-second repair shot for the look-b.mp4,3.25,0.8827698230743408,MAGIC,Create one continuous five-second repair shot for the look-b.mp4,2.25,0.8364691138267517,0.2872261106967926,0.2650424838066101,0.3368090093135834,0.4201577305793762,0.2671676278114319,0.9913287162780762
848,212.03855895996094,MAGIC,MAGIC,Create one continuous five-second repair shot for the look-b.mp4,3.0,0.9917171597480774,MAGIC,Create one continuous five-second repair shot for the look-b.mp4,3.25,0.9522969722747803,MAGIC,Create one continuous five-second repair shot for the look-b.mp4,2.75,0.9379329085350037,MAGIC,Create one continuous five-second repair shot for the look-b.mp4,3.5,0.9147223234176636,MAGIC,Create one continuous five-second repair shot for the look-b.mp4,3.75,0.8857113122940063,0.2951831817626953,0.26116520166397095,0.30146387219429016,0.4323948323726654,0.2573724389076233,0.9917171597480774
849,212.28860473632812,MAGIC,MAGIC,Create one continuous five-second repair shot for the look-b.mp4,3.25,0.9922935962677002,MAGIC,Create one continuous five-second repair shot for the look-b.mp4,3.5,0.9735274314880371,MAGIC,Create one continuous five-second repair shot for the look-b.mp4,3.0,0.9538853764533997,MAGIC,Create one continuous five-second repair shot for the look-b.mp4,3.75,0.9531968832015991,MAGIC,Create one continuous five-second repair shot for the look-b.mp4,4.0,0.9454020857810974,0.3206219971179962,0.2724233567714691,0.3509696125984192,0.4346757233142853,0.2687511742115021,0.9922935962677002
850,212.5386505126953,MAGIC,MAGIC,Create one continuous five-second repair shot for the look-b.mp4,3.5,0.9925875663757324,MAGIC,Create one continuous five-second repair shot for the look-b.mp4,3.75,0.9859547019004822,MAGIC,Create one continuous five-second repair shot for the look-b.mp4,4.0,0.9771791696548462,MAGIC,Create one continuous five-second repair shot for the look-b.mp4,4.25,0.9741320610046387,MAGIC,Create one continuous five-second repair shot for the look-b.mp4,3.25,0.9719319939613342,0.33248746395111084,0.2801530361175537,0.37205734848976135,0.443716824054718,0.27164778113365173,0.9925875663757324
851,212.7886962890625,MAGIC,MAGIC,Create one continuous five-second repair shot for the look-b.mp4,3.75,0.9919929504394531,MAGIC,Create one continuous five-second repair shot for the look-b.mp4,3.5,0.9886276721954346,MAGIC,Create one continuous five-second repair shot for the look-b.mp4,4.0,0.9872522354125977,MAGIC,Create one continuous five-second repair shot for the look-b.mp4,4.25,0.9850583672523499,MAGIC,Create one continuous five-second repair shot for the look-b.mp4,4.5,0.982948362827301,0.3430693745613098,0.2786709666252136,0.3786766827106476,0.43669527769088745,0.2661314010620117,0.9919929504394531
852,213.03872680664062,MAGIC,MAGIC,Create one continuous five-second repair shot for the look-b.mp4,4.0,0.9923675656318665,MAGIC,Create one continuous five-second repair shot for the look-b.mp4,4.25,0.99052894115448,MAGIC,Create one continuous five-second repair shot for the look-b.mp4,3.75,0.9903900623321533,MAGIC,Create one continuous five-second repair shot for the look-b.mp4,4.5,0.987350583076477,MAGIC,Create one continuous five-second repair shot for the look-b.mp4,4.75,0.9869224429130554,0.3437352478504181,0.27411189675331116,0.37675583362579346,0.4402768611907959,0.2611146569252014,0.9923675656318665
853,213.2887725830078,MAGIC,MAGIC,Create one continuous five-second repair shot for the look-b.mp4,4.25,0.991254448890686,MAGIC,Create one continuous five-second repair shot for the look-b.mp4,4.0,0.9896325469017029,MAGIC,Create one continuous five-second repair shot for the look-b.mp4,4.5,0.9893503785133362,MAGIC,Create one continuous five-second repair shot for the look-b.mp4,3.75,0.9886250495910645,MAGIC,Create one continuous five-second repair shot for the look-b.mp4,4.75,0.987730085849762,0.3417957127094269,0.26717889308929443,0.38159942626953125,0.43975400924682617,0.2550050616264343,0.991254448890686
854,213.538818359375,MAGIC,MAGIC,Create one continuous five-second repair shot for the look-b.mp4,4.5,0.9902524352073669,MAGIC,Create one continuous five-second repair shot for the look-b.mp4,4.25,0.9894540905952454,MAGIC,Create one continuous five-second repair shot for the look-b.mp4,4.75,0.9894423484802246,MAGIC,Create one continuous five-second repair shot for the look-b.mp4,5.0,0.9883630275726318,MAGIC,Create one continuous five-second repair shot for the look-b.mp4,4.0,0.9873493909835815,0.33890336751937866,0.26291197538375854,0.382684588432312,0.4351498484611511,0.24980676174163818,0.9902524352073669
855,213.7888641357422,MAGIC,MAGIC,Create one continuous five-second repair shot for the look-b.mp4,4.75,0.9917387366294861,MAGIC,Create one continuous five-second repair shot for the look-b.mp4,5.0,0.9911141991615295,MAGIC,Create one continuous five-second repair shot for the look-b.mp4,4.5,0.9905096292495728,MAGIC,Create one continuous five-second repair shot for the look-b.mp4,4.25,0.9890392422676086,MAGIC,One continuous five-second invitation gesture from the suppl (1).mp4,0.0,0.9887261390686035,0.33986911177635193,0.2645213305950165,0.38260918855667114,0.4332868456840515,0.2529332935810089,0.9917387366294861
856,214.03890991210938,MAGIC,MAGIC,One continuous five-second invitation gesture from the suppl (1).mp4,0.0,0.9926134347915649,MAGIC,Create one continuous five-second repair bridge between the.mp4,0.0,0.9924838542938232,MAGIC,One continuous five-second invitation gesture from the suppl.mp4,0.0,0.992398738861084,MAGIC,Create one continuous five-second repair shot for the look-b.mp4,5.0,0.9916269779205322,MAGIC,Regenerate this exact five-second invitation_reaching shot w.mp4,0.0,0.9910393953323364,0.3409651219844818,0.28199490904808044,0.358856201171875,0.43395090103149414,0.25225481390953064,0.9926134347915649
857,214.28895568847656,MAGIC,MAGIC,One continuous five-second invitation gesture from the suppl (1).mp4,0.0,0.9919809699058533,MAGIC,Create one continuous five-second repair bridge between the.mp4,0.0,0.9918285608291626,MAGIC,One continuous five-second invitation gesture from the suppl.mp4,0.0,0.9917349219322205,MAGIC,Create one continuous five-second repair bridge between the.mp4,0.25,0.9916241765022278,MAGIC,Create one continuous five-second repair shot for the look-b.mp4,5.0,0.9912639856338501,0.34285277128219604,0.2836480438709259,0.3670581877231598,0.43458378314971924,0.25037479400634766,0.9919809699058533
858,214.53900146484375,MAGIC,MAGIC,Create one continuous five-second repair bridge between the.mp4,0.5,0.9919058680534363,MAGIC,Regenerate this exact five-second invitation_reaching shot w.mp4,0.5,0.9914579391479492,MAGIC,Create one continuous five-second repair bridge between the.mp4,0.25,0.9894434213638306,MAGIC,Regenerate this exact five-second invitation_reaching shot w.mp4,0.25,0.9886611700057983,MAGIC,Create one continuous five-second repair shot for the look-b.mp4,5.0,0.9870353937149048,0.34659135341644287,0.28126630187034607,0.3759271502494812,0.4363756775856018,0.2570333182811737,0.9919058680534363
859,214.78904724121094,MAGIC,MAGIC,Create one continuous five-second repair bridge between the.mp4,0.75,0.9924851059913635,MAGIC,Regenerate this exact five-second invitation_reaching shot w.mp4,0.75,0.9920865893363953,MAGIC,Regenerate this exact five-second invitation_reaching shot w.mp4,0.5,0.9732632637023926,MAGIC,Create one continuous five-second repair bridge between the.mp4,0.5,0.9729549884796143,MAGIC,One continuous five-second invitation gesture from the suppl.mp4,0.75,0.9639013409614563,0.33765164017677307,0.2898109555244446,0.3766319751739502,0.42667460441589355,0.2593032121658325,0.9924851059913635
860,215.03909301757812,MAGIC,MAGIC,Regenerate this exact five-second invitation_reaching shot w.mp4,1.0,0.9926743507385254,MAGIC,Create one continuous five-second repair bridge between the.mp4,1.0,0.9921959042549133,MAGIC,Create one continuous five-second repair bridge between the.mp4,0.75,0.9362968802452087,MAGIC,Regenerate this exact five-second invitation_reaching shot w.mp4,0.75,0.9349076747894287,MAGIC,Regenerate this exact five-second invitation_reaching shot w.mp4,0.5,0.9049449563026428,0.33176925778388977,0.3176122307777405,0.3582629859447479,0.3837607204914093,0.26836544275283813,0.9926743507385254
861,215.2891387939453,MAGIC,MAGIC,Create one continuous five-second repair bridge between the.mp4,1.25,0.9929491281509399,MAGIC,Regenerate this exact five-second invitation_reaching shot w.mp4,1.25,0.9926007986068726,MAGIC,Create one continuous five-second repair bridge between the.mp4,1.0,0.8968037366867065,MAGIC,Regenerate this exact five-second invitation_reaching shot w.mp4,1.0,0.8958865404129028,MAGIC,Create one continuous five-second repair bridge between the.mp4,1.5,0.854340672492981,0.32052239775657654,0.40220221877098083,0.3727378249168396,0.36876553297042847,0.3060762584209442,0.9929491281509399
862,215.5391845703125,MAGIC,MAGIC,Create one continuous five-second repair bridge between the.mp4,1.5,0.9909337162971497,MAGIC,Regenerate this exact five-second invitation_reaching shot w.mp4,1.5,0.9905484318733215,MAGIC,Create one continuous five-second repair bridge between the.mp4,1.25,0.8571507334709167,MAGIC,Regenerate this exact five-second invitation_reaching shot w.mp4,1.25,0.8551629781723022,MAGIC,Create one continuous five-second repair bridge between the.mp4,1.75,0.8091263771057129,0.2953735888004303,0.373287171125412,0.38337990641593933,0.3420153260231018,0.34332090616226196,0.9909337162971497
863,215.7892303466797,MAGIC,MAGIC,Create one continuous five-second repair bridge between the.mp4,1.75,0.9897154569625854,MAGIC,Regenerate this exact five-second invitation_reaching shot w.mp4,1.75,0.9887064695358276,MAGIC,Regenerate this exact five-second invitation_reaching shot w.mp4,2.0,0.8525787591934204,MAGIC,Create one continuous five-second repair bridge between the.mp4,2.0,0.8517935872077942,MAGIC,Create one continuous five-second repair bridge between the.mp4,1.5,0.81412672996521,0.2894420921802521,0.3474614918231964,0.3624110817909241,0.3759908676147461,0.2586202025413513,0.9897154569625854
864,216.03927612304688,MAGIC,MAGIC,Create one continuous five-second repair bridge between the.mp4,2.0,0.989893913269043,MAGIC,Regenerate this exact five-second invitation_reaching shot w.mp4,2.0,0.9895799160003662,MAGIC,Create one continuous five-second repair bridge between the.mp4,2.25,0.875542163848877,MAGIC,Regenerate this exact five-second invitation_reaching shot w.mp4,2.25,0.8730258345603943,MAGIC,Create one continuous five-second repair bridge between the.mp4,1.75,0.8638354539871216,0.29169613122940063,0.3670693635940552,0.3929230272769928,0.3940126597881317,0.22794929146766663,0.989893913269043
865,216.28932189941406,MAGIC,MAGIC,Create one continuous five-second repair bridge between the.mp4,2.25,0.9927232265472412,MAGIC,Regenerate this exact five-second invitation_reaching shot w.mp4,2.25,0.9918274879455566,MAGIC,Create one continuous five-second repair bridge between the.mp4,2.0,0.8816797733306885,MAGIC,Regenerate this exact five-second invitation_reaching shot w.mp4,2.0,0.8808556795120239,MAGIC,Create one continuous five-second repair bridge between the.mp4,2.5,0.859600305557251,0.24478968977928162,0.3687392473220825,0.3850991427898407,0.4376036822795868,0.23495478928089142,0.9927232265472412
866,216.53936767578125,MAGIC,MAGIC,Create one continuous five-second repair bridge between the.mp4,2.5,0.9924660921096802,MAGIC,Regenerate this exact five-second invitation_reaching shot w.mp4,2.5,0.9913411140441895,MAGIC,Regenerate this exact five-second invitation_reaching shot w.mp4,2.25,0.8627009391784668,MAGIC,Create one continuous five-second repair bridge between the.mp4,2.25,0.8623164296150208,MAGIC,Create one continuous five-second repair bridge between the.mp4,2.75,0.8400436639785767,0.3171904385089874,0.3418898582458496,0.36845600605010986,0.41416531801223755,0.2292514592409134,0.9924660921096802
867,216.78941345214844,MAGIC,MAGIC,Create one continuous five-second repair bridge between the.mp4,2.75,0.9930273294448853,MAGIC,Regenerate this exact five-second invitation_reaching shot w.mp4,2.75,0.9910528063774109,MAGIC,Create one continuous five-second repair bridge between the.mp4,3.0,0.8532792329788208,MAGIC,Regenerate this exact five-second invitation_reaching shot w.mp4,3.0,0.8502320051193237,MAGIC,Create one continuous five-second repair bridge between the.mp4,2.5,0.8459685444831848,0.3642451763153076,0.29777973890304565,0.3691808879375458,0.3224900960922241,0.2663559317588806,0.9930273294448853
868,217.03945922851562,MAGIC,MAGIC,Create one continuous five-second repair bridge between the.mp4,3.0,0.9931718111038208,MAGIC,Regenerate this exact five-second invitation_reaching shot w.mp4,3.0,0.9918853044509888,MAGIC,Create one continuous five-second repair bridge between the.mp4,3.25,0.8700383901596069,MAGIC,Regenerate this exact five-second invitation_reaching shot w.mp4,3.25,0.8686563968658447,MAGIC,Create one continuous five-second repair bridge between the.mp4,2.75,0.856935977935791,0.35555264353752136,0.3183916211128235,0.3760465383529663,0.3261359930038452,0.33791932463645935,0.9931718111038208
869,217.2895050048828,MAGIC,MAGIC,Create one continuous five-second repair bridge between the.mp4,3.25,0.9934031963348389,MAGIC,Regenerate this exact five-second invitation_reaching shot w.mp4,3.25,0.9925864934921265,MAGIC,Create one continuous five-second repair bridge between the.mp4,3.0,0.8812406063079834,MAGIC,Regenerate this exact five-second invitation_reaching shot w.mp4,3.0,0.8786768913269043,MAGIC,Create one continuous five-second repair bridge between the.mp4,3.5,0.8653574585914612,0.3357580304145813,0.3669092655181885,0.43441253900527954,0.3196588456630707,0.289124071598053,0.9934031963348389
870,217.53955078125,MAGIC,MAGIC,Create one continuous five-second repair bridge between the.mp4,3.5,0.992897629737854,MAGIC,Regenerate this exact five-second invitation_reaching shot w.mp4,3.5,0.991931140422821,MAGIC,Create one continuous five-second repair bridge between the.mp4,3.25,0.8829375505447388,MAGIC,Regenerate this exact five-second invitation_reaching shot w.mp4,3.25,0.8821696639060974,MAGIC,Create one continuous five-second repair bridge between the.mp4,3.75,0.8792194724082947,0.32751697301864624,0.39926663041114807,0.4953601360321045,0.3868939280509949,0.2841765582561493,0.992897629737854
871,217.7895965576172,MAGIC,MAGIC,Create one continuous five-second repair bridge between the.mp4,3.75,0.9922850728034973,MAGIC,Regenerate this exact five-second invitation_reaching shot w.mp4,3.75,0.9911661148071289,MAGIC,Create one continuous 4-second cinematic ending transition s.mp4,0.25,0.950930118560791,MAGIC,Create one continuous 4-second cinematic ending transition s.mp4,0.0,0.9435568451881409,MAGIC,Create one continuous 4-second cinematic ending transition s.mp4,0.5,0.9393481016159058,0.3382198214530945,0.3160543143749237,0.40591537952423096,0.40855446457862854,0.31408581137657166,0.9922850728034973
872,218.03964233398438,MAGIC,MAGIC,Create one continuous 4-second cinematic ending transition s.mp4,0.0,0.9968980550765991,MAGIC,Create one continuous five-second repair bridge between the.mp4,4.0,0.9911964535713196,MAGIC,Regenerate this exact five-second invitation_reaching shot w.mp4,4.0,0.9888516664505005,MAGIC,Create one continuous 4-second cinematic ending transition s.mp4,0.25,0.9816414713859558,MAGIC,Create one continuous 4-second cinematic ending transition s.mp4,0.5,0.9600103497505188,0.3445758819580078,0.2815023362636566,0.42677152156829834,0.38867706060409546,0.3418941795825958,0.9968980550765991
873,218.28968811035156,MAGIC,MAGIC,Create one continuous 4-second cinematic ending transition s.mp4,0.25,0.9941108822822571,MAGIC,Create one continuous 4-second cinematic ending transition s.mp4,0.0,0.973354160785675,MAGIC,Create one continuous 4-second cinematic ending transition s.mp4,0.5,0.9665915369987488,MAGIC,Create one continuous five-second repair bridge between the.mp4,4.0,0.9631528854370117,MAGIC,Regenerate this exact five-second invitation_reaching shot w.mp4,4.0,0.9626935720443726,0.3329203128814697,0.27577874064445496,0.407573938369751,0.3695805072784424,0.3283393383026123,0.9941108822822571
874,218.53973388671875,MAGIC,MAGIC,Create one continuous 4-second cinematic ending transition s.mp4,0.5,0.9923617243766785,MAGIC,Create one continuous 4-second cinematic ending transition s.mp4,0.25,0.9701919555664062,MAGIC,Create one continuous 4-second cinematic ending transition s.mp4,0.0,0.962915301322937,MAGIC,Create one continuous 4-second cinematic ending transition s.mp4,0.75,0.9584407210350037,MAGIC,Regenerate this exact five-second invitation_reaching shot w.mp4,4.0,0.9520823955535889,0.3283610939979553,0.2739855945110321,0.3970282971858978,0.38559046387672424,0.3277755081653595,0.9923617243766785
875,218.78977966308594,MAGIC,MAGIC,Create one continuous 4-second cinematic ending transition s.mp4,0.75,0.9931602478027344,MAGIC,Create one continuous 4-second cinematic ending transition s.mp4,0.25,0.9556057453155518,MAGIC,Create one continuous 4-second cinematic ending transition s.mp4,0.0,0.9531174898147583,MAGIC,Create one continuous 4-second cinematic ending transition s.mp4,0.5,0.9527891874313354,MAGIC,Create one continuous 4-second cinematic ending transition s.mp4,1.0,0.9460620284080505,0.3500947654247284,0.29491299390792847,0.4063774645328522,0.4078340232372284,0.36264514923095703,0.9931602478027344
876,219.03982543945312,MAGIC,MAGIC,Create one continuous 4-second cinematic ending transition s.mp4,1.0,0.9920103549957275,MAGIC,Create one continuous 4-second cinematic ending transition s.mp4,0.75,0.9499286413192749,MAGIC,Create one continuous 4-second cinematic ending transition s.mp4,1.25,0.9461816549301147,MAGIC,Create one continuous 4-second cinematic ending transition s.mp4,0.25,0.9171280860900879,MAGIC,Create one continuous 4-second cinematic ending transition s.mp4,0.5,0.9167718887329102,0.39748674631118774,0.33715033531188965,0.412820041179657,0.393830269575119,0.3752540946006775,0.9920103549957275
877,219.2898712158203,MAGIC,MAGIC,Create one continuous 4-second cinematic ending transition s.mp4,1.25,0.9906389117240906,MAGIC,Create one continuous 4-second cinematic ending transition s.mp4,1.0,0.9426944255828857,MAGIC,Create one continuous 4-second cinematic ending transition s.mp4,1.5,0.9367361068725586,MAGIC,Create one continuous 4-second cinematic ending transition s.mp4,0.75,0.8942275047302246,MAGIC,Create one continuous 4-second cinematic ending transition s.mp4,0.5,0.8504388332366943,0.44381940364837646,0.338281512260437,0.38145846128463745,0.401448130607605,0.393727570772171,0.9906389117240906
878,219.5399169921875,MAGIC,MAGIC,Create one continuous 4-second cinematic ending transition s.mp4,1.5,0.9833258390426636,MAGIC,Create one continuous 4-second cinematic ending transition s.mp4,1.25,0.9218143224716187,MAGIC,Create one continuous 4-second cinematic ending transition s.mp4,1.0,0.8706229329109192,MAGIC,Create one continuous 4-second cinematic ending transition s.mp4,1.75,0.8331650495529175,MAGIC,Create one continuous 4-second cinematic ending transition s.mp4,0.75,0.8071300983428955,0.4391164779663086,0.3547821044921875,0.36953461170196533,0.3873666524887085,0.38945168256759644,0.9833258390426636
879,219.7899627685547,MAGIC,MAGIC,Create one continuous 4-second cinematic ending transition s.mp4,1.75,0.8556437492370605,MAGIC,Create one continuous 4-second cinematic ending transition s.mp4,1.5,0.8496912717819214,MAGIC,Create one continuous 4-second cinematic ending transition s.mp4,1.25,0.7981365323066711,MAGIC,Create one continuous 4-second cinematic ending transition s.mp4,1.0,0.7476102113723755,MAGIC,Create one continuous 4-second cinematic ending transition s.mp4,2.0,0.7310070395469666,0.4269278347492218,0.3532140254974365,0.3466694951057434,0.4024771749973297,0.37481120228767395,0.8556437492370605
880,220.04000854492188,MAGIC,MAGIC,Create one continuous 4-second cinematic ending transition s.mp4,2.0,0.8872141242027283,MAGIC,Create one continuous 4-second cinematic ending transition s.mp4,1.5,0.7512027025222778,MAGIC,Create one continuous 4-second cinematic ending transition s.mp4,1.75,0.7400431632995605,MAGIC,Create one continuous 4-second cinematic ending transition s.mp4,1.25,0.7081310749053955,MAGIC,Create one continuous 4-second cinematic ending transition s.mp4,1.0,0.6462436318397522,0.32714545726776123,0.30144497752189636,0.2516273558139801,0.33204343914985657,0.31925010681152344,0.8872141242027283
881,220.29005432128906,MAGIC,MAGIC,Create one continuous 4-second cinematic ending transition s.mp4,2.25,0.7782222032546997,MAGIC,Create one continuous 4-second cinematic ending transition s.mp4,1.5,0.5848610401153564,MAGIC,Create one continuous 4-second cinematic ending transition s.mp4,1.75,0.5458698272705078,MAGIC,Create one continuous 4-second cinematic ending transition s.mp4,1.25,0.5271186828613281,MAGIC,Create one continuous 4-second cinematic ending transition s.mp4,2.0,0.522091805934906,0.24025467038154602,0.3589324355125427,0.2844289243221283,0.3195427656173706,0.2957116961479187,0.7782222032546997
882,220.54010009765625,MAGIC,MAGIC,Create one continuous 4-second cinematic ending transition s.mp4,2.5,0.7468240261077881,MAGIC,Create one continuous 4-second cinematic ending transition s.mp4,1.5,0.5676458477973938,MAGIC,Create one continuous 4-second cinematic ending transition s.mp4,1.75,0.5268272161483765,MAGIC,Create one continuous 4-second cinematic ending transition s.mp4,1.25,0.5141139030456543,MAGIC,Create one continuous 4-second cinematic ending transition s.mp4,2.25,0.5038356781005859,0.2553883194923401,0.379353404045105,0.27086716890335083,0.30558475852012634,0.22335349023342133,0.7468240261077881
883,220.79014587402344,MAGIC,MAGIC,Create one continuous 4-second cinematic ending transition s.mp4,2.75,0.7297060489654541,MAGIC,Create one continuous 4-second cinematic ending transition s.mp4,0.75,0.65223628282547,MAGIC,Create one continuous 4-second cinematic ending transition s.mp4,0.25,0.645279049873352,MAGIC,Create one continuous 4-second cinematic ending transition s.mp4,1.0,0.6437242031097412,MAGIC,Create one continuous 4-second cinematic ending transition s.mp4,1.25,0.6376258730888367,0.2262216955423355,0.3020486831665039,0.34620237350463867,0.32765746116638184,0.27246782183647156,0.7297060489654541
884,221.04019165039062,MAGIC,SAKURI,SAKURI_NO_NAMEPLATE_SAFE_MASTER_1080P48.mp4,15.0,0.3388459086418152,SETSUKA,Create a seamless transition from the supplied snowy palace.mp4,2.0,0.32826852798461914,SETSUKA,Create a seamless transition from the supplied snowy palace.mp4,2.25,0.3000951111316681,SAKURI,SAKURI_NO_NAMEPLATE_SAFE_MASTER_1080P48.mp4,24.75,0.2903887629508972,SAKURI,Create a single continuous four-second cinematic bridge from.mp4,2.25,0.28461316227912903,0.25138527154922485,0.3388459086418152,0.2229841947555542,0.1648613065481186,0.32826852798461914,0.26065582036972046
885,221.2902374267578,MAGIC,MAGIC,Create one continuous 4-second cinematic ending transition s.mp4,3.25,0.6975321173667908,SAKURI,SAKURI_NO_NAMEPLATE_SAFE_MASTER_1080P48.mp4,25.75,0.2875591218471527,SAKURI,Single continuous 4-second closing take_ Begin exactly at th.mp4,2.0,0.285860151052475,SAKURI,SAKURI_NO_NAMEPLATE_SAFE_MASTER_1080P48.mp4,25.5,0.2809913158416748,MAGIC,Create one continuous five-second repair bridge between the.mp4,2.5,0.27348458766937256,0.17568272352218628,0.2875591218471527,0.23176968097686768,0.21333399415016174,0.19937700033187866,0.6975321173667908
886,221.540283203125,MAGIC,MAGIC,Create one continuous 4-second cinematic ending transition s.mp4,3.5,0.7287888526916504,MAGIC,Create one continuous 4-second cinematic ending transition s.mp4,4.0,0.7098533511161804,MAGIC,Create one continuous 4-second cinematic ending transition s.mp4,3.75,0.707535982131958,MAGIC,One continuous five-second invitation gesture from the suppl.mp4,3.5,0.29294878244400024,MAGIC,One continuous five-second invitation gesture from the suppl.mp4,2.25,0.290412575006485,0.13567951321601868,0.2716764807701111,0.2870514988899231,0.22404581308364868,0.24355696141719818,0.7287888526916504
887,221.7903289794922,MAGIC,MAGIC,Create one continuous 4-second cinematic ending transition s.mp4,3.75,0.8328585624694824,MAGIC,Create one continuous 4-second cinematic ending transition s.mp4,4.0,0.8326553106307983,MAGIC,Create one continuous 4-second cinematic ending transition s.mp4,3.5,0.5192830562591553,MAGIC,Create one continuous five-second repair bridge for the midd.mp4,1.5,0.3416896462440491,MAGIC,Create one continuous five-second repair bridge for the midd.mp4,1.25,0.3414856195449829,0.1855529546737671,0.2151023894548416,0.281816691160202,0.2650088667869568,0.2885094881057739,0.8328585624694824
888,222.04037475585938,POST,MOMIJI,E _ one continuous four-second closing take from the exact s.mp4,2.0,0.2418222874403,MOMIJI,E _ one continuous four-second closing take from the exact s.mp4,1.5,0.22347736358642578,MOMIJI,Repair only the causal arm-to-sleeve pose at this anchor fra.mp4,3.25,0.17078252136707306,MOMIJI,Repair only the sleeve-sweep physics in this exact shot. At_.mp4,3.25,0.15929897129535675,SAKURI,Create one continuous cinematic transition shot connecting t.mp4,1.75,0.14887699484825134,0.08822451531887054,0.14887699484825134,0.10458250343799591,0.2418222874403,0.14272481203079224,0.1195574477314949
889,222.29042053222656,POST,MOMIJI,Repair only the sleeve-sweep physics in this exact shot. At_.mp4,3.0,0.2738688290119171,MAGIC,Create one continuous five-second repair bridge for the midd.mp4,3.75,0.23402802646160126,MOMIJI,Repair only the causal arm-to-sleeve pose at this anchor fra.mp4,3.0,0.22609911859035492,MOMIJI,END E _ one continuous four-second closing transition from t.mp4,1.0,0.22300966084003448,MAGIC,Create one continuous five-second repair bridge for the midd.mp4,4.0,0.21280203759670258,0.09000454843044281,0.21149447560310364,0.20753920078277588,0.2738688290119171,0.1262911856174469,0.23402802646160126
890,222.54046630859375,POST,MAGIC,Create one continuous five-second replacement bridge ONLY fo.mp4,2.75,0.37882572412490845,MAGIC,Create one continuous five-second replacement bridge ONLY fo.mp4,2.5,0.37311115860939026,MAGIC,Create one continuous five-second replacement bridge ONLY fo.mp4,3.0,0.35559049248695374,MAGIC,Create one continuous five-second replacement bridge ONLY fo.mp4,2.25,0.32428014278411865,MAGIC,Create one continuous five-second replacement bridge ONLY fo.mp4,3.25,0.3072052597999573,0.17225506901741028,0.1810111105442047,0.2862638533115387,0.2972327470779419,0.2858181595802307,0.37882572412490845
891,222.79051208496094,POST,MAGIC,Create one continuous five-second replacement bridge ONLY fo.mp4,2.75,0.3645913004875183,MAGIC,Create one continuous five-second replacement bridge ONLY fo.mp4,2.5,0.35998570919036865,MAGIC,Create one continuous five-second replacement bridge ONLY fo.mp4,3.0,0.3415684401988983,MAGIC,Create one continuous five-second replacement bridge ONLY fo.mp4,2.25,0.315155029296875,MOMIJI,E _ one continuous four-second closing take from the exact s.mp4,1.25,0.30124160647392273,0.15649263560771942,0.1881258338689804,0.27223318815231323,0.30124160647392273,0.26702505350112915,0.3645913004875183
892,223.04055786132812,POST,MAGIC,Create one continuous five-second replacement bridge ONLY fo.mp4,2.5,0.39837124943733215,MAGIC,Create one continuous five-second replacement bridge ONLY fo.mp4,2.75,0.38076046109199524,MAGIC,Create one continuous five-second replacement bridge ONLY fo.mp4,2.25,0.37576425075531006,MAGIC,Create one continuous five-second repair bridge for the midd.mp4,2.0,0.3655050992965698,MAGIC,Create one continuous five-second repair bridge for the midd.mp4,1.75,0.3497384786605835,0.29233986139297485,0.2649451196193695,0.3373631536960602,0.290129154920578,0.3414889872074127,0.39837124943733215
893,223.2906036376953,POST,MAGIC,One continuous five-second invitation gesture from the suppl.mp4,2.0,0.4021552503108978,MAGIC,Create one continuous five-second repair bridge for the midd.mp4,2.0,0.40118327736854553,MAGIC,One continuous five-second invitation gesture from the suppl.mp4,1.75,0.39954474568367004,MOMIJI,"Repair only the smoking gesture. At the anchor frame, move t.mp4",3.25,0.38687753677368164,MAGIC,One continuous five-second invitation gesture from the suppl.mp4,2.25,0.386013388633728,0.371395468711853,0.28757768869400024,0.34193140268325806,0.38687753677368164,0.34588754177093506,0.4021552503108978
894,223.5406494140625,POST,MAGIC,One continuous five-second invitation gesture from the suppl.mp4,2.0,0.4043508768081665,MAGIC,One continuous five-second invitation gesture from the suppl.mp4,1.75,0.39957988262176514,MAGIC,Create one continuous five-second repair bridge for the midd.mp4,2.0,0.3970333933830261,MOMIJI,"Repair only the smoking gesture. At the anchor frame, move t.mp4",3.25,0.3913189172744751,MOMIJI,C2 _ one continuous four-second intimate take from the exact.mp4,4.0,0.38865798711776733,0.3761926293373108,0.2958413064479828,0.3491019904613495,0.3913189172744751,0.3620761036872864,0.4043508768081665
895,223.7906951904297,POST,MAGIC,One continuous five-second invitation gesture from the suppl.mp4,2.0,0.40523189306259155,MAGIC,One continuous five-second invitation gesture from the suppl.mp4,1.75,0.4007457494735718,MAGIC,Create one continuous five-second repair bridge for the midd.mp4,2.0,0.3970390856266022,MOMIJI,"Repair only the smoking gesture. At the anchor frame, move t.mp4",3.25,0.3927463889122009,MOMIJI,C2 _ one continuous four-second intimate take from the exact.mp4,4.0,0.3899780511856079,0.3781178593635559,0.29632872343063354,0.3513905704021454,0.3927463889122009,0.3643149733543396,0.40523189306259155
896,224.04074096679688,POST,MAGIC,One continuous five-second invitation gesture from the suppl.mp4,2.0,0.405194491147995,MAGIC,One continuous five-second invitation gesture from the suppl.mp4,1.75,0.4007788300514221,MAGIC,Create one continuous five-second repair bridge for the midd.mp4,2.0,0.3978581428527832,MOMIJI,"Repair only the smoking gesture. At the anchor frame, move t.mp4",3.25,0.3929426670074463,MOMIJI,C2 _ one continuous four-second intimate take from the exact.mp4,4.0,0.3909403085708618,0.37920111417770386,0.2956236004829407,0.3526396155357361,0.3929426670074463,0.3623538017272949,0.405194491147995
897,224.29078674316406,POST,MAGIC,One continuous five-second invitation gesture from the suppl.mp4,2.0,0.40498867630958557,MAGIC,One continuous five-second invitation gesture from the suppl.mp4,1.75,0.40057122707366943,MAGIC,Create one continuous five-second repair bridge for the midd.mp4,2.0,0.3974754512310028,MOMIJI,"Repair only the smoking gesture. At the anchor frame, move t.mp4",3.25,0.3927760720252991,MOMIJI,C2 _ one continuous four-second intimate take from the exact.mp4,4.0,0.39072802662849426,0.3793666362762451,0.29535484313964844,0.35281091928482056,0.3927760720252991,0.3625653088092804,0.40498867630958557
898,224.54083251953125,POST,MAGIC,One continuous five-second invitation gesture from the suppl.mp4,1.75,0.4308358132839203,MOMIJI,"Repair only the smoking gesture. At the anchor frame, move t.mp4",3.25,0.4018050730228424,MOMIJI,C2 _ one continuous four-second intimate take from the exact.mp4,4.0,0.40100663900375366,MAGIC,One continuous five-second invitation gesture from the suppl.mp4,1.5,0.39991050958633423,MOMIJI,"Repair only the smoking gesture. At the anchor frame, move t.mp4",3.0,0.3987696170806885,0.36665913462638855,0.3028360605239868,0.2958828806877136,0.4018050730228424,0.31865572929382324,0.4308358132839203
899,224.79087829589844,POST,MAGIC,One continuous five-second invitation gesture from the suppl.mp4,2.0,0.397166907787323,MAGIC,Create one continuous five-second replacement bridge ONLY fo.mp4,2.25,0.3906939625740051,MAGIC,One continuous five-second invitation gesture from the suppl.mp4,1.75,0.3884737491607666,MAGIC,Create one continuous five-second replacement bridge ONLY fo.mp4,2.5,0.3856985569000244,MAGIC,One continuous five-second invitation gesture from the suppl.mp4,2.25,0.38426005840301514,0.38091832399368286,0.2944425344467163,0.3279001712799072,0.3825557827949524,0.34130069613456726,0.397166907787323
900,225.04092407226562,POST,MAGIC,One continuous five-second invitation gesture from the suppl.mp4,2.0,0.40486711263656616,MAGIC,One continuous five-second invitation gesture from the suppl.mp4,1.75,0.4006533622741699,MAGIC,Create one continuous five-second repair bridge for the midd.mp4,2.0,0.39701154828071594,MOMIJI,"Repair only the smoking gesture. At the anchor frame, move t.mp4",3.25,0.39437276124954224,MOMIJI,C2 _ one continuous four-second intimate take from the exact.mp4,4.0,0.3923758268356323,0.3805805444717407,0.29628968238830566,0.35261839628219604,0.39437276124954224,0.3631523549556732,0.40486711263656616
901,225.29095458984375,POST,MAGIC,One continuous five-second invitation gesture from the suppl.mp4,2.0,0.40511929988861084,MAGIC,One continuous five-second invitation gesture from the suppl.mp4,1.75,0.4008527398109436,MAGIC,Create one continuous five-second repair bridge for the midd.mp4,2.0,0.39665472507476807,MOMIJI,"Repair only the smoking gesture. At the anchor frame, move t.mp4",3.25,0.39445582032203674,MOMIJI,C2 _ one continuous four-second intimate take from the exact.mp4,4.0,0.3925156593322754,0.3809082508087158,0.29626041650772095,0.3521895110607147,0.39445582032203674,0.3639901280403137,0.40511929988861084
902,225.54100036621094,POST,MAGIC,One continuous five-second invitation gesture from the suppl.mp4,2.0,0.4052620232105255,MAGIC,One continuous five-second invitation gesture from the suppl.mp4,1.75,0.4009324014186859,MAGIC,Create one continuous five-second repair bridge for the midd.mp4,2.0,0.3963789939880371,MOMIJI,"Repair only the smoking gesture. At the anchor frame, move t.mp4",3.25,0.394508957862854,MOMIJI,C2 _ one continuous four-second intimate take from the exact.mp4,4.0,0.3926845192909241,0.3807032108306885,0.29608482122421265,0.35232335329055786,0.394508957862854,0.3645058870315552,0.4052620232105255
903,225.79104614257812,POST,MAGIC,One continuous five-second invitation gesture from the suppl.mp4,2.0,0.4066201150417328,MAGIC,One continuous five-second invitation gesture from the suppl.mp4,1.75,0.40207409858703613,MAGIC,Create one continuous five-second repair bridge for the midd.mp4,2.0,0.3969857692718506,MOMIJI,"Repair only the smoking gesture. At the anchor frame, move t.mp4",3.25,0.39539870619773865,MOMIJI,C2 _ one continuous four-second intimate take from the exact.mp4,4.0,0.3935180604457855,0.3811788856983185,0.29606544971466064,0.3538109064102173,0.39539870619773865,0.36552226543426514,0.4066201150417328
904,226.0410919189453,POST,MAGIC,One continuous five-second invitation gesture from the suppl.mp4,2.0,0.40718066692352295,MAGIC,One continuous five-second invitation gesture from the suppl.mp4,1.75,0.40262341499328613,MAGIC,Create one continuous five-second repair bridge for the midd.mp4,2.0,0.39769095182418823,MOMIJI,"Repair only the smoking gesture. At the anchor frame, move t.mp4",3.25,0.39753514528274536,MOMIJI,C2 _ one continuous four-second intimate take from the exact.mp4,4.0,0.3958582282066345,0.38217681646347046,0.29698026180267334,0.3547585904598236,0.39753514528274536,0.36392033100128174,0.40718066692352295
905,226.2911376953125,POST,MAGIC,One continuous five-second invitation gesture from the suppl.mp4,2.0,0.40594473481178284,MAGIC,One continuous five-second invitation gesture from the suppl.mp4,1.75,0.40167036652565,MAGIC,Create one continuous five-second repair bridge for the midd.mp4,2.0,0.39660486578941345,MOMIJI,"Repair only the smoking gesture. At the anchor frame, move t.mp4",3.25,0.3958737552165985,MOMIJI,C2 _ one continuous four-second intimate take from the exact.mp4,4.0,0.39412614703178406,0.38143402338027954,0.2964354157447815,0.353107213973999,0.3958737552165985,0.3632912337779999,0.40594473481178284
906,226.5411834716797,POST,MAGIC,One continuous five-second invitation gesture from the suppl.mp4,2.0,0.4049344062805176,MAGIC,One continuous five-second invitation gesture from the suppl.mp4,1.75,0.40065956115722656,MAGIC,Create one continuous five-second repair bridge for the midd.mp4,2.0,0.3956802189350128,MOMIJI,"Repair only the smoking gesture. At the anchor frame, move t.mp4",3.25,0.39449697732925415,MOMIJI,C2 _ one continuous four-second intimate take from the exact.mp4,4.0,0.3927479088306427,0.38106220960617065,0.2954598367214203,0.35225629806518555,0.39449697732925415,0.36292508244514465,0.4049344062805176
907,226.79122924804688,POST,MAGIC,One continuous five-second invitation gesture from the suppl.mp4,2.0,0.407152384519577,MAGIC,One continuous five-second invitation gesture from the suppl.mp4,1.75,0.40271085500717163,MAGIC,Create one continuous five-second repair bridge for the midd.mp4,2.0,0.3983665108680725,MOMIJI,"Repair only the smoking gesture. At the anchor frame, move t.mp4",3.25,0.39638954401016235,MOMIJI,C2 _ one continuous four-second intimate take from the exact.mp4,4.0,0.3945574462413788,0.3832686245441437,0.29687267541885376,0.35507282614707947,0.39638954401016235,0.36392247676849365,0.407152384519577
908,227.04127502441406,POST,MAGIC,One continuous five-second invitation gesture from the suppl.mp4,2.0,0.4068737030029297,MAGIC,One continuous five-second invitation gesture from the suppl.mp4,1.75,0.40235599875450134,MAGIC,Create one continuous five-second repair bridge for the midd.mp4,2.0,0.3979870676994324,MOMIJI,"Repair only the smoking gesture. At the anchor frame, move t.mp4",3.25,0.3953554034233093,MOMIJI,C2 _ one continuous four-second intimate take from the exact.mp4,4.0,0.3935944139957428,0.3828281760215759,0.29641208052635193,0.3545765280723572,0.3953554034233093,0.3639616072177887,0.4068737030029297
909,227.29132080078125,POST,MAGIC,One continuous five-second invitation gesture from the suppl.mp4,2.0,0.4073563516139984,MAGIC,One continuous five-second invitation gesture from the suppl.mp4,1.75,0.4027911424636841,MAGIC,Create one continuous five-second repair bridge for the midd.mp4,2.0,0.39858707785606384,MOMIJI,"Repair only the smoking gesture. At the anchor frame, move t.mp4",3.25,0.39579954743385315,MOMIJI,C2 _ one continuous four-second intimate take from the exact.mp4,4.0,0.3939972221851349,0.3832048773765564,0.29704272747039795,0.3552633821964264,0.39579954743385315,0.36435380578041077,0.4073563516139984
910,227.54136657714844,POST,MAGIC,One continuous five-second invitation gesture from the suppl.mp4,2.0,0.4050765335559845,MAGIC,One continuous five-second invitation gesture from the suppl.mp4,1.75,0.40071457624435425,MAGIC,Create one continuous five-second repair bridge for the midd.mp4,2.0,0.39746344089508057,MOMIJI,"Repair only the smoking gesture. At the anchor frame, move t.mp4",3.25,0.3918280601501465,MOMIJI,C2 _ one continuous four-second intimate take from the exact.mp4,4.0,0.3894822597503662,0.3761139512062073,0.29428762197494507,0.3532589077949524,0.3918280601501465,0.3587825298309326,0.4050765335559845
911,227.79141235351562,POST,MAGIC,One continuous five-second invitation gesture from the suppl.mp4,2.0,0.40416067838668823,MAGIC,One continuous five-second invitation gesture from the suppl.mp4,1.75,0.39954906702041626,MAGIC,Create one continuous five-second repair bridge for the midd.mp4,2.0,0.39689692854881287,MOMIJI,"Repair only the smoking gesture. At the anchor frame, move t.mp4",3.25,0.38737791776657104,MAGIC,One continuous five-second invitation gesture from the suppl.mp4,2.25,0.387216180562973,0.36726808547973633,0.2896929085254669,0.35522282123565674,0.38737791776657104,0.35190626978874207,0.40416067838668823
912,228.0414581298828,POST,MAGIC,One continuous five-second invitation gesture from the suppl.mp4,2.0,0.3914269208908081,MAGIC,One continuous five-second invitation gesture from the suppl.mp4,1.75,0.3874044120311737,MAGIC,Create one continuous five-second repair bridge for the midd.mp4,2.0,0.3843485414981842,MAGIC,One continuous five-second invitation gesture from the suppl.mp4,2.25,0.3736780881881714,MOMIJI,"Repair only the smoking gesture. At the anchor frame, move t.mp4",3.25,0.37246978282928467,0.3538118600845337,0.27884548902511597,0.3455694913864136,0.37246978282928467,0.34107527136802673,0.3914269208908081
913,228.29150390625,POST,MAGIC,One continuous five-second invitation gesture from the suppl.mp4,2.0,0.3884304165840149,MAGIC,One continuous five-second invitation gesture from the suppl.mp4,1.75,0.38433384895324707,MAGIC,Create one continuous five-second repair bridge for the midd.mp4,2.0,0.374967098236084,MAGIC,One continuous five-second invitation gesture from the suppl.mp4,2.25,0.3686726987361908,MAGIC,Create one continuous five-second replacement bridge ONLY fo.mp4,2.5,0.3675774037837982,0.3431171774864197,0.2661644220352173,0.35651636123657227,0.3593090772628784,0.34163743257522583,0.3884304165840149
914,228.5415496826172,POST,MAGIC,One continuous five-second invitation gesture from the suppl.mp4,2.0,0.36652547121047974,MAGIC,One continuous five-second invitation gesture from the suppl.mp4,1.75,0.3604123294353485,MAGIC,Create one continuous five-second replacement bridge ONLY fo.mp4,2.5,0.3577836751937866,MAGIC,Create one continuous five-second replacement bridge ONLY fo.mp4,2.25,0.35144633054733276,MAGIC,One continuous five-second invitation gesture from the suppl.mp4,1.5,0.35044729709625244,0.31636151671409607,0.2552587389945984,0.34278056025505066,0.3342958092689514,0.328460693359375,0.36652547121047974
915,228.79159545898438,POST,MOMIJI,E _ one continuous four-second closing take from the exact s.mp4,2.0,0.24917364120483398,MOMIJI,E _ one continuous four-second closing take from the exact s.mp4,1.5,0.22911345958709717,MOMIJI,Repair only the causal arm-to-sleeve pose at this anchor fra.mp4,3.25,0.17948147654533386,MOMIJI,Repair only the sleeve-sweep physics in this exact shot. At_.mp4,3.25,0.16936838626861572,MOMIJI,E _ one continuous four-second closing take from the exact s.mp4,1.25,0.1524343639612198,0.09470591694116592,0.1510465443134308,0.11258842796087265,0.24917364120483398,0.142311230301857,0.12369958311319351
916,229.04164123535156,POST,MOMIJI,E _ one continuous four-second closing take from the exact s.mp4,2.0,0.24854223430156708,MOMIJI,E _ one continuous four-second closing take from the exact s.mp4,1.5,0.22863079607486725,MOMIJI,Repair only the causal arm-to-sleeve pose at this anchor fra.mp4,3.25,0.1787462830543518,MOMIJI,Repair only the sleeve-sweep physics in this exact shot. At_.mp4,3.25,0.16852010786533356,MOMIJI,E _ one continuous four-second closing take from the exact s.mp4,1.25,0.15173432230949402,0.09418099373579025,0.15086312592029572,0.11220680922269821,0.24854223430156708,0.1423526406288147,0.1234179139137268
